email,veracidade,email_length,local_length,has_number,num_dots,num_unders,num_hyph,unique_ratio,alpha_ratio,digit_ratio,domain,domain_popular,domain_suspicious
gustavo@yaho.com,1,16,7,0,0,0,0,1.0,1.0,0.0,yaho.com,0,1
nicolas-assis.jr@outlok.com,0,27,16,0,1,0,1,0.688,0.875,0.0,outlok.com,0,1
aline@yopmail.com,0,17,5,0,0,0,0,1.0,1.0,0.0,yopmail.com,0,1
debora717@protonmail.com,1,24,9,1,0,0,0,0.889,0.667,0.333,protonmail.com,1,0
gustavo_antunes@protonmail.com,1,30,15,0,0,1,0,0.667,0.933,0.0,protonmail.com,1,0
mateus@yopmail.com,1,18,6,0,0,0,0,1.0,1.0,0.0,yopmail.com,0,1
rodrigo66@outlook.com,1,21,9,1,0,0,0,0.667,0.778,0.222,outlook.com,1,0
2802847@mailtemp.org,0,20,7,1,0,0,0,0.714,0.0,1.0,mailtemp.org,0,1
96027640316@mailcatch.com,0,25,11,1,0,0,0,0.727,0.0,1.0,mailcatch.com,0,1
giorgia-nascimento@gmx.com,1,26,18,0,0,0,1,0.667,0.944,0.0,gmx.com,0,1
gustavo-freitas@mailme.one,1,26,15,0,0,0,1,0.8,0.933,0.0,mailme.one,0,1
clara@outlook.com,1,17,5,0,0,0,0,0.8,1.0,0.0,outlook.com,1,0
paulao_souza@gmail.co,0,21,12,0,0,1,0,0.667,0.917,0.0,gmail.co,0,1
68464324277@trashmail.com,0,25,11,1,0,0,0,0.545,0.0,1.0,trashmail.com,0,1
bruno.pires@gmx.com,1,19,11,0,1,0,0,0.909,0.909,0.0,gmx.com,0,1
camila-antunes@gmx.com,1,22,14,0,0,0,1,0.786,0.929,0.0,gmx.com,0,1
9mbymb.dj-.st@tempmail.com,0,26,13,1,2,0,1,0.769,0.692,0.077,tempmail.com,0,1
gabriel-carvalho@yaho.com,1,25,16,0,0,0,1,0.75,0.938,0.0,yaho.com,0,1
aline-leite@fake-mail.net,1,25,11,0,0,0,1,0.636,0.909,0.0,fake-mail.net,0,1
vitoria@spammail.net,0,20,7,0,0,0,0,0.857,1.0,0.0,spammail.net,0,1
henrique.vieira@yopmail.com,0,27,15,0,1,0,0,0.667,0.933,0.0,yopmail.com,0,1
rafael78@tempmail.com,1,21,8,1,0,0,0,0.875,0.75,0.25,tempmail.com,0,1
roberto92@outlook.co,1,20,9,1,0,0,0,0.778,0.778,0.222,outlook.co,0,1
rmendes@gmx.com,0,15,7,0,0,0,0,0.857,1.0,0.0,gmx.com,0,1
beatriz-moura@aol.com,1,21,13,0,0,0,1,0.846,0.923,0.0,aol.com,1,0
marcos@hotmail.com,1,18,6,0,0,0,0,1.0,1.0,0.0,hotmail.com,1,0
beatriz3@outlook.com,1,20,8,1,0,0,0,1.0,0.875,0.125,outlook.com,1,0
contact1164@mailme.one,0,22,11,1,0,0,0,0.727,0.636,0.364,mailme.one,0,1
isabela@outlok.com,1,18,7,0,0,0,0,0.857,1.0,0.0,outlok.com,0,1
henrique.vieira@hotmial.com,1,27,15,0,1,0,0,0.667,0.933,0.0,hotmial.com,0,1
henrique52@mailcatch.com,0,24,10,1,0,0,0,0.9,0.8,0.2,mailcatch.com,0,1
90310@randommail.xyz,0,20,5,1,0,0,0,0.8,0.0,1.0,randommail.xyz,0,1
aline_mendes@outlook.com,1,24,12,0,0,1,0,0.75,0.917,0.0,outlook.com,1,0
vitoria_borges.jr@hotmail.com,1,29,17,0,1,1,0,0.765,0.882,0.0,hotmail.com,1,0
ana@mailnow.org,0,15,3,0,0,0,0,0.667,1.0,0.0,mailnow.org,0,1
fnascimento@protonmail.com,1,26,11,0,0,0,0,0.909,1.0,0.0,protonmail.com,1,0
fernando49@gmail.com,1,20,10,1,0,0,0,0.9,0.8,0.2,gmail.com,1,0
mariana-pires@hotmial.com,0,25,13,0,0,0,1,0.692,0.923,0.0,hotmial.com,0,1
marcos68@outlook.co,1,19,8,1,0,0,0,1.0,0.75,0.25,outlook.co,0,1
bruno@live.com,1,14,5,0,0,0,0,1.0,1.0,0.0,live.com,1,0
carlos_nascimento.x@aol.com,1,27,19,0,1,1,0,0.737,0.895,0.0,aol.com,1,0
57309241821@spammail.net,0,24,11,1,0,0,0,0.818,0.0,1.0,spammail.net,0,1
lucas_barros@yopmail.com,0,24,12,0,0,1,0,0.75,0.917,0.0,yopmail.com,0,1
453976957@mailme.one,0,20,9,1,0,0,0,0.667,0.0,1.0,mailme.one,0,1
luana.moreira@randommail.xyz,0,28,13,0,1,0,0,0.769,0.923,0.0,randommail.xyz,0,1
carlos.rodrigues@yahoo.com,1,26,16,0,1,0,0,0.75,0.938,0.0,yahoo.com,1,0
abc599@tempmail.com,0,19,6,1,0,0,0,0.833,0.5,0.5,tempmail.com,0,1
3642858@trashmail.com,0,21,7,1,0,0,0,0.857,0.0,1.0,trashmail.com,0,1
464065681815@spammail.net,0,25,12,1,0,0,0,0.5,0.0,1.0,spammail.net,0,1
4185913217@randommail.xyz,0,25,10,1,0,0,0,0.8,0.0,1.0,randommail.xyz,0,1
aline.araujo@live.com,1,21,12,0,1,0,0,0.833,0.917,0.0,live.com,1,0
marcos.nascimento@bol.com.br,1,28,17,0,1,0,0,0.647,0.941,0.0,bol.com.br,1,0
antonio.mendes@live.com,1,23,14,0,1,0,0,0.714,0.929,0.0,live.com,1,0
aline_assis@outlook.co,1,22,11,0,0,1,0,0.636,0.909,0.0,outlook.co,0,1
gabriel.mendes@outlok.com,0,25,14,0,1,0,0,0.857,0.929,0.0,outlok.com,0,1
roberto.santos@aol.com,1,22,14,0,1,0,0,0.643,0.929,0.0,aol.com,1,0
cassis@yaho.com,0,15,6,0,0,0,0,0.667,1.0,0.0,yaho.com,0,1
9151843@randommail.xyz,0,22,7,1,0,0,0,0.857,0.0,1.0,randommail.xyz,0,1
juliana_dias@aol.com,1,20,12,0,0,1,0,0.75,0.917,0.0,aol.com,1,0
mariana@gmail.com,1,17,7,0,0,0,0,0.714,1.0,0.0,gmail.com,1,0
support6291@spammail.net,0,24,11,1,0,0,0,0.909,0.636,0.364,spammail.net,0,1
179611249209@tempmail.com,0,25,12,1,0,0,0,0.583,0.0,1.0,tempmail.com,0,1
08092035@disposablemail.com,0,27,8,1,0,0,0,0.75,0.0,1.0,disposablemail.com,0,1
support6878@mailinator.com,0,26,11,1,0,0,0,0.818,0.636,0.364,mailinator.com,0,1
aline.leite@yaho.com,0,20,11,0,1,0,0,0.636,0.909,0.0,yaho.com,0,1
malves@outlook.co,1,17,6,0,0,0,0,1.0,1.0,0.0,outlook.co,0,1
mailuser85@guerrillamail.com,0,28,10,1,0,0,0,1.0,0.8,0.2,guerrillamail.com,0,1
clara87@outlok.com,1,18,7,1,0,0,0,0.857,0.714,0.286,outlok.com,0,1
gferreira@mailcatch.com,0,23,9,0,0,0,0,0.667,1.0,0.0,mailcatch.com,0,1
rodrigo_ferreira@mailtemp.org,0,29,16,0,0,1,0,0.562,0.938,0.0,mailtemp.org,0,1
091147068272@mailnow.org,0,24,12,1,0,0,0,0.667,0.0,1.0,mailnow.org,0,1
andre.silva@gmail.co,1,20,11,0,1,0,0,0.909,0.909,0.0,gmail.co,0,1
acarvalho@protonmail.com,1,24,9,0,0,0,0,0.778,1.0,0.0,protonmail.com,1,0
maria@aol.com,1,13,5,0,0,0,0,0.8,1.0,0.0,aol.com,1,0
roberto-leite@gmail.com,1,23,13,0,0,0,1,0.615,0.923,0.0,gmail.com,1,0
mariana@gmx.com,1,15,7,0,0,0,0,0.714,1.0,0.0,gmx.com,0,1
joao_barros@yahoo.com,1,21,11,0,0,1,0,0.636,0.909,0.0,yahoo.com,1,0
marcos99@icloud.com,1,19,8,1,0,0,0,0.875,0.75,0.25,icloud.com,1,0
rodrigo-pereira@mailnow.org,0,27,15,0,0,0,1,0.6,0.933,0.0,mailnow.org,0,1
thiago-gomes@yahoo.com,1,22,12,0,0,0,1,0.833,0.917,0.0,yahoo.com,1,0
fwjbuoey6@mailnow.org,0,21,9,1,0,0,0,1.0,0.889,0.111,mailnow.org,0,1
thiago.borges@mailinator.com,0,28,13,0,1,0,0,0.846,0.923,0.0,mailinator.com,0,1
thiago.pereira@outlook.com,1,26,14,0,1,0,0,0.714,0.929,0.0,outlook.com,1,0
beatriz-rocha@outlok.com,1,24,13,0,0,0,1,0.846,0.923,0.0,outlok.com,0,1
antonio.moreira.x@gmaill.com,1,28,17,0,2,0,0,0.588,0.882,0.0,gmaill.com,0,1
mariana29@outlook.com,1,21,9,1,0,0,0,0.778,0.778,0.222,outlook.com,1,0
marcos@hotmial.com,1,18,6,0,0,0,0,1.0,1.0,0.0,hotmial.com,0,1
example550@fake-mail.net,0,24,10,1,0,0,0,0.8,0.7,0.3,fake-mail.net,0,1
hferreira@tempmail.com,0,22,9,0,0,0,0,0.667,1.0,0.0,tempmail.com,0,1
gabriel-barros@gmail.com,1,24,14,0,0,0,1,0.714,0.929,0.0,gmail.com,1,0
aline_rodrigues@tempmail.com,0,28,15,0,0,1,0,0.8,0.933,0.0,tempmail.com,0,1
joao-costa@gmx.com,1,18,10,0,0,0,1,0.7,0.9,0.0,gmx.com,0,1
gustavo_rodrigues@gmail.co,1,26,17,0,0,1,0,0.706,0.941,0.0,gmail.co,0,1
pedro-leite@icloud.com,1,22,11,0,0,0,1,0.818,0.909,0.0,icloud.com,1,0
beatriz.pires@mailinator.com,0,28,13,0,1,0,0,0.769,0.923,0.0,mailinator.com,0,1
088543@spammail.net,0,19,6,1,0,0,0,0.833,0.0,1.0,spammail.net,0,1
andre-nascimento@gmail.co,0,25,16,0,0,0,1,0.75,0.938,0.0,gmail.co,0,1
laura.cunha@disposablemail.com,0,30,11,0,1,0,0,0.727,0.909,0.0,disposablemail.com,0,1
aline@aol.com,1,13,5,0,0,0,0,1.0,1.0,0.0,aol.com,1,0
andre-gomes@aol.com,1,19,11,0,0,0,1,0.909,0.909,0.0,aol.com,1,0
gustavo47@yaho.com,1,18,9,1,0,0,0,1.0,0.778,0.222,yaho.com,0,1
rcosta@protonmail.com,1,21,6,0,0,0,0,1.0,1.0,0.0,protonmail.com,1,0
22860941@tempmail.com,0,21,8,1,0,0,0,0.875,0.0,1.0,tempmail.com,0,1
w1gix5hy9lxl0b@trashmail.com,0,28,14,1,0,0,0,0.857,0.714,0.286,trashmail.com,0,1
clara.dias@yaho.com,0,19,10,0,1,0,0,0.8,0.9,0.0,yaho.com,0,1
f_nyv178-d@spammail.net,0,23,10,1,0,1,1,1.0,0.5,0.3,spammail.net,0,1
66d4vwdt@mailme.one,0,19,8,1,0,0,0,0.75,0.625,0.375,mailme.one,0,1
carlos-carvalho@tempmail.com,0,28,15,0,0,0,1,0.6,0.933,0.0,tempmail.com,0,1
nicolas792@outlook.co,1,21,10,1,0,0,0,1.0,0.7,0.3,outlook.co,0,1
thiago_barros@outlook.co,1,24,13,0,0,1,0,0.769,0.923,0.0,outlook.co,0,1
3082646356@fake-mail.net,0,24,10,1,0,0,0,0.7,0.0,1.0,fake-mail.net,0,1
debora.assis@live.com,1,21,12,0,1,0,0,0.75,0.917,0.0,live.com,1,0
do.qbzc78lxyrx@10minutemail.com,0,31,14,1,1,0,0,0.929,0.786,0.143,10minutemail.com,0,1
3ty0wugeg1@trashmail.com,0,24,10,1,0,0,0,0.9,0.7,0.3,trashmail.com,0,1
ana@mailtemp.org,0,16,3,0,0,0,0,0.667,1.0,0.0,mailtemp.org,0,1
rodrigo33@hotmial.com,1,21,9,1,0,0,0,0.667,0.778,0.222,hotmial.com,0,1
vborges@disposablemail.com,0,26,7,0,0,0,0,1.0,1.0,0.0,disposablemail.com,0,1
srocha@aol.com,1,14,6,0,0,0,0,1.0,1.0,0.0,aol.com,1,0
pedro852@icloud.com,1,19,8,1,0,0,0,1.0,0.625,0.375,icloud.com,1,0
gassis@tempmail.co,0,18,6,0,0,0,0,0.667,1.0,0.0,tempmail.co,0,1
giorgia698@yaho.com,1,19,10,1,0,0,0,0.8,0.7,0.3,yaho.com,0,1
14709184026@10minutemail.com,0,28,11,1,0,0,0,0.727,0.0,1.0,10minutemail.com,0,1
lucas_pereira@protonmail.com,1,28,13,0,0,1,0,0.769,0.923,0.0,protonmail.com,1,0
7523531401@disposablemail.com,0,29,10,1,0,0,0,0.7,0.0,1.0,disposablemail.com,0,1
carlos.oliveira@gmaill.com,1,26,15,0,1,0,0,0.667,0.933,0.0,gmaill.com,0,1
antonio.freitas@disposablemail.com,0,34,15,0,1,0,0,0.667,0.933,0.0,disposablemail.com,0,1
176231095@10minutemail.com,0,26,9,1,0,0,0,0.889,0.0,1.0,10minutemail.com,0,1
juliana_araujo@live.com,1,23,14,0,0,1,0,0.643,0.929,0.0,live.com,1,0
24227516083@mailinator.com,0,26,11,1,0,0,0,0.818,0.0,1.0,mailinator.com,0,1
dtbxt6ye@randommail.xyz,0,23,8,1,0,0,0,0.875,0.875,0.125,randommail.xyz,0,1
hk5gyimq5glhc0@randommail.xyz,0,29,14,1,0,0,0,0.786,0.786,0.214,randommail.xyz,0,1
14363161@yopmail.com,0,20,8,1,0,0,0,0.5,0.0,1.0,yopmail.com,0,1
whzr4ur1@mailinator.com,0,23,8,1,0,0,0,0.875,0.75,0.25,mailinator.com,0,1
jhe17o7pn@tempmail.co,0,21,9,1,0,0,0,0.889,0.667,0.333,tempmail.co,0,1
debora@gmaill.com,1,17,6,0,0,0,0,1.0,1.0,0.0,gmaill.com,0,1
pedro@outlook.com,1,17,5,0,0,0,0,1.0,1.0,0.0,outlook.com,1,0
41764@randommail.xyz,0,20,5,1,0,0,0,0.8,0.0,1.0,randommail.xyz,0,1
paula29@mailcatch.com,0,21,7,1,0,0,0,0.857,0.714,0.286,mailcatch.com,0,1
juliana_assis@yopmail.com,0,25,13,0,0,1,0,0.615,0.923,0.0,yopmail.com,0,1
nicolas_moura@bol.com.br,1,24,13,0,0,1,0,0.846,0.923,0.0,bol.com.br,1,0
help3460@randommail.xyz,0,23,8,1,0,0,0,1.0,0.5,0.5,randommail.xyz,0,1
nicolas@yaho.com,1,16,7,0,0,0,0,1.0,1.0,0.0,yaho.com,0,1
gantunes@protonmail.com,1,23,8,0,0,0,0,0.875,1.0,0.0,protonmail.com,1,0
954362618@tempmail.com,0,22,9,1,0,0,0,0.889,0.0,1.0,tempmail.com,0,1
692462475@fake-mail.net,0,23,9,1,0,0,0,0.667,0.0,1.0,fake-mail.net,0,1
307221904@guerrillamail.com,0,27,9,1,0,0,0,0.778,0.0,1.0,guerrillamail.com,0,1
andre915@live.com,1,17,8,1,0,0,0,1.0,0.625,0.375,live.com,1,0
rafael19@yahoo.com,1,18,8,1,0,0,0,0.875,0.75,0.25,yahoo.com,1,0
help7486@fake-mail.net,0,22,8,1,0,0,0,1.0,0.5,0.5,fake-mail.net,0,1
116021064@tempmail.co,0,21,9,1,0,0,0,0.556,0.0,1.0,tempmail.co,0,1
admin8945@yopmail.com,0,21,9,1,0,0,0,1.0,0.556,0.444,yopmail.com,0,1
giorgia868@bol.com.br,1,21,10,1,0,0,0,0.7,0.7,0.3,bol.com.br,1,0
vitoria958@outlook.co,1,21,10,1,0,0,0,0.9,0.7,0.3,outlook.co,0,1
henrique198@trashmail.com,0,25,11,1,0,0,0,0.909,0.727,0.273,trashmail.com,0,1
64203258876@disposablemail.com,0,30,11,1,0,0,0,0.727,0.0,1.0,disposablemail.com,0,1
felipe96@bol.com.br,1,19,8,1,0,0,0,0.875,0.75,0.25,bol.com.br,1,0
laura@gmail.com,1,15,5,0,0,0,0,0.8,1.0,0.0,gmail.com,1,0
0505893@mailtemp.org,0,20,7,1,0,0,0,0.714,0.0,1.0,mailtemp.org,0,1
pedro_oliveira@hotmial.com,1,26,14,0,0,1,0,0.714,0.929,0.0,hotmial.com,0,1
marcos_assis@uol.com.br,1,23,12,0,0,1,0,0.667,0.917,0.0,uol.com.br,1,0
bpereira@gmx.com,1,16,8,0,0,0,0,0.75,1.0,0.0,gmx.com,0,1
ricardo_pereira@gmx.com,0,23,15,0,0,1,0,0.6,0.933,0.0,gmx.com,0,1
vmoreira@hotmial.com,1,20,8,0,0,0,0,0.875,1.0,0.0,hotmial.com,0,1
mailuser649@10minutemail.com,0,28,11,1,0,0,0,1.0,0.727,0.273,10minutemail.com,0,1
lucas@icloud.com,1,16,5,0,0,0,0,1.0,1.0,0.0,icloud.com,1,0
pedro.ribeiro@outlook.co,0,24,13,0,1,0,0,0.615,0.923,0.0,outlook.co,0,1
rfreitas@mailme.one,0,19,8,0,0,0,0,0.875,1.0,0.0,mailme.one,0,1
mariana-moreira@spammail.net,1,28,15,0,0,0,1,0.533,0.933,0.0,spammail.net,0,1
antonio49@uol.com.br,1,20,9,1,0,0,0,0.778,0.778,0.222,uol.com.br,1,0
debora-martins@outlook.co,1,25,14,0,0,0,1,0.857,0.929,0.0,outlook.co,0,1
rodrigo.leite.jr@spammail.net,0,29,16,0,2,0,0,0.625,0.875,0.0,spammail.net,0,1
532390853037@fake-mail.net,0,26,12,1,0,0,0,0.583,0.0,1.0,fake-mail.net,0,1
bruno16@outlook.co,1,18,7,1,0,0,0,1.0,0.714,0.286,outlook.co,0,1
1981976@spammail.net,0,20,7,1,0,0,0,0.714,0.0,1.0,spammail.net,0,1
sandra-oliveira@gmaill.com,1,26,15,0,0,0,1,0.733,0.933,0.0,gmaill.com,0,1
sandra99@hotmial.com,1,20,8,1,0,0,0,0.75,0.75,0.25,hotmial.com,0,1
antonio58@gmaill.com,0,20,9,1,0,0,0,0.778,0.778,0.222,gmaill.com,0,1
mariana-cunha@gmaill.com,1,24,13,0,0,0,1,0.692,0.923,0.0,gmaill.com,0,1
test190@mailcatch.com,0,21,7,1,0,0,0,0.857,0.571,0.429,mailcatch.com,0,1
giorgia270.jr@yaho.com,1,22,13,1,1,0,0,0.769,0.692,0.231,yaho.com,0,1
debora-borges.jr@protonmail.com,1,31,16,0,1,0,1,0.688,0.875,0.0,protonmail.com,1,0
thiago171@guerrillamail.com,0,27,9,1,0,0,0,0.889,0.667,0.333,guerrillamail.com,0,1
mariana755@gmaill.com,0,21,10,1,0,0,0,0.7,0.7,0.3,gmaill.com,0,1
gabriel.costa@icloud.com,1,24,13,0,1,0,0,0.923,0.923,0.0,icloud.com,1,0
plomrt.a99m_@10minutemail.com,0,29,12,1,1,1,0,0.833,0.667,0.167,10minutemail.com,0,1
thiago.moura@yahoo.com,1,22,12,0,1,0,0,0.833,0.917,0.0,yahoo.com,1,0
nicolas.alves@outlok.com,1,24,13,0,1,0,0,0.769,0.923,0.0,outlok.com,0,1
mariana-gomes@gmaill.com,1,24,13,0,0,0,1,0.769,0.923,0.0,gmaill.com,0,1
beatriz_santos@yaho.com,0,23,14,0,0,1,0,0.786,0.929,0.0,yaho.com,0,1
0yucqefrsatq@10minutemail.com,0,29,12,1,0,0,0,0.917,0.917,0.083,10minutemail.com,0,1
pedro62@aol.com,1,15,7,1,0,0,0,1.0,0.714,0.286,aol.com,1,0
laura.lima@randommail.xyz,0,25,10,0,1,0,0,0.7,0.9,0.0,randommail.xyz,0,1
gpires@spammail.net,0,19,6,0,0,0,0,1.0,1.0,0.0,spammail.net,0,1
balves@gmail.com,1,16,6,0,0,0,0,1.0,1.0,0.0,gmail.com,1,0
clara703@gmail.com,1,18,8,1,0,0,0,0.875,0.625,0.375,gmail.com,1,0
garaujo@spammail.net,0,20,7,0,0,0,0,0.857,1.0,0.0,spammail.net,0,1
fleite@hotmail.com,1,18,6,0,0,0,0,0.833,1.0,0.0,hotmail.com,1,0
lucas@gmaill.com,0,16,5,0,0,0,0,1.0,1.0,0.0,gmaill.com,0,1
pedro.lima@hotmial.com,1,22,10,0,1,0,0,1.0,0.9,0.0,hotmial.com,0,1
rmendes@yaho.com,1,16,7,0,0,0,0,0.857,1.0,0.0,yaho.com,0,1
1902216@mailinator.com,0,22,7,1,0,0,0,0.714,0.0,1.0,mailinator.com,0,1
erodrigues@mailcatch.com,0,24,10,0,0,0,0,0.8,1.0,0.0,mailcatch.com,0,1
pdias.jr@gmail.co,1,17,8,0,1,0,0,1.0,0.875,0.0,gmail.co,0,1
rafael-martins@outlok.com,1,25,14,0,0,0,1,0.786,0.929,0.0,outlok.com,0,1
sandra_mendes@uol.com.br,1,24,13,0,0,1,0,0.615,0.923,0.0,uol.com.br,1,0
mailuser330@mailme.one,0,22,11,1,0,0,0,0.909,0.727,0.273,mailme.one,0,1
help513@yopmail.com,0,19,7,1,0,0,0,1.0,0.571,0.429,yopmail.com,0,1
bruno.jr@mailnow.org,1,20,8,0,1,0,0,0.875,0.875,0.0,mailnow.org,0,1
test468@trashmail.com,0,21,7,1,0,0,0,0.857,0.571,0.429,trashmail.com,0,1
camila.rodrigues@outlok.com,1,27,16,0,1,0,0,0.812,0.938,0.0,outlok.com,0,1
pttcrdevc@disposablemail.com,0,28,9,0,0,0,0,0.778,1.0,0.0,disposablemail.com,0,1
beatriz@live.com,1,16,7,0,0,0,0,1.0,1.0,0.0,live.com,1,0
82394908288@10minutemail.com,0,28,11,1,0,0,0,0.545,0.0,1.0,10minutemail.com,0,1
05275@mailcatch.com,0,19,5,1,0,0,0,0.8,0.0,1.0,mailcatch.com,0,1
maria818@randommail.xyz,0,23,8,1,0,0,0,0.75,0.625,0.375,randommail.xyz,0,1
ccosta@hotmail.com,1,18,6,0,0,0,0,0.833,1.0,0.0,hotmail.com,1,0
2289430@yopmail.com,0,19,7,1,0,0,0,0.857,0.0,1.0,yopmail.com,0,1
jleite@gmaill.com,1,17,6,0,0,0,0,0.833,1.0,0.0,gmaill.com,0,1
help6936@spammail.net,0,21,8,1,0,0,0,0.875,0.5,0.5,spammail.net,0,1
mpereira.jr@outlok.com,1,22,11,0,1,0,0,0.727,0.909,0.0,outlok.com,0,1
help147@tempmail.co,0,19,7,1,0,0,0,1.0,0.571,0.429,tempmail.co,0,1
juliana.ribeiro@gmaill.com,1,26,15,0,1,0,0,0.733,0.933,0.0,gmaill.com,0,1
mateus@yahoo.com,1,16,6,0,0,0,0,1.0,1.0,0.0,yahoo.com,1,0
mariana39@gmail.co,1,18,9,1,0,0,0,0.778,0.778,0.222,gmail.co,0,1
maria-pires@spammail.net,0,24,11,0,0,0,1,0.727,0.909,0.0,spammail.net,0,1
bruno29@hotmial.com,1,19,7,1,0,0,0,1.0,0.714,0.286,hotmial.com,0,1
juliana-souza@terra.com.br,1,26,13,0,0,0,1,0.769,0.923,0.0,terra.com.br,1,0
carlos.borges@randommail.xyz,0,28,13,0,1,0,0,0.769,0.923,0.0,randommail.xyz,0,1
gabriel83@icloud.com,1,20,9,1,0,0,0,1.0,0.778,0.222,icloud.com,1,0
contact1017@randommail.xyz,0,26,11,1,0,0,0,0.727,0.636,0.364,randommail.xyz,0,1
fernando679@fake-mail.net,0,25,11,1,0,0,0,0.909,0.727,0.273,fake-mail.net,0,1
giorgia.vieira@mailcatch.com,0,28,14,0,1,0,0,0.571,0.929,0.0,mailcatch.com,0,1
fernando-costa@terra.com.br,1,27,14,0,0,0,1,0.786,0.929,0.0,terra.com.br,1,0
317464207@mailtemp.org,0,22,9,1,0,0,0,0.778,0.0,1.0,mailtemp.org,0,1
mmartins@bol.com.br,1,19,8,0,0,0,0,0.875,1.0,0.0,bol.com.br,1,0
isabela84@icloud.com,1,20,9,1,0,0,0,0.889,0.778,0.222,icloud.com,1,0
antonio_martins@outlook.com,1,27,15,0,0,1,0,0.6,0.933,0.0,outlook.com,1,0
mateus-araujo@gmaill.com,1,24,13,0,0,0,1,0.769,0.923,0.0,gmaill.com,0,1
henrique-assis@gmx.com,1,22,14,0,0,0,1,0.714,0.929,0.0,gmx.com,0,1
admin7140@randommail.xyz,0,24,9,1,0,0,0,1.0,0.556,0.444,randommail.xyz,0,1
wtp0kzupnei5zr@mailtemp.org,0,27,14,1,0,0,0,0.857,0.857,0.143,mailtemp.org,0,1
maria.ribeiro@gmail.co,1,22,13,0,1,0,0,0.615,0.923,0.0,gmail.co,0,1
antonio-souza@uol.com.br,1,24,13,0,0,0,1,0.692,0.923,0.0,uol.com.br,1,0
vitoria@fake-mail.net,0,21,7,0,0,0,0,0.857,1.0,0.0,fake-mail.net,0,1
maria439@yopmail.com,1,20,8,1,0,0,0,0.875,0.625,0.375,yopmail.com,0,1
sandra@gmaill.com,1,17,6,0,0,0,0,0.833,1.0,0.0,gmaill.com,0,1
maria_pires@aol.com,1,19,11,0,0,1,0,0.727,0.909,0.0,aol.com,1,0
mateus-pereira@yopmail.com,0,26,14,0,0,0,1,0.714,0.929,0.0,yopmail.com,0,1
thiago@fake-mail.net,0,20,6,0,0,0,0,1.0,1.0,0.0,fake-mail.net,0,1
sofia-pereira@yahoo.com,1,23,13,0,0,0,1,0.692,0.923,0.0,yahoo.com,1,0
lbarros@bol.com.br,1,18,7,0,0,0,0,0.857,1.0,0.0,bol.com.br,1,0
z1ncd9zhnl3w@disposablemail.com,0,31,12,1,0,0,0,0.833,0.75,0.25,disposablemail.com,0,1
m785zd7scrv3ho@disposablemail.com,0,33,14,1,0,0,0,0.929,0.643,0.357,disposablemail.com,0,1
juliana-silva@live.com,1,22,13,0,0,0,1,0.692,0.923,0.0,live.com,1,0
juliana68@randommail.xyz,1,24,9,1,0,0,0,0.889,0.778,0.222,randommail.xyz,0,1
giorgia.vieira@mailinator.com,1,29,14,0,1,0,0,0.571,0.929,0.0,mailinator.com,0,1
ricardo_rodrigues@bol.com.br,1,28,17,0,0,1,0,0.647,0.941,0.0,bol.com.br,1,0
rvieira@gmaill.com,1,18,7,0,0,0,0,0.714,1.0,0.0,gmaill.com,0,1
maria_ribeiro@outlok.com,1,24,13,0,0,1,0,0.615,0.923,0.0,outlok.com,0,1
40gs1nh66d@trashmail.com,0,24,10,1,0,0,0,0.9,0.5,0.5,trashmail.com,0,1
53759470767@yopmail.com,0,23,11,1,0,0,0,0.636,0.0,1.0,yopmail.com,0,1
antonio.oliveira@gmx.com,1,24,16,0,1,0,0,0.625,0.938,0.0,gmx.com,0,1
fernando-lima@gmx.com,1,21,13,0,0,0,1,0.846,0.923,0.0,gmx.com,0,1
7459046@randommail.xyz,0,22,7,1,0,0,0,0.857,0.0,1.0,randommail.xyz,0,1
qgi1pu7xnm3@mailme.one,0,22,11,1,0,0,0,1.0,0.727,0.273,mailme.one,0,1
mariana_freitas@gmaill.com,0,26,15,0,0,1,0,0.667,0.933,0.0,gmaill.com,0,1
help8523@yopmail.com,0,20,8,1,0,0,0,1.0,0.5,0.5,yopmail.com,0,1
rodrigo33@gmaill.com,0,20,9,1,0,0,0,0.667,0.778,0.222,gmaill.com,0,1
393426709@guerrillamail.com,0,27,9,1,0,0,0,0.778,0.0,1.0,guerrillamail.com,0,1
5642402@10minutemail.com,0,24,7,1,0,0,0,0.714,0.0,1.0,10minutemail.com,0,1
921746794@tempmail.com,0,22,9,1,0,0,0,0.667,0.0,1.0,tempmail.com,0,1
marcos_oliveira@guerrillamail.com,0,33,15,0,0,1,0,0.733,0.933,0.0,guerrillamail.com,0,1
44002803812@mailinator.com,0,26,11,1,0,0,0,0.545,0.0,1.0,mailinator.com,0,1
nicolas-moreira@fake-mail.net,1,29,15,0,0,0,1,0.733,0.933,0.0,fake-mail.net,0,1
andre-pereira@icloud.com,1,24,13,0,0,0,1,0.615,0.923,0.0,icloud.com,1,0
felipe_lima@mailme.one,1,22,11,0,0,1,0,0.727,0.909,0.0,mailme.one,0,1
rmoreira@outlook.com,1,20,8,0,0,0,0,0.75,1.0,0.0,outlook.com,1,0
dbarros@disposablemail.com,0,26,7,0,0,0,0,0.857,1.0,0.0,disposablemail.com,0,1
lucas_assis@mailcatch.com,0,25,11,0,0,1,0,0.636,0.909,0.0,mailcatch.com,0,1
paula_vieira@trashmail.com,0,26,12,0,0,1,0,0.75,0.917,0.0,trashmail.com,0,1
help7767@disposablemail.com,0,27,8,1,0,0,0,0.75,0.5,0.5,disposablemail.com,0,1
mgomes@bol.com.br,1,17,6,0,0,0,0,0.833,1.0,0.0,bol.com.br,1,0
71594@spammail.net,0,18,5,1,0,0,0,1.0,0.0,1.0,spammail.net,0,1
vitoria@trashmail.com,1,21,7,0,0,0,0,0.857,1.0,0.0,trashmail.com,0,1
thiago@protonmail.com,1,21,6,0,0,0,0,1.0,1.0,0.0,protonmail.com,1,0
debora@hotmial.com,1,18,6,0,0,0,0,1.0,1.0,0.0,hotmial.com,0,1
carlos.barros@aol.com,1,21,13,0,1,0,0,0.615,0.923,0.0,aol.com,1,0
srodrigues@gmail.com,1,20,10,0,0,0,0,0.8,1.0,0.0,gmail.com,1,0
rodrigo_freitas@mailinator.com,0,30,15,0,0,1,0,0.733,0.933,0.0,mailinator.com,0,1
beatriz-gomes@gmaill.com,0,24,13,0,0,0,1,0.923,0.923,0.0,gmaill.com,0,1
s55bj.20c@tempmail.co,0,21,9,1,1,0,0,0.889,0.444,0.444,tempmail.co,0,1
roberto@randommail.xyz,1,22,7,0,0,0,0,0.714,1.0,0.0,randommail.xyz,0,1
eduardo@hotmail.com,1,19,7,0,0,0,0,0.857,1.0,0.0,hotmail.com,1,0
juliana.cunha@fake-mail.net,0,27,13,0,1,0,0,0.692,0.923,0.0,fake-mail.net,0,1
giorgia.souza@fake-mail.net,1,27,13,0,1,0,0,0.692,0.923,0.0,fake-mail.net,0,1
gustavo_rocha@outlok.com,1,24,13,0,0,1,0,0.846,0.923,0.0,outlok.com,0,1
paraujo@10minutemail.com,0,24,7,0,0,0,0,0.857,1.0,0.0,10minutemail.com,0,1
example714@yopmail.com,0,22,10,1,0,0,0,0.9,0.7,0.3,yopmail.com,0,1
sofia-barros@outlok.com,0,23,12,0,0,0,1,0.667,0.917,0.0,outlok.com,0,1
lp5mdiicd@spammail.net,0,22,9,1,0,0,0,0.778,0.889,0.111,spammail.net,0,1
felipe-cunha@tempmail.com,0,25,12,0,0,0,1,0.917,0.917,0.0,tempmail.com,0,1
gabriel926@gmail.com,1,20,10,1,0,0,0,1.0,0.7,0.3,gmail.com,1,0
user70@10minutemail.com,0,23,6,1,0,0,0,1.0,0.667,0.333,10minutemail.com,0,1
beatriz-carvalho@gmail.com,1,26,16,0,0,0,1,0.812,0.938,0.0,gmail.com,1,0
maria205@gmail.co,1,17,8,1,0,0,0,0.875,0.625,0.375,gmail.co,0,1
camila937@aol.com,1,17,9,1,0,0,0,0.889,0.667,0.333,aol.com,1,0
msilva@gmaill.com,1,17,6,0,0,0,0,1.0,1.0,0.0,gmaill.com,0,1
mariana812@aol.com,1,18,10,1,0,0,0,0.8,0.7,0.3,aol.com,1,0
561283@mailinator.com,0,21,6,1,0,0,0,1.0,0.0,1.0,mailinator.com,0,1
bruno_borges@yaho.com,1,21,12,0,0,1,0,0.75,0.917,0.0,yaho.com,0,1
jdias@outlok.com,1,16,5,0,0,0,0,1.0,1.0,0.0,outlok.com,0,1
sofia.mendes@icloud.com,1,23,12,0,1,0,0,0.833,0.917,0.0,icloud.com,1,0
4514220@guerrillamail.com,0,25,7,1,0,0,0,0.714,0.0,1.0,guerrillamail.com,0,1
marcos.souza@mailinator.com,1,27,12,0,1,0,0,0.75,0.917,0.0,mailinator.com,0,1
mdias@outlok.com,1,16,5,0,0,0,0,1.0,1.0,0.0,outlok.com,0,1
example682@spammail.net,0,23,10,1,0,0,0,0.9,0.7,0.3,spammail.net,0,1
sandra@bol.com.br,1,17,6,0,0,0,0,0.833,1.0,0.0,bol.com.br,1,0
nicolas-gomes@outlok.com,0,24,13,0,0,0,1,0.846,0.923,0.0,outlok.com,0,1
aline-assis@outlook.co,1,22,11,0,0,0,1,0.636,0.909,0.0,outlook.co,0,1
apereira@hotmial.com,1,20,8,0,0,0,0,0.625,1.0,0.0,hotmial.com,0,1
ayriberxe6l0d@mailcatch.com,0,27,13,1,0,0,0,0.846,0.846,0.154,mailcatch.com,0,1
nicolas@icloud.com,1,18,7,0,0,0,0,1.0,1.0,0.0,icloud.com,1,0
laura363@outlok.com,0,19,8,1,0,0,0,0.75,0.625,0.375,outlok.com,0,1
andre.araujo@gmx.com,1,20,12,0,1,0,0,0.75,0.917,0.0,gmx.com,0,1
eduardo.mendes@yaho.com,1,23,14,0,1,0,0,0.714,0.929,0.0,yaho.com,0,1
mariana85@icloud.com,1,20,9,1,0,0,0,0.778,0.778,0.222,icloud.com,1,0
825694@mailcatch.com,0,20,6,1,0,0,0,1.0,0.0,1.0,mailcatch.com,0,1
thiago.lima@outlook.com,1,23,11,0,1,0,0,0.818,0.909,0.0,outlook.com,1,0
eduardo_araujo@bol.com.br,1,25,14,0,0,1,0,0.571,0.929,0.0,bol.com.br,1,0
laura_pires.jr@outlok.com,1,25,14,0,1,1,0,0.786,0.857,0.0,outlok.com,0,1
bruno_nascimento@icloud.com,1,27,16,0,0,1,0,0.812,0.938,0.0,icloud.com,1,0
mariana54@mailinator.com,0,24,9,1,0,0,0,0.778,0.778,0.222,mailinator.com,0,1
camila579@uol.com.br,1,20,9,1,0,0,0,0.889,0.667,0.333,uol.com.br,1,0
help3961@fake-mail.net,0,22,8,1,0,0,0,1.0,0.5,0.5,fake-mail.net,0,1
antonio_pires@gmail.co,1,22,13,0,0,1,0,0.769,0.923,0.0,gmail.co,0,1
hleite@outlook.co,1,17,6,0,0,0,0,0.833,1.0,0.0,outlook.co,0,1
camila.mendes@live.com,1,22,13,0,1,0,0,0.769,0.923,0.0,live.com,1,0
h9ssox5imy51g@disposablemail.com,0,32,13,1,0,0,0,0.846,0.692,0.308,disposablemail.com,0,1
laura@disposablemail.com,0,24,5,0,0,0,0,0.8,1.0,0.0,disposablemail.com,0,1
jgomes@yaho.com,1,15,6,0,0,0,0,1.0,1.0,0.0,yaho.com,0,1
37845032@yopmail.com,0,20,8,1,0,0,0,0.875,0.0,1.0,yopmail.com,0,1
dalves@mailtemp.org,0,19,6,0,0,0,0,1.0,1.0,0.0,mailtemp.org,0,1
40623490487@mailme.one,0,22,11,1,0,0,0,0.727,0.0,1.0,mailme.one,0,1
40049022800@tempmail.com,0,24,11,1,0,0,0,0.455,0.0,1.0,tempmail.com,0,1
giorgia_pires.x@hotmail.com,1,27,15,0,1,1,0,0.733,0.867,0.0,hotmail.com,1,0
08849139@trashmail.com,0,22,8,1,0,0,0,0.75,0.0,1.0,trashmail.com,0,1
paula910@gmail.co,1,17,8,1,0,0,0,0.875,0.625,0.375,gmail.co,0,1
joao9@gmail.co,1,14,5,1,0,0,0,0.8,0.8,0.2,gmail.co,0,1
debora_santos@mailnow.org,0,25,13,0,0,1,0,0.769,0.923,0.0,mailnow.org,0,1
user279@fake-mail.net,0,21,7,1,0,0,0,1.0,0.571,0.429,fake-mail.net,0,1
henrique_silva@yaho.com,1,23,14,0,0,1,0,0.857,0.929,0.0,yaho.com,0,1
sofia_moreira@uol.com.br,1,24,13,0,0,1,0,0.692,0.923,0.0,uol.com.br,1,0
roberto@aol.com,1,15,7,0,0,0,0,0.714,1.0,0.0,aol.com,1,0
eduardo.ferreira@gmaill.com,1,27,16,0,1,0,0,0.562,0.938,0.0,gmaill.com,0,1
738257@10minutemail.com,0,23,6,1,0,0,0,0.833,0.0,1.0,10minutemail.com,0,1
help8680@tempmail.com,0,21,8,1,0,0,0,0.875,0.5,0.5,tempmail.com,0,1
rodrigo.moreira@aol.com,1,23,15,0,1,0,0,0.6,0.933,0.0,aol.com,1,0
nicolas916@hotmial.com,1,22,10,1,0,0,0,1.0,0.7,0.3,hotmial.com,0,1
beatriz25@gmx.com,0,17,9,1,0,0,0,1.0,0.778,0.222,gmx.com,0,1
paulao.gomes@trashmail.com,0,26,12,0,1,0,0,0.833,0.917,0.0,trashmail.com,0,1
giorgia_alves@gmail.co,1,22,13,0,0,1,0,0.769,0.923,0.0,gmail.co,0,1
camila_pereira@hotmial.com,0,26,14,0,0,1,0,0.643,0.929,0.0,hotmial.com,0,1
gabriel@hotmail.com,1,19,7,0,0,0,0,1.0,1.0,0.0,hotmail.com,1,0
paula_vieira.jr@mailme.one,0,26,15,0,1,1,0,0.733,0.867,0.0,mailme.one,0,1
support7489@yopmail.com,0,23,11,1,0,0,0,0.909,0.636,0.364,yopmail.com,0,1
debora969@terra.com.br,1,22,9,1,0,0,0,0.889,0.667,0.333,terra.com.br,1,0
contact3981@mailme.one,0,22,11,1,0,0,0,0.818,0.636,0.364,mailme.one,0,1
9686623458@mailtemp.org,0,23,10,1,0,0,0,0.7,0.0,1.0,mailtemp.org,0,1
juliana632@bol.com.br,1,21,10,1,0,0,0,0.9,0.7,0.3,bol.com.br,1,0
aline.mendes@randommail.xyz,0,27,12,0,1,0,0,0.75,0.917,0.0,randommail.xyz,0,1
96095800@10minutemail.com,0,25,8,1,0,0,0,0.625,0.0,1.0,10minutemail.com,0,1
362420@spammail.net,0,19,6,1,0,0,0,0.833,0.0,1.0,spammail.net,0,1
jcunha@outlok.com,1,17,6,0,0,0,0,1.0,1.0,0.0,outlok.com,0,1
beatriz_vieira@gmx.com,1,22,14,0,0,1,0,0.643,0.929,0.0,gmx.com,0,1
mmoura@bol.com.br,1,17,6,0,0,0,0,0.833,1.0,0.0,bol.com.br,1,0
ricardo75@gmail.co,1,18,9,1,0,0,0,0.889,0.778,0.222,gmail.co,0,1
admin4873@fake-mail.net,0,23,9,1,0,0,0,1.0,0.556,0.444,fake-mail.net,0,1
119984@spammail.net,0,19,6,1,0,0,0,0.667,0.0,1.0,spammail.net,0,1
5038944808@mailtemp.org,0,23,10,1,0,0,0,0.6,0.0,1.0,mailtemp.org,0,1
1caixflv6__4@mailinator.com,0,27,12,1,0,2,0,0.917,0.583,0.25,mailinator.com,0,1
3834455733@trashmail.com,0,24,10,1,0,0,0,0.5,0.0,1.0,trashmail.com,0,1
debora-borges@gmaill.com,1,24,13,0,0,0,1,0.692,0.923,0.0,gmaill.com,0,1
antonio@bol.com.br,1,18,7,0,0,0,0,0.714,1.0,0.0,bol.com.br,1,0
fsouza@outlook.co,1,17,6,0,0,0,0,1.0,1.0,0.0,outlook.co,0,1
sofia_silva@terra.com.br,1,24,11,0,0,1,0,0.727,0.909,0.0,terra.com.br,1,0
aline-souza@gmx.com,1,19,11,0,0,0,1,0.909,0.909,0.0,gmx.com,0,1
sandra50@outlook.co,1,19,8,1,0,0,0,0.875,0.75,0.25,outlook.co,0,1
ricardo@10minutemail.com,1,24,7,0,0,0,0,0.857,1.0,0.0,10minutemail.com,0,1
eduardo@aol.com,1,15,7,0,0,0,0,0.857,1.0,0.0,aol.com,1,0
marcos_borges@tempmail.com,1,26,13,0,0,1,0,0.769,0.923,0.0,tempmail.com,0,1
marcos.ribeiro@yopmail.com,0,26,14,0,1,0,0,0.714,0.929,0.0,yopmail.com,0,1
aline-lima@mailinator.com,1,25,10,0,0,0,1,0.7,0.9,0.0,mailinator.com,0,1
rafael_carvalho@aol.com,1,23,15,0,0,1,0,0.667,0.933,0.0,aol.com,1,0
user509@tempmail.co,0,19,7,1,0,0,0,1.0,0.571,0.429,tempmail.co,0,1
mateus701@live.com,1,18,9,1,0,0,0,1.0,0.667,0.333,live.com,1,0
mvieira@protonmail.com,1,22,7,0,0,0,0,0.857,1.0,0.0,protonmail.com,1,0
juliana-leite@outlok.com,1,24,13,0,0,0,1,0.692,0.923,0.0,outlok.com,0,1
79786530693@mailme.one,0,22,11,1,0,0,0,0.636,0.0,1.0,mailme.one,0,1
henrique@outlook.com,1,20,8,0,0,0,0,0.875,1.0,0.0,outlook.com,1,0
antonio.ribeiro@yopmail.com,0,27,15,0,1,0,0,0.6,0.933,0.0,yopmail.com,0,1
joao_costa@guerrillamail.com,0,28,10,0,0,1,0,0.7,0.9,0.0,guerrillamail.com,0,1
10021824@tempmail.co,0,20,8,1,0,0,0,0.625,0.0,1.0,tempmail.co,0,1
joao_moreira@terra.com.br,1,25,12,0,0,1,0,0.667,0.917,0.0,terra.com.br,1,0
454879387@mailme.one,0,20,9,1,0,0,0,0.667,0.0,1.0,mailme.one,0,1
luana-freitas@yahoo.com,1,23,13,0,0,0,1,0.846,0.923,0.0,yahoo.com,1,0
gabriel_pires@gmaill.com,1,24,13,0,0,1,0,0.769,0.923,0.0,gmaill.com,0,1
mailuser64@mailcatch.com,0,24,10,1,0,0,0,1.0,0.8,0.2,mailcatch.com,0,1
debora@fake-mail.net,0,20,6,0,0,0,0,1.0,1.0,0.0,fake-mail.net,0,1
paula_alves.jr@yahoo.com,1,24,14,0,1,1,0,0.786,0.857,0.0,yahoo.com,1,0
nsouza@icloud.com,1,17,6,0,0,0,0,1.0,1.0,0.0,icloud.com,1,0
nicolas-pires@yaho.com,1,22,13,0,0,0,1,0.846,0.923,0.0,yaho.com,0,1
316249802357@mailcatch.com,0,26,12,1,0,0,0,0.833,0.0,1.0,mailcatch.com,0,1
help3070@guerrillamail.com,0,26,8,1,0,0,0,0.875,0.5,0.5,guerrillamail.com,0,1
service9852@mailnow.org,0,23,11,1,0,0,0,0.909,0.636,0.364,mailnow.org,0,1
lucas64@aol.com,1,15,7,1,0,0,0,1.0,0.714,0.286,aol.com,1,0
support2749@trashmail.com,0,25,11,1,0,0,0,0.909,0.636,0.364,trashmail.com,0,1
luana_nascimento@live.com,1,25,16,0,0,1,0,0.75,0.938,0.0,live.com,1,0
295180579219@mailcatch.com,0,26,12,1,0,0,0,0.583,0.0,1.0,mailcatch.com,0,1
rodrigo.nascimento@bol.com.br,1,29,18,0,1,0,0,0.722,0.944,0.0,bol.com.br,1,0
example208@guerrillamail.com,0,28,10,1,0,0,0,0.9,0.7,0.3,guerrillamail.com,0,1
vitoria.rodrigues.jr@yopmail.com,0,32,20,0,2,0,0,0.65,0.9,0.0,yopmail.com,0,1
na0236qk3qhad3@spammail.net,0,27,14,1,0,0,0,0.714,0.571,0.429,spammail.net,0,1
bmoura@outlook.co,1,17,6,0,0,0,0,1.0,1.0,0.0,outlook.co,0,1
joao85@gmaill.com,1,17,6,1,0,0,0,0.833,0.667,0.333,gmaill.com,0,1
camila.ribeiro@trashmail.com,1,28,14,0,1,0,0,0.714,0.929,0.0,trashmail.com,0,1
aline68@icloud.com,1,18,7,1,0,0,0,1.0,0.714,0.286,icloud.com,1,0
test23@tempmail.com,0,19,6,1,0,0,0,0.833,0.667,0.333,tempmail.com,0,1
gustavo-mendes@gmx.com,1,22,14,0,0,0,1,0.857,0.929,0.0,gmx.com,0,1
laura604@tempmail.com,0,21,8,1,0,0,0,0.875,0.625,0.375,tempmail.com,0,1
769556@spammail.net,0,19,6,1,0,0,0,0.667,0.0,1.0,spammail.net,0,1
215767619@mailme.one,0,20,9,1,0,0,0,0.667,0.0,1.0,mailme.one,0,1
fsouza@outlok.com,1,17,6,0,0,0,0,1.0,1.0,0.0,outlok.com,0,1
h3rfwt@10minutemail.com,0,23,6,1,0,0,0,1.0,0.833,0.167,10minutemail.com,0,1
rodrigo@randommail.xyz,0,22,7,0,0,0,0,0.714,1.0,0.0,randommail.xyz,0,1
thiago_santos@uol.com.br,1,24,13,0,0,1,0,0.692,0.923,0.0,uol.com.br,1,0
nicolas_barros@hotmial.com,1,26,14,0,0,1,0,0.714,0.929,0.0,hotmial.com,0,1
help4290@mailcatch.com,0,22,8,1,0,0,0,1.0,0.5,0.5,mailcatch.com,0,1
aline.costa.x@hotmial.com,1,25,13,0,2,0,0,0.846,0.846,0.0,hotmial.com,0,1
support657@10minutemail.com,0,27,10,1,0,0,0,0.9,0.7,0.3,10minutemail.com,0,1
aline-mendes@hotmail.com,1,24,12,0,0,0,1,0.75,0.917,0.0,hotmail.com,1,0
h52dfzwk7phrk@spammail.net,0,26,13,1,0,0,0,0.846,0.769,0.231,spammail.net,0,1
pedro.pereira@gmaill.com,1,24,13,0,1,0,0,0.615,0.923,0.0,gmaill.com,0,1
483449@disposablemail.com,0,25,6,1,0,0,0,0.667,0.0,1.0,disposablemail.com,0,1
vitoria-souza@bol.com.br,1,24,13,0,0,0,1,0.769,0.923,0.0,bol.com.br,1,0
pantunes@outlook.com,1,20,8,0,0,0,0,0.875,1.0,0.0,outlook.com,1,0
rborges@hotmail.com,1,19,7,0,0,0,0,0.857,1.0,0.0,hotmail.com,1,0
sofia@live.com,1,14,5,0,0,0,0,1.0,1.0,0.0,live.com,1,0
rafael@outlok.com,1,17,6,0,0,0,0,0.833,1.0,0.0,outlok.com,0,1
henrique11.x@bol.com.br,1,23,12,1,1,0,0,0.833,0.75,0.167,bol.com.br,1,0
4224917@mailinator.com,0,22,7,1,0,0,0,0.714,0.0,1.0,mailinator.com,0,1
paulao-moura@yopmail.com,1,24,12,0,0,0,1,0.667,0.917,0.0,yopmail.com,0,1
406087235@randommail.xyz,0,24,9,1,0,0,0,0.889,0.0,1.0,randommail.xyz,0,1
898738435157@mailtemp.org,0,25,12,1,0,0,0,0.583,0.0,1.0,mailtemp.org,0,1
felipe-mendes@mailtemp.org,0,26,13,0,0,0,1,0.769,0.923,0.0,mailtemp.org,0,1
abc345@spammail.net,0,19,6,1,0,0,0,1.0,0.5,0.5,spammail.net,0,1
laura_freitas@protonmail.com,1,28,13,0,0,1,0,0.769,0.923,0.0,protonmail.com,1,0
sofia.alves@terra.com.br,1,24,11,0,1,0,0,0.818,0.909,0.0,terra.com.br,1,0
camila88@fake-mail.net,0,22,8,1,0,0,0,0.75,0.75,0.25,fake-mail.net,0,1
luana-freitas@mailtemp.org,0,26,13,0,0,0,1,0.846,0.923,0.0,mailtemp.org,0,1
test786@mailtemp.org,0,20,7,1,0,0,0,0.857,0.571,0.429,mailtemp.org,0,1
faraujo@yaho.com,0,16,7,0,0,0,0,0.857,1.0,0.0,yaho.com,0,1
633275@disposablemail.com,0,25,6,1,0,0,0,0.833,0.0,1.0,disposablemail.com,0,1
rodrigo@yopmail.com,1,19,7,0,0,0,0,0.714,1.0,0.0,yopmail.com,0,1
eduardo_barros@outlook.co,1,25,14,0,0,1,0,0.643,0.929,0.0,outlook.co,0,1
pedro.rocha@yaho.com,1,20,11,0,1,0,0,0.818,0.909,0.0,yaho.com,0,1
thiago.moura@gmx.com,1,20,12,0,1,0,0,0.833,0.917,0.0,gmx.com,0,1
eduardo-freitas@terra.com.br,1,28,15,0,0,0,1,0.733,0.933,0.0,terra.com.br,1,0
paulao@gmx.com,1,14,6,0,0,0,0,0.833,1.0,0.0,gmx.com,0,1
nicolas@terra.com.br,1,20,7,0,0,0,0,1.0,1.0,0.0,terra.com.br,1,0
gabriel76@terra.com.br,1,22,9,1,0,0,0,1.0,0.778,0.222,terra.com.br,1,0
henrique.barros@outlook.com,1,27,15,0,1,0,0,0.8,0.933,0.0,outlook.com,1,0
user544@disposablemail.com,0,26,7,1,0,0,0,0.857,0.571,0.429,disposablemail.com,0,1
443384336@mailcatch.com,0,23,9,1,0,0,0,0.444,0.0,1.0,mailcatch.com,0,1
test357@mailnow.org,0,19,7,1,0,0,0,0.857,0.571,0.429,mailnow.org,0,1
18636190@tempmail.co,0,20,8,1,0,0,0,0.75,0.0,1.0,tempmail.co,0,1
mariana_pereira@gmail.co,1,24,15,0,0,1,0,0.533,0.933,0.0,gmail.co,0,1
rqukjf8rq@guerrillamail.com,0,27,9,1,0,0,0,0.778,0.889,0.111,guerrillamail.com,0,1
rlima@hotmial.com,1,17,5,0,0,0,0,1.0,1.0,0.0,hotmial.com,0,1
pedro.nascimento@live.com,1,25,16,0,1,0,0,0.812,0.938,0.0,live.com,1,0
rafael882@hotmial.com,1,21,9,1,0,0,0,0.778,0.667,0.333,hotmial.com,0,1
juliana78@live.com,1,18,9,1,0,0,0,0.889,0.778,0.222,live.com,1,0
502066530918@mailcatch.com,0,26,12,1,0,0,0,0.667,0.0,1.0,mailcatch.com,0,1
7slkd4q@randommail.xyz,0,22,7,1,0,0,0,1.0,0.714,0.286,randommail.xyz,0,1
service1813@spammail.net,0,24,11,1,0,0,0,0.818,0.636,0.364,spammail.net,0,1
fpvu2ly@spammail.net,0,20,7,1,0,0,0,1.0,0.857,0.143,spammail.net,0,1
554423242021@spammail.net,0,25,12,1,0,0,0,0.5,0.0,1.0,spammail.net,0,1
carlos_mendes@hotmail.com,1,25,13,0,0,1,0,0.846,0.923,0.0,hotmail.com,1,0
73937715@guerrillamail.com,0,26,8,1,0,0,0,0.625,0.0,1.0,guerrillamail.com,0,1
lferreira@outlook.com,1,21,9,0,0,0,0,0.667,1.0,0.0,outlook.com,1,0
abarros@aol.com,1,15,7,0,0,0,0,0.714,1.0,0.0,aol.com,1,0
654249530@yopmail.com,0,21,9,1,0,0,0,0.778,0.0,1.0,yopmail.com,0,1
ricardo.nascimento@icloud.com,1,29,18,0,1,0,0,0.667,0.944,0.0,icloud.com,1,0
pantunes@bol.com.br,1,19,8,0,0,0,0,0.875,1.0,0.0,bol.com.br,1,0
support477@10minutemail.com,0,27,10,1,0,0,0,0.8,0.7,0.3,10minutemail.com,0,1
mateus_barros@gmail.com,1,23,13,0,0,1,0,0.769,0.923,0.0,gmail.com,1,0
39139349@guerrillamail.com,0,26,8,1,0,0,0,0.5,0.0,1.0,guerrillamail.com,0,1
4455512823@yopmail.com,0,22,10,1,0,0,0,0.6,0.0,1.0,yopmail.com,0,1
help760@tempmail.com,0,20,7,1,0,0,0,1.0,0.571,0.429,tempmail.com,0,1
isabela664.jr@gmail.com,1,23,13,1,1,0,0,0.846,0.692,0.231,gmail.com,1,0
eduardo-lima@yahoo.com,1,22,12,0,0,0,1,0.833,0.917,0.0,yahoo.com,1,0
service8809@tempmail.co,0,23,11,1,0,0,0,0.818,0.636,0.364,tempmail.co,0,1
208531@mailnow.org,0,18,6,1,0,0,0,1.0,0.0,1.0,mailnow.org,0,1
pedro@mailinator.com,0,20,5,0,0,0,0,1.0,1.0,0.0,mailinator.com,0,1
a22jyqmwt0@randommail.xyz,0,25,10,1,0,0,0,0.9,0.7,0.3,randommail.xyz,0,1
al97f71ru3b@yopmail.com,0,23,11,1,0,0,0,0.909,0.545,0.455,yopmail.com,0,1
lucas70@gmx.com,1,15,7,1,0,0,0,1.0,0.714,0.286,gmx.com,0,1
qk711u@disposablemail.com,0,25,6,1,0,0,0,0.833,0.5,0.5,disposablemail.com,0,1
paula79@uol.com.br,1,18,7,1,0,0,0,0.857,0.714,0.286,uol.com.br,1,0
paula@trashmail.com,0,19,5,0,0,0,0,0.8,1.0,0.0,trashmail.com,0,1
ialves@icloud.com,1,17,6,0,0,0,0,1.0,1.0,0.0,icloud.com,1,0
maria.carvalho@trashmail.com,0,28,14,0,1,0,0,0.714,0.929,0.0,trashmail.com,0,1
2115879853@fake-mail.net,0,24,10,1,0,0,0,0.7,0.0,1.0,fake-mail.net,0,1
contact5275@10minutemail.com,0,28,11,1,0,0,0,0.727,0.636,0.364,10minutemail.com,0,1
isabela55@protonmail.com,1,24,9,1,0,0,0,0.778,0.778,0.222,protonmail.com,1,0
maria467.jr@gmx.com,1,19,11,1,1,0,0,0.818,0.636,0.273,gmx.com,0,1
mvk89.tfa5@yopmail.com,0,22,10,1,1,0,0,1.0,0.6,0.3,yopmail.com,0,1
i0i.pkhvfjgp5-o@tempmail.co,0,27,15,1,1,0,1,0.867,0.733,0.133,tempmail.co,0,1
eduardo560@gmail.com,1,20,10,1,0,0,0,0.9,0.7,0.3,gmail.com,1,0
lalves@outlook.co,0,17,6,0,0,0,0,0.833,1.0,0.0,outlook.co,0,1
paula.moreira@icloud.com,1,24,13,0,1,0,0,0.769,0.923,0.0,icloud.com,1,0
example98@fake-mail.net,0,23,9,1,0,0,0,0.889,0.778,0.222,fake-mail.net,0,1
304068@guerrillamail.com,0,24,6,1,0,0,0,0.833,0.0,1.0,guerrillamail.com,0,1
vitoria92@yaho.com,0,18,9,1,0,0,0,0.889,0.778,0.222,yaho.com,0,1
sofia.araujo@hotmial.com,1,24,12,0,1,0,0,0.75,0.917,0.0,hotmial.com,0,1
nicolas73@randommail.xyz,0,24,9,1,0,0,0,1.0,0.778,0.222,randommail.xyz,0,1
gborges@hotmial.com,1,19,7,0,0,0,0,0.857,1.0,0.0,hotmial.com,0,1
giorgia.x@yaho.com,1,18,9,0,1,0,0,0.778,0.889,0.0,yaho.com,0,1
giorgia.santos@protonmail.com,1,29,14,0,1,0,0,0.643,0.929,0.0,protonmail.com,1,0
antonio@gmaill.com,1,18,7,0,0,0,0,0.714,1.0,0.0,gmaill.com,0,1
beatriz_rocha@outlook.com,1,25,13,0,0,1,0,0.846,0.923,0.0,outlook.com,1,0
antonio-nascimento@icloud.com,1,29,18,0,0,0,1,0.556,0.944,0.0,icloud.com,1,0
cpereira@yaho.com,1,17,8,0,0,0,0,0.75,1.0,0.0,yaho.com,0,1
henrique.silva@protonmail.com,1,29,14,0,1,0,0,0.857,0.929,0.0,protonmail.com,1,0
942327@mailinator.com,0,21,6,1,0,0,0,0.833,0.0,1.0,mailinator.com,0,1
nicolas.vieira@tempmail.co,0,26,14,0,1,0,0,0.786,0.929,0.0,tempmail.co,0,1
thiago769.x@gmx.com,1,19,11,1,1,0,0,1.0,0.636,0.273,gmx.com,0,1
mariana.lima@yaho.com,1,21,12,0,1,0,0,0.583,0.917,0.0,yaho.com,0,1
example232@disposablemail.com,0,29,10,1,0,0,0,0.8,0.7,0.3,disposablemail.com,0,1
juliana778@gmail.com,1,20,10,1,0,0,0,0.8,0.7,0.3,gmail.com,1,0
isabela@terra.com.br,1,20,7,0,0,0,0,0.857,1.0,0.0,terra.com.br,1,0
gabriel19@aol.com,1,17,9,1,0,0,0,1.0,0.778,0.222,aol.com,1,0
thiago.moreira@10minutemail.com,0,31,14,0,1,0,0,0.714,0.929,0.0,10minutemail.com,0,1
rafael-freitas@outlok.com,1,25,14,0,0,0,1,0.643,0.929,0.0,outlok.com,0,1
42xcv96q3qzd@mailinator.com,0,27,12,1,0,0,0,0.917,0.583,0.417,mailinator.com,0,1
camila.antunes@mailtemp.org,0,27,14,0,1,0,0,0.786,0.929,0.0,mailtemp.org,0,1
nicolas-rocha@gmail.com,1,23,13,0,0,0,1,0.769,0.923,0.0,gmail.com,1,0
bsantos@outlook.co,1,18,7,0,0,0,0,0.857,1.0,0.0,outlook.co,0,1
gustavo_silva@yaho.com,0,22,13,0,0,1,0,0.769,0.923,0.0,yaho.com,0,1
aline_silva@hotmial.com,1,23,11,0,0,1,0,0.727,0.909,0.0,hotmial.com,0,1
sofia@gmaill.com,1,16,5,0,0,0,0,1.0,1.0,0.0,gmaill.com,0,1
2344534028@spammail.net,0,23,10,1,0,0,0,0.6,0.0,1.0,spammail.net,0,1
w9ufzdep@10minutemail.com,0,25,8,1,0,0,0,1.0,0.875,0.125,10minutemail.com,0,1
mateus_barros@gmx.com,1,21,13,0,0,1,0,0.769,0.923,0.0,gmx.com,0,1
9664175@mailinator.com,0,22,7,1,0,0,0,0.857,0.0,1.0,mailinator.com,0,1
sofia386@yaho.com,1,17,8,1,0,0,0,1.0,0.625,0.375,yaho.com,0,1
gustavo.silva@outlok.com,1,24,13,0,1,0,0,0.769,0.923,0.0,outlok.com,0,1
camila-ferreira@gmx.com,1,23,15,0,0,0,1,0.6,0.933,0.0,gmx.com,0,1
psantos@outlook.co,0,18,7,0,0,0,0,0.857,1.0,0.0,outlook.co,0,1
help6063@tempmail.co,0,20,8,1,0,0,0,0.875,0.5,0.5,tempmail.co,0,1
abc467@disposablemail.com,0,25,6,1,0,0,0,1.0,0.5,0.5,disposablemail.com,0,1
sofia12@gmail.com,1,17,7,1,0,0,0,1.0,0.714,0.286,gmail.com,1,0
mlmbzrkzoeavna@10minutemail.com,0,31,14,0,0,0,0,0.786,1.0,0.0,10minutemail.com,0,1
5144855@mailtemp.org,0,20,7,1,0,0,0,0.571,0.0,1.0,mailtemp.org,0,1
antonio-antunes@yaho.com,1,24,15,0,0,0,1,0.6,0.933,0.0,yaho.com,0,1
andre_ribeiro@guerrillamail.com,0,31,13,0,0,1,0,0.692,0.923,0.0,guerrillamail.com,0,1
149747407155@tempmail.com,0,25,12,1,0,0,0,0.5,0.0,1.0,tempmail.com,0,1
example590@mailinator.com,0,25,10,1,0,0,0,0.9,0.7,0.3,mailinator.com,0,1
felipe.gomes@mailinator.com,0,27,12,0,1,0,0,0.833,0.917,0.0,mailinator.com,0,1
604821699144@guerrillamail.com,0,30,12,1,0,0,0,0.583,0.0,1.0,guerrillamail.com,0,1
andre59@aol.com,1,15,7,1,0,0,0,1.0,0.714,0.286,aol.com,1,0
abc745@spammail.net,0,19,6,1,0,0,0,1.0,0.5,0.5,spammail.net,0,1
gk4ap05zde0x4@10minutemail.com,0,30,13,1,0,0,0,0.846,0.615,0.385,10minutemail.com,0,1
laura-cunha@tempmail.com,0,24,11,0,0,0,1,0.727,0.909,0.0,tempmail.com,0,1
marcos724@hotmial.com,1,21,9,1,0,0,0,1.0,0.667,0.333,hotmial.com,0,1
support1166@mailnow.org,0,23,11,1,0,0,0,0.727,0.636,0.364,mailnow.org,0,1
contact3645@trashmail.com,0,25,11,1,0,0,0,0.818,0.636,0.364,trashmail.com,0,1
andre-vieira@gmaill.com,1,23,12,0,0,0,1,0.667,0.917,0.0,gmaill.com,0,1
carlos-lima@disposablemail.com,0,30,11,0,0,0,1,0.818,0.909,0.0,disposablemail.com,0,1
696361254@mailinator.com,0,24,9,1,0,0,0,0.778,0.0,1.0,mailinator.com,0,1
maria.x@aol.com,1,15,7,0,1,0,0,0.857,0.857,0.0,aol.com,1,0
roberto_oliveira@hotmial.com,0,28,16,0,0,1,0,0.625,0.938,0.0,hotmial.com,0,1
gustavo-cunha@gmaill.com,1,24,13,0,0,0,1,0.846,0.923,0.0,gmaill.com,0,1
felipe768@gmail.co,1,18,9,1,0,0,0,0.889,0.667,0.333,gmail.co,0,1
paula@mailnow.org,0,17,5,0,0,0,0,0.8,1.0,0.0,mailnow.org,0,1
paula84@gmail.com,1,17,7,1,0,0,0,0.857,0.714,0.286,gmail.com,1,0
abc104@tempmail.com,0,19,6,1,0,0,0,1.0,0.5,0.5,tempmail.com,0,1
233188608@mailnow.org,0,21,9,1,0,0,0,0.667,0.0,1.0,mailnow.org,0,1
support3895@mailnow.org,0,23,11,1,0,0,0,0.909,0.636,0.364,mailnow.org,0,1
nicolas.moreira@gmaill.com,1,26,15,0,1,0,0,0.733,0.933,0.0,gmaill.com,0,1
qz21xg77flv7ej@tempmail.com,0,27,14,1,0,0,0,0.857,0.643,0.357,tempmail.com,0,1
977601049@disposablemail.com,0,28,9,1,0,0,0,0.667,0.0,1.0,disposablemail.com,0,1
22930@mailnow.org,0,17,5,1,0,0,0,0.8,0.0,1.0,mailnow.org,0,1
b6xzp9ss@10minutemail.com,0,25,8,1,0,0,0,0.875,0.75,0.25,10minutemail.com,0,1
14291786@fake-mail.net,0,22,8,1,0,0,0,0.875,0.0,1.0,fake-mail.net,0,1
test872@mailnow.org,0,19,7,1,0,0,0,0.857,0.571,0.429,mailnow.org,0,1
55260@mailnow.org,0,17,5,1,0,0,0,0.8,0.0,1.0,mailnow.org,0,1
sofia_barros@spammail.net,0,25,12,0,0,1,0,0.667,0.917,0.0,spammail.net,0,1
paycwd6j4jync3_@mailinator.com,0,30,15,1,0,1,0,0.8,0.733,0.2,mailinator.com,0,1
fernando.dias@yaho.com,1,22,13,0,1,0,0,0.769,0.923,0.0,yaho.com,0,1
marcos_ribeiro@hotmial.com,1,26,14,0,0,1,0,0.714,0.929,0.0,hotmial.com,0,1
paula@protonmail.com,1,20,5,0,0,0,0,0.8,1.0,0.0,protonmail.com,1,0
help3248@tempmail.co,0,20,8,1,0,0,0,1.0,0.5,0.5,tempmail.co,0,1
gleite@gmail.co,1,15,6,0,0,0,0,0.833,1.0,0.0,gmail.co,0,1
juliana@bol.com.br,1,18,7,0,0,0,0,0.857,1.0,0.0,bol.com.br,1,0
bruno@mailnow.org,1,17,5,0,0,0,0,1.0,1.0,0.0,mailnow.org,0,1
vitoria-rocha@mailcatch.com,0,27,13,0,0,0,1,0.692,0.923,0.0,mailcatch.com,0,1
9120745@mailnow.org,0,19,7,1,0,0,0,1.0,0.0,1.0,mailnow.org,0,1
sofia42@hotmail.com,1,19,7,1,0,0,0,1.0,0.714,0.286,hotmail.com,1,0
juliana@gmx.com,0,15,7,0,0,0,0,0.857,1.0,0.0,gmx.com,0,1
laura-barros@hotmail.com,1,24,12,0,0,0,1,0.667,0.917,0.0,hotmail.com,1,0
marcos-ribeiro@gmail.co,0,23,14,0,0,0,1,0.714,0.929,0.0,gmail.co,0,1
isabela@gmaill.com,1,18,7,0,0,0,0,0.857,1.0,0.0,gmaill.com,0,1
isabela-ribeiro@mailme.one,0,26,15,0,0,0,1,0.6,0.933,0.0,mailme.one,0,1
beatriz.costa@guerrillamail.com,1,31,13,0,1,0,0,0.846,0.923,0.0,guerrillamail.com,0,1
sofia-oliveira.x@mailcatch.com,0,30,16,0,1,0,1,0.75,0.875,0.0,mailcatch.com,0,1
vitoria-cunha@gmx.com,1,21,13,0,0,0,1,0.846,0.923,0.0,gmx.com,0,1
980231583@yopmail.com,0,21,9,1,0,0,0,0.778,0.0,1.0,yopmail.com,0,1
_4n32mstm.c.@guerrillamail.com,0,30,12,1,2,1,0,0.833,0.5,0.25,guerrillamail.com,0,1
8042496048@spammail.net,0,23,10,1,0,0,0,0.6,0.0,1.0,spammail.net,0,1
abc482@mailme.one,0,17,6,1,0,0,0,1.0,0.5,0.5,mailme.one,0,1
0954962@mailnow.org,0,19,7,1,0,0,0,0.857,0.0,1.0,mailnow.org,0,1
rafael-costa@outlook.com,1,24,12,0,0,0,1,0.833,0.917,0.0,outlook.com,1,0
1398710@guerrillamail.com,0,25,7,1,0,0,0,0.857,0.0,1.0,guerrillamail.com,0,1
laura64@gmail.co,0,16,7,1,0,0,0,0.857,0.714,0.286,gmail.co,0,1
fsouza@yaho.com,1,15,6,0,0,0,0,1.0,1.0,0.0,yaho.com,0,1
carlos-leite@gmail.com,1,22,12,0,0,0,1,0.833,0.917,0.0,gmail.com,1,0
felipe-carvalho@outlook.co,1,26,15,0,0,0,1,0.8,0.933,0.0,outlook.co,0,1
rafael26@outlok.com,0,19,8,1,0,0,0,0.875,0.75,0.25,outlok.com,0,1
35358375261@mailme.one,0,22,11,1,0,0,0,0.636,0.0,1.0,mailme.one,0,1
lucas-vieira@terra.com.br,1,25,12,0,0,0,1,0.833,0.917,0.0,terra.com.br,1,0
ricardo13.x@protonmail.com,1,26,11,1,1,0,0,0.909,0.727,0.182,protonmail.com,1,0
sofia54@disposablemail.com,1,26,7,1,0,0,0,1.0,0.714,0.286,disposablemail.com,0,1
antonio_ribeiro@gmx.com,1,23,15,0,0,1,0,0.6,0.933,0.0,gmx.com,0,1
81911971532@fake-mail.net,0,25,11,1,0,0,0,0.636,0.0,1.0,fake-mail.net,0,1
724345199@mailme.one,0,20,9,1,0,0,0,0.778,0.0,1.0,mailme.one,0,1
2043319342@mailnow.org,0,22,10,1,0,0,0,0.6,0.0,1.0,mailnow.org,0,1
maria93@terra.com.br,1,20,7,1,0,0,0,0.857,0.714,0.286,terra.com.br,1,0
arodrigues@protonmail.com,1,25,10,0,0,0,0,0.9,1.0,0.0,protonmail.com,1,0
09712046@mailtemp.org,0,21,8,1,0,0,0,0.875,0.0,1.0,mailtemp.org,0,1
223652@tempmail.com,0,19,6,1,0,0,0,0.667,0.0,1.0,tempmail.com,0,1
rferreira@mailnow.org,1,21,9,0,0,0,0,0.556,1.0,0.0,mailnow.org,0,1
sofia-moreira@hotmial.com,0,25,13,0,0,0,1,0.692,0.923,0.0,hotmial.com,0,1
contact164@mailinator.com,0,25,10,1,0,0,0,0.8,0.7,0.3,mailinator.com,0,1
u2ci4eu@tempmail.co,0,19,7,1,0,0,0,0.857,0.714,0.286,tempmail.co,0,1
eduardo-vieira@hotmial.com,0,26,14,0,0,0,1,0.643,0.929,0.0,hotmial.com,0,1
luana17@outlook.co,1,18,7,1,0,0,0,0.857,0.714,0.286,outlook.co,0,1
pedro-cunha@guerrillamail.com,0,29,11,0,0,0,1,1.0,0.909,0.0,guerrillamail.com,0,1
andre_oliveira@mailcatch.com,0,28,14,0,0,1,0,0.714,0.929,0.0,mailcatch.com,0,1
llima@gmail.co,0,14,5,0,0,0,0,0.8,1.0,0.0,gmail.co,0,1
debora_lima@yaho.com,1,20,11,0,0,1,0,0.909,0.909,0.0,yaho.com,0,1
pedro.assis@bol.com.br,1,22,11,0,1,0,0,0.818,0.909,0.0,bol.com.br,1,0
contact5352@disposablemail.com,0,30,11,1,0,0,0,0.727,0.636,0.364,disposablemail.com,0,1
isabela-martins@mailnow.org,0,27,15,0,0,0,1,0.733,0.933,0.0,mailnow.org,0,1
sandra@icloud.com,1,17,6,0,0,0,0,0.833,1.0,0.0,icloud.com,1,0
help8282@mailtemp.org,0,21,8,1,0,0,0,0.75,0.5,0.5,mailtemp.org,0,1
carlos_pires@gmaill.com,1,23,12,0,0,1,0,0.833,0.917,0.0,gmaill.com,0,1
gustavo.borges@outlook.com,1,26,14,0,1,0,0,0.786,0.929,0.0,outlook.com,1,0
rodrigo23@hotmail.com,1,21,9,1,0,0,0,0.778,0.778,0.222,hotmail.com,1,0
lucas.pereira@gmail.co,1,22,13,0,1,0,0,0.769,0.923,0.0,gmail.co,0,1
mateus_costa@tempmail.com,0,25,12,0,0,1,0,0.75,0.917,0.0,tempmail.com,0,1
joao.araujo@icloud.com,1,22,11,0,1,0,0,0.545,0.909,0.0,icloud.com,1,0
clara@tempmail.co,0,17,5,0,0,0,0,0.8,1.0,0.0,tempmail.co,0,1
paulao.gomes@fake-mail.net,0,26,12,0,1,0,0,0.833,0.917,0.0,fake-mail.net,0,1
aborges@mailtemp.org,0,20,7,0,0,0,0,1.0,1.0,0.0,mailtemp.org,0,1
rdpmpcejcilp@randommail.xyz,0,27,12,0,0,0,0,0.75,1.0,0.0,randommail.xyz,0,1
lucas_rocha@gmx.com,1,19,11,0,0,1,0,0.818,0.909,0.0,gmx.com,0,1
help95@mailcatch.com,0,20,6,1,0,0,0,1.0,0.667,0.333,mailcatch.com,0,1
test238@guerrillamail.com,0,25,7,1,0,0,0,0.857,0.571,0.429,guerrillamail.com,0,1
giorgia.carvalho@mailme.one,0,27,16,0,1,0,0,0.625,0.938,0.0,mailme.one,0,1
fernando_pereira@outlook.co,1,27,16,0,0,1,0,0.625,0.938,0.0,outlook.co,0,1
help9908@trashmail.com,0,22,8,1,0,0,0,0.875,0.5,0.5,trashmail.com,0,1
lucas_oliveira@protonmail.com,1,29,14,0,0,1,0,0.786,0.929,0.0,protonmail.com,1,0
kiac7m8ckhdy4@yopmail.com,0,25,13,1,0,0,0,0.846,0.769,0.231,yopmail.com,0,1
procha@yahoo.com,1,16,6,0,0,0,0,1.0,1.0,0.0,yahoo.com,1,0
andre-alves@terra.com.br,1,24,11,0,0,0,1,0.818,0.909,0.0,terra.com.br,1,0
vfreitas@gmx.com,1,16,8,0,0,0,0,1.0,1.0,0.0,gmx.com,0,1
henrique@trashmail.com,0,22,8,0,0,0,0,0.875,1.0,0.0,trashmail.com,0,1
eduardo-vieira@gmail.co,1,23,14,0,0,0,1,0.643,0.929,0.0,gmail.co,0,1
pedro.gomes@randommail.xyz,1,26,11,0,1,0,0,0.818,0.909,0.0,randommail.xyz,0,1
rassis@live.com,1,15,6,0,0,0,0,0.667,1.0,0.0,live.com,1,0
mfreitas@outlook.com,1,20,8,0,0,0,0,1.0,1.0,0.0,outlook.com,1,0
abc766@randommail.xyz,0,21,6,1,0,0,0,0.833,0.5,0.5,randommail.xyz,0,1
gustavo@gmaill.com,1,18,7,0,0,0,0,1.0,1.0,0.0,gmaill.com,0,1
marcos-borges@yahoo.com,1,23,13,0,0,0,1,0.769,0.923,0.0,yahoo.com,1,0
maria-borges@terra.com.br,1,25,12,0,0,0,1,0.833,0.917,0.0,terra.com.br,1,0
example88@guerrillamail.com,0,27,9,1,0,0,0,0.778,0.778,0.222,guerrillamail.com,0,1
luana.silva@yaho.com,1,20,11,0,1,0,0,0.727,0.909,0.0,yaho.com,0,1
ihb24a@tempmail.co,0,18,6,1,0,0,0,1.0,0.667,0.333,tempmail.co,0,1
isouza@hotmail.com,1,18,6,0,0,0,0,1.0,1.0,0.0,hotmail.com,1,0
eduardo.antunes@terra.com.br,1,28,15,0,1,0,0,0.667,0.933,0.0,terra.com.br,1,0
andre831@yaho.com,1,17,8,1,0,0,0,1.0,0.625,0.375,yaho.com,0,1
lucas76@bol.com.br,1,18,7,1,0,0,0,1.0,0.714,0.286,bol.com.br,1,0
rodrigo.santos@protonmail.com,1,29,14,0,1,0,0,0.714,0.929,0.0,protonmail.com,1,0
89650945@tempmail.com,0,21,8,1,0,0,0,0.75,0.0,1.0,tempmail.com,0,1
893747821@mailinator.com,0,24,9,1,0,0,0,0.778,0.0,1.0,mailinator.com,0,1
sofia937@bol.com.br,1,19,8,1,0,0,0,1.0,0.625,0.375,bol.com.br,1,0
joao-dias@gmx.com,1,17,9,0,0,0,1,0.778,0.889,0.0,gmx.com,0,1
sandra.cunha@outlook.co,1,23,12,0,1,0,0,0.75,0.917,0.0,outlook.co,0,1
nicolas.martins@hotmail.com,1,27,15,0,1,0,0,0.733,0.933,0.0,hotmail.com,1,0
sofia.carvalho@uol.com.br,1,25,14,0,1,0,0,0.786,0.929,0.0,uol.com.br,1,0
814673802@tempmail.com,0,22,9,1,0,0,0,0.889,0.0,1.0,tempmail.com,0,1
debora_freitas@protonmail.com,1,29,14,0,0,1,0,0.786,0.929,0.0,protonmail.com,1,0
paulao-costa@gmx.com,1,20,12,0,0,0,1,0.75,0.917,0.0,gmx.com,0,1
example478@spammail.net,0,23,10,1,0,0,0,0.9,0.7,0.3,spammail.net,0,1
1207441943@yopmail.com,0,22,10,1,0,0,0,0.7,0.0,1.0,yopmail.com,0,1
giorgia33@aol.com,1,17,9,1,0,0,0,0.667,0.778,0.222,aol.com,1,0
joao.leite@yaho.com,1,19,10,0,1,0,0,0.8,0.9,0.0,yaho.com,0,1
support8078@tempmail.co,0,23,11,1,0,0,0,0.818,0.636,0.364,tempmail.co,0,1
u8iscgw8e2n0uf8@trashmail.com,0,29,15,1,0,0,0,0.8,0.667,0.333,trashmail.com,0,1
04688438@tempmail.com,0,21,8,1,0,0,0,0.625,0.0,1.0,tempmail.com,0,1
marcos349@outlok.com,1,20,9,1,0,0,0,1.0,0.667,0.333,outlok.com,0,1
bruno.leite@icloud.com,1,22,11,0,1,0,0,0.909,0.909,0.0,icloud.com,1,0
giorgia@live.com,1,16,7,0,0,0,0,0.714,1.0,0.0,live.com,1,0
bgomes@yahoo.com,1,16,6,0,0,0,0,1.0,1.0,0.0,yahoo.com,1,0
malves@bol.com.br,1,17,6,0,0,0,0,1.0,1.0,0.0,bol.com.br,1,0
maria.souza@yahoo.com,1,21,11,0,1,0,0,0.818,0.909,0.0,yahoo.com,1,0
test999@mailme.one,0,18,7,1,0,0,0,0.571,0.571,0.429,mailme.one,0,1
santunes@outlook.co,1,19,8,0,0,0,0,0.75,1.0,0.0,outlook.co,0,1
ricardo485.jr@gmaill.com,1,24,13,1,1,0,0,0.846,0.692,0.231,gmaill.com,0,1
juliana48.x@aol.com,1,19,11,1,1,0,0,0.909,0.727,0.182,aol.com,1,0
rafael@outlook.com,1,18,6,0,0,0,0,0.833,1.0,0.0,outlook.com,1,0
paraujo@yaho.com,1,16,7,0,0,0,0,0.857,1.0,0.0,yaho.com,0,1
beatriz726@trashmail.com,0,24,10,1,0,0,0,1.0,0.7,0.3,trashmail.com,0,1
jlima@terra.com.br,1,18,5,0,0,0,0,1.0,1.0,0.0,terra.com.br,1,0
abc470@mailcatch.com,0,20,6,1,0,0,0,1.0,0.5,0.5,mailcatch.com,0,1
61709@mailtemp.org,0,18,5,1,0,0,0,1.0,0.0,1.0,mailtemp.org,0,1
clara@mailinator.com,0,20,5,0,0,0,0,0.8,1.0,0.0,mailinator.com,0,1
657984648@guerrillamail.com,0,27,9,1,0,0,0,0.667,0.0,1.0,guerrillamail.com,0,1
aribeiro@gmx.com,1,16,8,0,0,0,0,0.75,1.0,0.0,gmx.com,0,1
pedro_ribeiro@gmx.com,1,21,13,0,0,1,0,0.615,0.923,0.0,gmx.com,0,1
g232aibqjdvz@trashmail.com,0,26,12,1,0,0,0,0.917,0.75,0.25,trashmail.com,0,1
648258333813@mailtemp.org,0,25,12,1,0,0,0,0.583,0.0,1.0,mailtemp.org,0,1
carlos6@terra.com.br,1,20,7,1,0,0,0,1.0,0.857,0.143,terra.com.br,1,0
sandra@tempmail.com,1,19,6,0,0,0,0,0.833,1.0,0.0,tempmail.com,0,1
isabela@outlook.co,0,18,7,0,0,0,0,0.857,1.0,0.0,outlook.co,0,1
carlos224.x@outlok.com,1,22,11,1,1,0,0,0.909,0.636,0.273,outlok.com,0,1
bruno_dias@yaho.com,1,19,10,0,0,1,0,1.0,0.9,0.0,yaho.com,0,1
mailuser532@10minutemail.com,0,28,11,1,0,0,0,1.0,0.727,0.273,10minutemail.com,0,1
paula_rocha@outlook.co,1,22,11,0,0,1,0,0.818,0.909,0.0,outlook.co,0,1
fcunha@gmail.co,1,15,6,0,0,0,0,1.0,1.0,0.0,gmail.co,0,1
sofia_cunha@fake-mail.net,0,25,11,0,0,1,0,0.909,0.909,0.0,fake-mail.net,0,1
aline44@yaho.com,1,16,7,1,0,0,0,0.857,0.714,0.286,yaho.com,0,1
aferreira@trashmail.com,0,23,9,0,0,0,0,0.556,1.0,0.0,trashmail.com,0,1
moyqj3i@tempmail.co,0,19,7,1,0,0,0,1.0,0.857,0.143,tempmail.co,0,1
8913454@mailcatch.com,0,21,7,1,0,0,0,0.857,0.0,1.0,mailcatch.com,0,1
eduardo.ferreira@gmx.com,1,24,16,0,1,0,0,0.562,0.938,0.0,gmx.com,0,1
047953992816@10minutemail.com,0,29,12,1,0,0,0,0.833,0.0,1.0,10minutemail.com,0,1
henrique@bol.com.br,1,19,8,0,0,0,0,0.875,1.0,0.0,bol.com.br,1,0
pedro55@terra.com.br,1,20,7,1,0,0,0,0.857,0.714,0.286,terra.com.br,1,0
clara_silva@outlook.com,1,23,11,0,0,1,0,0.727,0.909,0.0,outlook.com,1,0
mariana-araujo@gmx.com,1,22,14,0,0,0,1,0.643,0.929,0.0,gmx.com,0,1
joao-ribeiro@gmail.co,1,21,12,0,0,0,1,0.667,0.917,0.0,gmail.co,0,1
lucas_rocha@outlook.co,0,22,11,0,0,1,0,0.818,0.909,0.0,outlook.co,0,1
rodrigo_carvalho@fake-mail.net,0,30,16,0,0,1,0,0.688,0.938,0.0,fake-mail.net,0,1
roberto@terra.com.br,1,20,7,0,0,0,0,0.714,1.0,0.0,terra.com.br,1,0
pedro-ribeiro@spammail.net,0,26,13,0,0,0,1,0.615,0.923,0.0,spammail.net,0,1
contact2205@mailcatch.com,0,25,11,1,0,0,0,0.727,0.636,0.364,mailcatch.com,0,1
fernando.dias@gmail.com,1,23,13,0,1,0,0,0.769,0.923,0.0,gmail.com,1,0
5844199@mailinator.com,0,22,7,1,0,0,0,0.714,0.0,1.0,mailinator.com,0,1
pedro36@hotmial.com,1,19,7,1,0,0,0,1.0,0.714,0.286,hotmial.com,0,1
5g3l7kay5e@mailinator.com,0,25,10,1,0,0,0,0.9,0.6,0.4,mailinator.com,0,1
user436@mailme.one,0,18,7,1,0,0,0,1.0,0.571,0.429,mailme.one,0,1
117595669@mailme.one,0,20,9,1,0,0,0,0.556,0.0,1.0,mailme.one,0,1
thiago@gmail.co,1,15,6,0,0,0,0,1.0,1.0,0.0,gmail.co,0,1
lucas.rocha@disposablemail.com,0,30,11,0,1,0,0,0.818,0.909,0.0,disposablemail.com,0,1
isabela-rodrigues@outlook.co,1,28,17,0,0,0,1,0.706,0.941,0.0,outlook.co,0,1
vokqy9f@randommail.xyz,0,22,7,1,0,0,0,1.0,0.857,0.143,randommail.xyz,0,1
fernando@hotmial.com,1,20,8,0,0,0,0,0.875,1.0,0.0,hotmial.com,0,1
aline54@icloud.com,1,18,7,1,0,0,0,1.0,0.714,0.286,icloud.com,1,0
76381435593@guerrillamail.com,0,29,11,1,0,0,0,0.727,0.0,1.0,guerrillamail.com,0,1
tlima@guerrillamail.com,0,23,5,0,0,0,0,1.0,1.0,0.0,guerrillamail.com,0,1
1gafunh7i3wyyk@trashmail.com,0,28,14,1,0,0,0,0.929,0.786,0.214,trashmail.com,0,1
rafael-ribeiro@tempmail.com,0,27,14,0,0,0,1,0.643,0.929,0.0,tempmail.com,0,1
bruno331@hotmail.com,1,20,8,1,0,0,0,0.875,0.625,0.375,hotmail.com,1,0
help2724@fake-mail.net,0,22,8,1,0,0,0,0.875,0.5,0.5,fake-mail.net,0,1
vitoria@protonmail.com,1,22,7,0,0,0,0,0.857,1.0,0.0,protonmail.com,1,0
41486198792@tempmail.com,0,24,11,1,0,0,0,0.636,0.0,1.0,tempmail.com,0,1
pedro@outlok.com,1,16,5,0,0,0,0,1.0,1.0,0.0,outlok.com,0,1
mailuser633@spammail.net,0,24,11,1,0,0,0,0.909,0.727,0.273,spammail.net,0,1
mmendes@gmx.com,0,15,7,0,0,0,0,0.714,1.0,0.0,gmx.com,0,1
hxj9s0u9@trashmail.com,0,22,8,1,0,0,0,0.875,0.625,0.375,trashmail.com,0,1
thiago.jr@terra.com.br,1,22,9,0,1,0,0,1.0,0.889,0.0,terra.com.br,1,0
marcos69@mailnow.org,1,20,8,1,0,0,0,1.0,0.75,0.25,mailnow.org,0,1
295627840@mailme.one,0,20,9,1,0,0,0,0.889,0.0,1.0,mailme.one,0,1
aaraujo@10minutemail.com,0,24,7,0,0,0,0,0.714,1.0,0.0,10minutemail.com,0,1
lucas285@outlook.com,1,20,8,1,0,0,0,1.0,0.625,0.375,outlook.com,1,0
sandra.mendes@gmx.com,1,21,13,0,1,0,0,0.615,0.923,0.0,gmx.com,0,1
sofia_rodrigues@gmx.com,0,23,15,0,0,1,0,0.733,0.933,0.0,gmx.com,0,1
tl46afq0bw@trashmail.com,0,24,10,1,0,0,0,1.0,0.7,0.3,trashmail.com,0,1
gabriel@yahoo.com,1,17,7,0,0,0,0,1.0,1.0,0.0,yahoo.com,1,0
u0vr7kwmuzl-o@spammail.net,0,26,13,1,0,0,1,0.923,0.769,0.154,spammail.net,0,1
roberto-antunes@mailme.one,1,26,15,0,0,0,1,0.667,0.933,0.0,mailme.one,0,1
joao@yopmail.com,1,16,4,0,0,0,0,0.75,1.0,0.0,yopmail.com,0,1
oujj30tldo1va1@tempmail.com,0,27,14,1,0,0,0,0.786,0.714,0.286,tempmail.com,0,1
giorgia_oliveira@hotmail.com,1,28,16,0,0,1,0,0.562,0.938,0.0,hotmail.com,1,0
roberto308@tempmail.com,1,23,10,1,0,0,0,0.8,0.7,0.3,tempmail.com,0,1
contact1520@mailme.one,0,22,11,1,0,0,0,0.818,0.636,0.364,mailme.one,0,1
8144332067@randommail.xyz,0,25,10,1,0,0,0,0.8,0.0,1.0,randommail.xyz,0,1
fernando.silva@mailnow.org,1,26,14,0,1,0,0,0.857,0.929,0.0,mailnow.org,0,1
mariana421@outlok.com,0,21,10,1,0,0,0,0.8,0.7,0.3,outlok.com,0,1
massis@aol.com,1,14,6,0,0,0,0,0.667,1.0,0.0,aol.com,1,0
041149@trashmail.com,0,20,6,1,0,0,0,0.667,0.0,1.0,trashmail.com,0,1
help2432@disposablemail.com,0,27,8,1,0,0,0,0.875,0.5,0.5,disposablemail.com,0,1
clara@gmail.co,1,14,5,0,0,0,0,0.8,1.0,0.0,gmail.co,0,1
joao12@live.com,1,15,6,1,0,0,0,0.833,0.667,0.333,live.com,1,0
user847@tempmail.co,0,19,7,1,0,0,0,1.0,0.571,0.429,tempmail.co,0,1
3959439@10minutemail.com,0,24,7,1,0,0,0,0.571,0.0,1.0,10minutemail.com,0,1
laraujo@gmail.co,1,16,7,0,0,0,0,0.857,1.0,0.0,gmail.co,0,1
aline_gomes@protonmail.com,1,26,11,0,0,1,0,0.909,0.909,0.0,protonmail.com,1,0
example327@trashmail.com,0,24,10,1,0,0,0,0.9,0.7,0.3,trashmail.com,0,1
jpereira@guerrillamail.com,0,26,8,0,0,0,0,0.75,1.0,0.0,guerrillamail.com,0,1
maria-leite@fake-mail.net,0,25,11,0,0,0,1,0.727,0.909,0.0,fake-mail.net,0,1
contact3754@disposablemail.com,0,30,11,1,0,0,0,0.818,0.636,0.364,disposablemail.com,0,1
henrique64@icloud.com,1,21,10,1,0,0,0,0.9,0.8,0.2,icloud.com,1,0
giorgia.moreira@uol.com.br,1,26,15,0,1,0,0,0.533,0.933,0.0,uol.com.br,1,0
mcosta@gmaill.com,1,17,6,0,0,0,0,1.0,1.0,0.0,gmaill.com,0,1
support9425@trashmail.com,0,25,11,1,0,0,0,0.909,0.636,0.364,trashmail.com,0,1
service6690@trashmail.com,0,25,11,1,0,0,0,0.818,0.636,0.364,trashmail.com,0,1
pedro@10minutemail.com,0,22,5,0,0,0,0,1.0,1.0,0.0,10minutemail.com,0,1
laura_alves@gmail.com,1,21,11,0,0,1,0,0.727,0.909,0.0,gmail.com,1,0
clara.alves@outlook.co,0,22,11,0,1,0,0,0.727,0.909,0.0,outlook.co,0,1
help3846@mailinator.com,0,23,8,1,0,0,0,1.0,0.5,0.5,mailinator.com,0,1
admin1917@fake-mail.net,0,23,9,1,0,0,0,0.889,0.556,0.444,fake-mail.net,0,1
henrique_costa@hotmial.com,0,26,14,0,0,1,0,0.929,0.929,0.0,hotmial.com,0,1
maria_vieira@mailme.one,1,23,12,0,0,1,0,0.583,0.917,0.0,mailme.one,0,1
0328145882@trashmail.com,0,24,10,1,0,0,0,0.7,0.0,1.0,trashmail.com,0,1
debora.pires@tempmail.com,1,25,12,0,1,0,0,0.833,0.917,0.0,tempmail.com,0,1
beatriz-costa@hotmail.com,1,25,13,0,0,0,1,0.846,0.923,0.0,hotmail.com,1,0
aline-barros@uol.com.br,1,23,12,0,0,0,1,0.833,0.917,0.0,uol.com.br,1,0
dantunes@terra.com.br,1,21,8,0,0,0,0,0.875,1.0,0.0,terra.com.br,1,0
278638@mailcatch.com,0,20,6,1,0,0,0,0.833,0.0,1.0,mailcatch.com,0,1
joao.silva@yahoo.com,1,20,10,0,1,0,0,0.8,0.9,0.0,yahoo.com,1,0
4352882@disposablemail.com,0,26,7,1,0,0,0,0.714,0.0,1.0,disposablemail.com,0,1
marcos@gmaill.com,1,17,6,0,0,0,0,1.0,1.0,0.0,gmaill.com,0,1
a_mu.b9s0@spammail.net,0,22,9,1,1,1,0,1.0,0.556,0.222,spammail.net,0,1
gabriel-rocha@icloud.com,1,24,13,0,0,0,1,0.846,0.923,0.0,icloud.com,1,0
pedro-lima@gmail.co,1,19,10,0,0,0,1,1.0,0.9,0.0,gmail.co,0,1
pedro_oliveira@hotmail.com,1,26,14,0,0,1,0,0.714,0.929,0.0,hotmail.com,1,0
rf6vjjpkx@spammail.net,0,22,9,1,0,0,0,0.889,0.889,0.111,spammail.net,0,1
ezj49z9z@mailtemp.org,0,21,8,1,0,0,0,0.625,0.625,0.375,mailtemp.org,0,1
mariana_vieira@mailnow.org,1,26,14,0,0,1,0,0.571,0.929,0.0,mailnow.org,0,1
ppereira@hotmail.com,1,20,8,0,0,0,0,0.625,1.0,0.0,hotmail.com,1,0
o1p98snlc1tl@tempmail.co,0,24,12,1,0,0,0,0.833,0.667,0.333,tempmail.co,0,1
example541@tempmail.com,0,23,10,1,0,0,0,0.9,0.7,0.3,tempmail.com,0,1
maria@gmx.com,1,13,5,0,0,0,0,0.8,1.0,0.0,gmx.com,0,1
support1468@10minutemail.com,0,28,11,1,0,0,0,0.909,0.636,0.364,10minutemail.com,0,1
jy6vy0v3cmuexb@tempmail.co,0,26,14,1,0,0,0,0.857,0.786,0.214,tempmail.co,0,1
fernando_costa@hotmail.com,1,26,14,0,0,1,0,0.786,0.929,0.0,hotmail.com,1,0
lucas_alves@uol.com.br,1,22,11,0,0,1,0,0.727,0.909,0.0,uol.com.br,1,0
vitoria42@spammail.net,0,22,9,1,0,0,0,0.889,0.778,0.222,spammail.net,0,1
beatriz.lima@outlok.com,1,23,12,0,1,0,0,0.833,0.917,0.0,outlok.com,0,1
paula_araujo@mailcatch.com,0,26,12,0,0,1,0,0.667,0.917,0.0,mailcatch.com,0,1
maria_rodrigues@gmaill.com,1,26,15,0,0,1,0,0.733,0.933,0.0,gmaill.com,0,1
contact9021@mailtemp.org,0,24,11,1,0,0,0,0.818,0.636,0.364,mailtemp.org,0,1
nicolas.borges@outlook.co,1,25,14,0,1,0,0,0.857,0.929,0.0,outlook.co,0,1
thiago98@randommail.xyz,0,23,8,1,0,0,0,1.0,0.75,0.25,randommail.xyz,0,1
nribeiro@icloud.com,1,19,8,0,0,0,0,0.75,1.0,0.0,icloud.com,1,0
w1w31q5f7xkkj@fake-mail.net,0,27,13,1,0,0,0,0.769,0.615,0.385,fake-mail.net,0,1
hkj4yufdjb2tzh7@mailinator.com,0,30,15,1,0,0,0,0.867,0.8,0.2,mailinator.com,0,1
vnascimento@yahoo.com,1,21,11,0,0,0,0,0.909,1.0,0.0,yahoo.com,1,0
nicolas@protonmail.com,1,22,7,0,0,0,0,1.0,1.0,0.0,protonmail.com,1,0
user565@guerrillamail.com,0,25,7,1,0,0,0,0.857,0.571,0.429,guerrillamail.com,0,1
beatriz_dias@bol.com.br,1,23,12,0,0,1,0,0.833,0.917,0.0,bol.com.br,1,0
rafael-antunes@randommail.xyz,0,29,14,0,0,0,1,0.714,0.929,0.0,randommail.xyz,0,1
gabriel_carvalho@randommail.xyz,0,31,16,0,0,1,0,0.75,0.938,0.0,randommail.xyz,0,1
admin7229@fake-mail.net,0,23,9,1,0,0,0,0.889,0.556,0.444,fake-mail.net,0,1
912997@guerrillamail.com,0,24,6,1,0,0,0,0.667,0.0,1.0,guerrillamail.com,0,1
joao_ferreira@mailcatch.com,1,27,13,0,0,1,0,0.615,0.923,0.0,mailcatch.com,0,1
debora226@gmaill.com,1,20,9,1,0,0,0,0.889,0.667,0.333,gmaill.com,0,1
paula.mendes@bol.com.br,1,23,12,0,1,0,0,0.833,0.917,0.0,bol.com.br,1,0
test553@tempmail.com,0,20,7,1,0,0,0,0.714,0.571,0.429,tempmail.com,0,1
service8274@tempmail.co,0,23,11,1,0,0,0,0.909,0.636,0.364,tempmail.co,0,1
72725@mailcatch.com,0,19,5,1,0,0,0,0.6,0.0,1.0,mailcatch.com,0,1
dvieira@gmail.co,1,16,7,0,0,0,0,0.857,1.0,0.0,gmail.co,0,1
mariana78@outlook.com,1,21,9,1,0,0,0,0.778,0.778,0.222,outlook.com,1,0
sandra_moura@outlook.co,1,23,12,0,0,1,0,0.75,0.917,0.0,outlook.co,0,1
nicolas.freitas@trashmail.com,0,29,15,0,1,0,0,0.8,0.933,0.0,trashmail.com,0,1
contact3697@mailme.one,0,22,11,1,0,0,0,0.818,0.636,0.364,mailme.one,0,1
aline_pires@hotmail.com,1,23,11,0,0,1,0,0.818,0.909,0.0,hotmail.com,1,0
ubb9mit3vhtn@tempmail.co,0,24,12,1,0,0,0,0.833,0.833,0.167,tempmail.co,0,1
nicolas@uol.com.br,1,18,7,0,0,0,0,1.0,1.0,0.0,uol.com.br,1,0
service4728@tempmail.co,0,23,11,1,0,0,0,0.909,0.636,0.364,tempmail.co,0,1
contact3905@tempmail.co,0,23,11,1,0,0,0,0.818,0.636,0.364,tempmail.co,0,1
cantunes@live.com,1,17,8,0,0,0,0,0.875,1.0,0.0,live.com,1,0
028462952@tempmail.com,0,22,9,1,0,0,0,0.778,0.0,1.0,tempmail.com,0,1
debora@gmail.co,1,15,6,0,0,0,0,1.0,1.0,0.0,gmail.co,0,1
massis@outlok.com,1,17,6,0,0,0,0,0.667,1.0,0.0,outlok.com,0,1
351595@yopmail.com,0,18,6,1,0,0,0,0.667,0.0,1.0,yopmail.com,0,1
rodrigo-dias@protonmail.com,1,27,12,0,0,0,1,0.667,0.917,0.0,protonmail.com,1,0
paulao-santos@aol.com,1,21,13,0,0,0,1,0.692,0.923,0.0,aol.com,1,0
aline209@disposablemail.com,0,27,8,1,0,0,0,1.0,0.625,0.375,disposablemail.com,0,1
roberto@live.com,1,16,7,0,0,0,0,0.714,1.0,0.0,live.com,1,0
aline.mendes@uol.com.br,1,23,12,0,1,0,0,0.75,0.917,0.0,uol.com.br,1,0
henrique@gmx.com,0,16,8,0,0,0,0,0.875,1.0,0.0,gmx.com,0,1
roberto-alves@outlook.co,1,24,13,0,0,0,1,0.769,0.923,0.0,outlook.co,0,1
henrique.souza@gmaill.com,1,25,14,0,1,0,0,0.857,0.929,0.0,gmaill.com,0,1
sandra.alves@outlok.com,1,23,12,0,1,0,0,0.75,0.917,0.0,outlok.com,0,1
faraujo@gmaill.com,0,18,7,0,0,0,0,0.857,1.0,0.0,gmaill.com,0,1
sferreira@gmx.com,1,17,9,0,0,0,0,0.667,1.0,0.0,gmx.com,0,1
aline.costa@mailinator.com,0,26,11,0,1,0,0,0.909,0.909,0.0,mailinator.com,0,1
antonio_ribeiro@bol.com.br,1,26,15,0,0,1,0,0.6,0.933,0.0,bol.com.br,1,0
beatriz_costa@disposablemail.com,0,32,13,0,0,1,0,0.846,0.923,0.0,disposablemail.com,0,1
luana@yaho.com,1,14,5,0,0,0,0,0.8,1.0,0.0,yaho.com,0,1
marcos.ferreira@hotmial.com,1,27,15,0,1,0,0,0.667,0.933,0.0,hotmial.com,0,1
79924419897@disposablemail.com,0,30,11,1,0,0,0,0.545,0.0,1.0,disposablemail.com,0,1
admin6811@yopmail.com,0,21,9,1,0,0,0,0.889,0.556,0.444,yopmail.com,0,1
nicolas_carvalho@terra.com.br,1,29,16,0,0,1,0,0.688,0.938,0.0,terra.com.br,1,0
andre@yaho.com,1,14,5,0,0,0,0,1.0,1.0,0.0,yaho.com,0,1
aline_carvalho.jr@gmail.co,1,26,17,0,1,1,0,0.765,0.882,0.0,gmail.co,0,1
example350@mailinator.com,0,25,10,1,0,0,0,0.9,0.7,0.3,mailinator.com,0,1
luana407@gmail.com,1,18,8,1,0,0,0,0.875,0.625,0.375,gmail.com,1,0
483570@spammail.net,0,19,6,1,0,0,0,1.0,0.0,1.0,spammail.net,0,1
x69phwn8dd@mailnow.org,0,22,10,1,0,0,0,0.9,0.7,0.3,mailnow.org,0,1
debora.vieira@outlook.co,1,24,13,0,1,0,0,0.692,0.923,0.0,outlook.co,0,1
paulao_carvalho@uol.com.br,1,26,15,0,0,1,0,0.667,0.933,0.0,uol.com.br,1,0
ccosta@10minutemail.com,0,23,6,0,0,0,0,0.833,1.0,0.0,10minutemail.com,0,1
camila@hotmial.com,1,18,6,0,0,0,0,0.833,1.0,0.0,hotmial.com,0,1
giorgia24@gmaill.com,0,20,9,1,0,0,0,0.778,0.778,0.222,gmaill.com,0,1
clara-rocha@icloud.com,1,22,11,0,0,0,1,0.636,0.909,0.0,icloud.com,1,0
aline@mailinator.com,1,20,5,0,0,0,0,1.0,1.0,0.0,mailinator.com,0,1
debora.moreira@outlook.com,1,26,14,0,1,0,0,0.643,0.929,0.0,outlook.com,1,0
nicolas.gomes@outlok.com,0,24,13,0,1,0,0,0.846,0.923,0.0,outlok.com,0,1
57319675@randommail.xyz,0,23,8,1,0,0,0,0.75,0.0,1.0,randommail.xyz,0,1
774204964752@spammail.net,0,25,12,1,0,0,0,0.583,0.0,1.0,spammail.net,0,1
abc687@tempmail.co,0,18,6,1,0,0,0,1.0,0.5,0.5,tempmail.co,0,1
admin6967@fake-mail.net,0,23,9,1,0,0,0,0.889,0.556,0.444,fake-mail.net,0,1
aline.x@aol.com,1,15,7,0,1,0,0,1.0,0.857,0.0,aol.com,1,0
17zyqzss8v5x6@yopmail.com,0,25,13,1,0,0,0,0.846,0.615,0.385,yopmail.com,0,1
paula_carvalho@gmx.com,1,22,14,0,0,1,0,0.714,0.929,0.0,gmx.com,0,1
maria@tempmail.co,0,17,5,0,0,0,0,0.8,1.0,0.0,tempmail.co,0,1
rafael9@hotmial.com,1,19,7,1,0,0,0,0.857,0.857,0.143,hotmial.com,0,1
mon5ysr2xbr@yopmail.com,0,23,11,1,0,0,0,0.909,0.818,0.182,yopmail.com,0,1
5mwbwacj28@10minutemail.com,0,27,10,1,0,0,0,0.9,0.7,0.3,10minutemail.com,0,1
juliana31@mailtemp.org,0,22,9,1,0,0,0,0.889,0.778,0.222,mailtemp.org,0,1
roberto.antunes@protonmail.com,1,30,15,0,1,0,0,0.667,0.933,0.0,protonmail.com,1,0
luana_borges@10minutemail.com,0,29,12,0,0,1,0,0.917,0.917,0.0,10minutemail.com,0,1
abc705@10minutemail.com,0,23,6,1,0,0,0,1.0,0.5,0.5,10minutemail.com,0,1
camila34@live.com,1,17,8,1,0,0,0,0.875,0.75,0.25,live.com,1,0
bruno@outlok.com,1,16,5,0,0,0,0,1.0,1.0,0.0,outlok.com,0,1
felipe@outlok.com,1,17,6,0,0,0,0,0.833,1.0,0.0,outlok.com,0,1
paula17@outlook.co,1,18,7,1,0,0,0,0.857,0.714,0.286,outlook.co,0,1
200bdav_e1lzr-2@tempmail.co,0,27,15,1,0,1,1,0.867,0.533,0.333,tempmail.co,0,1
902203359@yopmail.com,0,21,9,1,0,0,0,0.556,0.0,1.0,yopmail.com,0,1
eduardo@tempmail.com,0,20,7,0,0,0,0,0.857,1.0,0.0,tempmail.com,0,1
pedro352@trashmail.com,1,22,8,1,0,0,0,1.0,0.625,0.375,trashmail.com,0,1
paulao_alves@tempmail.com,0,25,12,0,0,1,0,0.75,0.917,0.0,tempmail.com,0,1
juliana711@outlook.co,1,21,10,1,0,0,0,0.8,0.7,0.3,outlook.co,0,1
isabela96@gmail.co,1,18,9,1,0,0,0,0.889,0.778,0.222,gmail.co,0,1
sandra.borges@uol.com.br,1,24,13,0,1,0,0,0.769,0.923,0.0,uol.com.br,1,0
09809@mailnow.org,0,17,5,1,0,0,0,0.6,0.0,1.0,mailnow.org,0,1
carlos-gomes@gmail.co,1,21,12,0,0,0,1,0.833,0.917,0.0,gmail.co,0,1
snascimento@uol.com.br,1,22,11,0,0,0,0,0.818,1.0,0.0,uol.com.br,1,0
eb-shu-dkh@mailnow.org,0,22,10,0,0,0,2,0.8,0.8,0.0,mailnow.org,0,1
felipe@icloud.com,1,17,6,0,0,0,0,0.833,1.0,0.0,icloud.com,1,0
rafael.lima@hotmial.com,0,23,11,0,1,0,0,0.727,0.909,0.0,hotmial.com,0,1
felipe.martins@outlook.co,1,25,14,0,1,0,0,0.857,0.929,0.0,outlook.co,0,1
nicolas@yahoo.com,1,17,7,0,0,0,0,1.0,1.0,0.0,yahoo.com,1,0
nicolas.nascimento@hotmail.com,1,30,18,0,1,0,0,0.611,0.944,0.0,hotmail.com,1,0
mailuser994@randommail.xyz,0,26,11,1,0,0,0,0.909,0.727,0.273,randommail.xyz,0,1
thiago-pires@yahoo.com,1,22,12,0,0,0,1,0.917,0.917,0.0,yahoo.com,1,0
thiago_santos@trashmail.com,1,27,13,0,0,1,0,0.692,0.923,0.0,trashmail.com,0,1
lsilva@tempmail.com,1,19,6,0,0,0,0,0.833,1.0,0.0,tempmail.com,0,1
7571513453@tempmail.com,0,23,10,1,0,0,0,0.5,0.0,1.0,tempmail.com,0,1
799429733@mailnow.org,0,21,9,1,0,0,0,0.556,0.0,1.0,mailnow.org,0,1
roberto-cunha@gmaill.com,1,24,13,0,0,0,1,0.846,0.923,0.0,gmaill.com,0,1
carlos.ribeiro@gmail.com,1,24,14,0,1,0,0,0.714,0.929,0.0,gmail.com,1,0
jmartins@gmail.co,1,17,8,0,0,0,0,1.0,1.0,0.0,gmail.co,0,1
68784001@trashmail.com,0,22,8,1,0,0,0,0.75,0.0,1.0,trashmail.com,0,1
debora_oliveira@bol.com.br,1,26,15,0,0,1,0,0.667,0.933,0.0,bol.com.br,1,0
laura.araujo@outlook.com,1,24,12,0,1,0,0,0.583,0.917,0.0,outlook.com,1,0
aline87@gmail.co,1,16,7,1,0,0,0,1.0,0.714,0.286,gmail.co,0,1
aline-gomes@gmail.co,1,20,11,0,0,0,1,0.909,0.909,0.0,gmail.co,0,1
mailuser763@mailinator.com,0,26,11,1,0,0,0,1.0,0.727,0.273,mailinator.com,0,1
rsantos@outlook.co,1,18,7,0,0,0,0,0.857,1.0,0.0,outlook.co,0,1
clara_lima@aol.com,1,18,10,0,0,1,0,0.7,0.9,0.0,aol.com,1,0
rodrigo_silva@hotmial.com,1,25,13,0,0,1,0,0.769,0.923,0.0,hotmial.com,0,1
felipe_lima@hotmial.com,1,23,11,0,0,1,0,0.727,0.909,0.0,hotmial.com,0,1
vitoria.costa@fake-mail.net,0,27,13,0,1,0,0,0.692,0.923,0.0,fake-mail.net,0,1
isabela.carvalho@outlook.com,1,28,16,0,1,0,0,0.75,0.938,0.0,outlook.com,1,0
andre-rodrigues@guerrillamail.com,0,33,15,0,0,0,1,0.733,0.933,0.0,guerrillamail.com,0,1
support1807@mailme.one,0,22,11,1,0,0,0,0.909,0.636,0.364,mailme.one,0,1
bruno.freitas@yahoo.com,1,23,13,0,1,0,0,0.923,0.923,0.0,yahoo.com,1,0
66156522725@trashmail.com,0,25,11,1,0,0,0,0.455,0.0,1.0,trashmail.com,0,1
362m9e5i@mailinator.com,0,23,8,1,0,0,0,1.0,0.375,0.625,mailinator.com,0,1
qkrtmg9wadpvf@mailtemp.org,0,26,13,1,0,0,0,1.0,0.923,0.077,mailtemp.org,0,1
999647@tempmail.co,0,18,6,1,0,0,0,0.667,0.0,1.0,tempmail.co,0,1
henrique_carvalho@mailnow.org,0,29,17,0,0,1,0,0.765,0.941,0.0,mailnow.org,0,1
lucas754@aol.com,1,16,8,1,0,0,0,1.0,0.625,0.375,aol.com,1,0
giorgia.rocha@tempmail.co,0,25,13,0,1,0,0,0.615,0.923,0.0,tempmail.co,0,1
985206434@mailnow.org,0,21,9,1,0,0,0,0.889,0.0,1.0,mailnow.org,0,1
aline.ferreira@live.com,1,23,14,0,1,0,0,0.571,0.929,0.0,live.com,1,0
acunha@yaho.com,1,15,6,0,0,0,0,0.833,1.0,0.0,yaho.com,0,1
eduardo.borges@10minutemail.com,1,31,14,0,1,0,0,0.714,0.929,0.0,10minutemail.com,0,1
saz46abqz2@guerrillamail.com,0,28,10,1,0,0,0,0.8,0.7,0.3,guerrillamail.com,0,1
luana-oliveira@aol.com,1,22,14,0,0,0,1,0.714,0.929,0.0,aol.com,1,0
help8532@mailtemp.org,0,21,8,1,0,0,0,1.0,0.5,0.5,mailtemp.org,0,1
bsantos@tempmail.co,0,19,7,0,0,0,0,0.857,1.0,0.0,tempmail.co,0,1
laura.leite@gmail.co,1,20,11,0,1,0,0,0.727,0.909,0.0,gmail.co,0,1
2414331@trashmail.com,0,21,7,1,0,0,0,0.571,0.0,1.0,trashmail.com,0,1
rodrigo@gmaill.com,0,18,7,0,0,0,0,0.714,1.0,0.0,gmaill.com,0,1
pedro.oliveira@bol.com.br,1,25,14,0,1,0,0,0.714,0.929,0.0,bol.com.br,1,0
nribeiro@bol.com.br,1,19,8,0,0,0,0,0.75,1.0,0.0,bol.com.br,1,0
help265@tempmail.co,0,19,7,1,0,0,0,1.0,0.571,0.429,tempmail.co,0,1
gustavo.mendes@outlok.com,1,25,14,0,1,0,0,0.857,0.929,0.0,outlok.com,0,1
mateus.x@protonmail.com,1,23,8,0,1,0,0,1.0,0.875,0.0,protonmail.com,1,0
test531@randommail.xyz,0,22,7,1,0,0,0,0.857,0.571,0.429,randommail.xyz,0,1
gabriel338@icloud.com,1,21,10,1,0,0,0,0.9,0.7,0.3,icloud.com,1,0
beatriz-martins.x@yaho.com,1,26,17,0,1,0,1,0.765,0.882,0.0,yaho.com,0,1
nicolas@spammail.net,0,20,7,0,0,0,0,1.0,1.0,0.0,spammail.net,0,1
aline@hotmail.com,1,17,5,0,0,0,0,1.0,1.0,0.0,hotmail.com,1,0
nicolas_carvalho@hotmial.com,0,28,16,0,0,1,0,0.688,0.938,0.0,hotmial.com,0,1
service7496@trashmail.com,0,25,11,1,0,0,0,0.909,0.636,0.364,trashmail.com,0,1
eo4cytn8pla2@trashmail.com,0,26,12,1,0,0,0,1.0,0.75,0.25,trashmail.com,0,1
carlos71@outlok.com,0,19,8,1,0,0,0,1.0,0.75,0.25,outlok.com,0,1
rassis@uol.com.br,1,17,6,0,0,0,0,0.667,1.0,0.0,uol.com.br,1,0
jmendes@guerrillamail.com,1,25,7,0,0,0,0,0.857,1.0,0.0,guerrillamail.com,0,1
lucas.carvalho@terra.com.br,1,27,14,0,1,0,0,0.714,0.929,0.0,terra.com.br,1,0
henrique-vieira@hotmial.com,1,27,15,0,0,0,1,0.667,0.933,0.0,hotmial.com,0,1
mariana33@hotmial.com,1,21,9,1,0,0,0,0.667,0.778,0.222,hotmial.com,0,1
luana28@aol.com,1,15,7,1,0,0,0,0.857,0.714,0.286,aol.com,1,0
vitoria@gmail.com,1,17,7,0,0,0,0,0.857,1.0,0.0,gmail.com,1,0
maria@trashmail.com,0,19,5,0,0,0,0,0.8,1.0,0.0,trashmail.com,0,1
test591@trashmail.com,0,21,7,1,0,0,0,0.857,0.571,0.429,trashmail.com,0,1
jmartins.jr@live.com,1,20,11,0,1,0,0,0.818,0.909,0.0,live.com,1,0
juliana32@live.com,1,18,9,1,0,0,0,0.889,0.778,0.222,live.com,1,0
clara-araujo@mailnow.org,0,24,12,0,0,0,1,0.667,0.917,0.0,mailnow.org,0,1
paulao12@gmail.co,0,17,8,1,0,0,0,0.875,0.75,0.25,gmail.co,0,1
gabriel989@terra.com.br,1,23,10,1,0,0,0,0.9,0.7,0.3,terra.com.br,1,0
mailuser359@mailme.one,0,22,11,1,0,0,0,1.0,0.727,0.273,mailme.one,0,1
eduardo.silva@yahoo.com,1,23,13,0,1,0,0,0.846,0.923,0.0,yahoo.com,1,0
52130117@tempmail.co,0,20,8,1,0,0,0,0.75,0.0,1.0,tempmail.co,0,1
nicolas.cunha@gmail.co,0,22,13,0,1,0,0,0.769,0.923,0.0,gmail.co,0,1
0340078@yopmail.com,0,19,7,1,0,0,0,0.714,0.0,1.0,yopmail.com,0,1
rodrigo.ribeiro@hotmial.com,0,27,15,0,1,0,0,0.533,0.933,0.0,hotmial.com,0,1
90628363479@10minutemail.com,0,28,11,1,0,0,0,0.727,0.0,1.0,10minutemail.com,0,1
89665830@10minutemail.com,0,25,8,1,0,0,0,0.75,0.0,1.0,10minutemail.com,0,1
5qy6eawerwtrc6-t@tempmail.co,0,28,16,1,0,0,1,0.688,0.75,0.188,tempmail.co,0,1
980969@spammail.net,0,19,6,1,0,0,0,0.667,0.0,1.0,spammail.net,0,1
gabriel84@fake-mail.net,1,23,9,1,0,0,0,1.0,0.778,0.222,fake-mail.net,0,1
sandra.rocha@icloud.com,1,23,12,0,1,0,0,0.75,0.917,0.0,icloud.com,1,0
maria-carvalho@icloud.com,1,25,14,0,0,0,1,0.714,0.929,0.0,icloud.com,1,0
maria@mailcatch.com,0,19,5,0,0,0,0,0.8,1.0,0.0,mailcatch.com,0,1
marcos@disposablemail.com,0,25,6,0,0,0,0,1.0,1.0,0.0,disposablemail.com,0,1
495250@tempmail.co,0,18,6,1,0,0,0,0.833,0.0,1.0,tempmail.co,0,1
6382559483@mailtemp.org,0,23,10,1,0,0,0,0.7,0.0,1.0,mailtemp.org,0,1
sandra@gmx.com,1,14,6,0,0,0,0,0.833,1.0,0.0,gmx.com,0,1
gabriel31@gmaill.com,1,20,9,1,0,0,0,1.0,0.778,0.222,gmaill.com,0,1
marcos903@icloud.com,1,20,9,1,0,0,0,1.0,0.667,0.333,icloud.com,1,0
crodrigues@hotmail.com,1,22,10,0,0,0,0,0.9,1.0,0.0,hotmail.com,1,0
luana622@gmail.com,1,18,8,1,0,0,0,0.75,0.625,0.375,gmail.com,1,0
nassis@mailtemp.org,0,19,6,0,0,0,0,0.667,1.0,0.0,mailtemp.org,0,1
2djsoo@tempmail.co,0,18,6,1,0,0,0,0.833,0.833,0.167,tempmail.co,0,1
support6097@guerrillamail.com,0,29,11,1,0,0,0,0.909,0.636,0.364,guerrillamail.com,0,1
debora_silva@icloud.com,1,23,12,0,0,1,0,0.917,0.917,0.0,icloud.com,1,0
vitoria_gomes@live.com,1,22,13,0,0,1,0,0.846,0.923,0.0,live.com,1,0
test815@guerrillamail.com,0,25,7,1,0,0,0,0.857,0.571,0.429,guerrillamail.com,0,1
tompsdwx96@mailinator.com,0,25,10,1,0,0,0,1.0,0.8,0.2,mailinator.com,0,1
ricardo-gomes@icloud.com,1,24,13,0,0,0,1,0.846,0.923,0.0,icloud.com,1,0
contact325@mailcatch.com,0,24,10,1,0,0,0,0.8,0.7,0.3,mailcatch.com,0,1
2222535844@tempmail.co,0,22,10,1,0,0,0,0.5,0.0,1.0,tempmail.co,0,1
10537359815@mailtemp.org,0,24,11,1,0,0,0,0.636,0.0,1.0,mailtemp.org,0,1
bdias@live.com,1,14,5,0,0,0,0,1.0,1.0,0.0,live.com,1,0
beatriz86@uol.com.br,1,20,9,1,0,0,0,1.0,0.778,0.222,uol.com.br,1,0
antonio_alves@mailcatch.com,0,27,13,0,0,1,0,0.769,0.923,0.0,mailcatch.com,0,1
bruno54@gmaill.com,0,18,7,1,0,0,0,1.0,0.714,0.286,gmaill.com,0,1
0.8dqrtu5nf6@tempmail.co,0,24,12,1,1,0,0,1.0,0.583,0.333,tempmail.co,0,1
aline825.jr@outlook.co,1,22,11,1,1,0,0,1.0,0.636,0.273,outlook.co,0,1
antonio_costa@bol.com.br,1,24,13,0,0,1,0,0.615,0.923,0.0,bol.com.br,1,0
eduardo.pires@icloud.com,1,24,13,0,1,0,0,0.769,0.923,0.0,icloud.com,1,0
lucas_rocha@yaho.com,1,20,11,0,0,1,0,0.818,0.909,0.0,yaho.com,0,1
clara.nascimento@bol.com.br,1,27,16,0,1,0,0,0.75,0.938,0.0,bol.com.br,1,0
2xrf9q0mcb6_b@mailme.one,0,24,13,1,0,1,0,0.923,0.615,0.308,mailme.one,0,1
rafael-borges@protonmail.com,1,28,13,0,0,0,1,0.769,0.923,0.0,protonmail.com,1,0
19829204@mailinator.com,0,23,8,1,0,0,0,0.75,0.0,1.0,mailinator.com,0,1
carlos.araujo@protonmail.com,1,28,13,0,1,0,0,0.692,0.923,0.0,protonmail.com,1,0
eduardo.rodrigues@hotmail.com,1,29,17,0,1,0,0,0.588,0.941,0.0,hotmail.com,1,0
debora.santos@uol.com.br,1,24,13,0,1,0,0,0.769,0.923,0.0,uol.com.br,1,0
esouza@10minutemail.com,0,23,6,0,0,0,0,1.0,1.0,0.0,10minutemail.com,0,1
a33op3@mailme.one,0,17,6,1,0,0,0,0.667,0.5,0.5,mailme.one,0,1
61880146@disposablemail.com,0,27,8,1,0,0,0,0.625,0.0,1.0,disposablemail.com,0,1
ricardo972@randommail.xyz,0,25,10,1,0,0,0,0.9,0.7,0.3,randommail.xyz,0,1
antonio_leite@10minutemail.com,0,30,13,0,0,1,0,0.615,0.923,0.0,10minutemail.com,0,1
azwmz6jxryx5zv@randommail.xyz,0,29,14,1,0,0,0,0.786,0.857,0.143,randommail.xyz,0,1
2771240100@spammail.net,0,23,10,1,0,0,0,0.5,0.0,1.0,spammail.net,0,1
isabela-silva@gmaill.com,1,24,13,0,0,0,1,0.615,0.923,0.0,gmaill.com,0,1
abc382@mailme.one,0,17,6,1,0,0,0,1.0,0.5,0.5,mailme.one,0,1
pedro_mendes@gmail.com,1,22,12,0,0,1,0,0.75,0.917,0.0,gmail.com,1,0
nicolas-ribeiro@yaho.com,0,24,15,0,0,0,1,0.733,0.933,0.0,yaho.com,0,1
0520575492@yopmail.com,0,22,10,1,0,0,0,0.6,0.0,1.0,yopmail.com,0,1
service6836@mailnow.org,0,23,11,1,0,0,0,0.818,0.636,0.364,mailnow.org,0,1
eduardo_nascimento@aol.com,1,26,18,0,0,1,0,0.722,0.944,0.0,aol.com,1,0
marcos@yaho.com,1,15,6,0,0,0,0,1.0,1.0,0.0,yaho.com,0,1
massis@tempmail.com,0,19,6,0,0,0,0,0.667,1.0,0.0,tempmail.com,0,1
clara65@outlook.co,1,18,7,1,0,0,0,0.857,0.714,0.286,outlook.co,0,1
soliveira@yaho.com,1,18,9,0,0,0,0,0.889,1.0,0.0,yaho.com,0,1
pedro@yaho.com,1,14,5,0,0,0,0,1.0,1.0,0.0,yaho.com,0,1
0n8mz51or4@trashmail.com,0,24,10,1,0,0,0,1.0,0.5,0.5,trashmail.com,0,1
service6116@mailtemp.org,0,24,11,1,0,0,0,0.727,0.636,0.364,mailtemp.org,0,1
kkke3imia@disposablemail.com,0,28,9,1,0,0,0,0.667,0.889,0.111,disposablemail.com,0,1
marcos-gomes@icloud.com,1,23,12,0,0,0,1,0.75,0.917,0.0,icloud.com,1,0
im28aqwd1bqfd@tempmail.com,0,26,13,1,0,0,0,0.846,0.769,0.231,tempmail.com,0,1
nicolas.gomes@mailcatch.com,1,27,13,0,1,0,0,0.846,0.923,0.0,mailcatch.com,0,1
mailuser395@spammail.net,0,24,11,1,0,0,0,1.0,0.727,0.273,spammail.net,0,1
luana.souza@yahoo.com,1,21,11,0,1,0,0,0.727,0.909,0.0,yahoo.com,1,0
admin9257@randommail.xyz,0,24,9,1,0,0,0,1.0,0.556,0.444,randommail.xyz,0,1
ecarvalho@fake-mail.net,1,23,9,0,0,0,0,0.889,1.0,0.0,fake-mail.net,0,1
ricardo11@tempmail.com,0,22,9,1,0,0,0,0.778,0.778,0.222,tempmail.com,0,1
hsouza@outlok.com,1,17,6,0,0,0,0,1.0,1.0,0.0,outlok.com,0,1
beatriz48@aol.com,1,17,9,1,0,0,0,1.0,0.778,0.222,aol.com,1,0
debora-rocha@bol.com.br,1,23,12,0,0,0,1,0.75,0.917,0.0,bol.com.br,1,0
aline_nascimento@mailnow.org,0,28,16,0,0,1,0,0.688,0.938,0.0,mailnow.org,0,1
admin9721@trashmail.com,0,23,9,1,0,0,0,1.0,0.556,0.444,trashmail.com,0,1
gustavo.araujo.x@bol.com.br,1,27,16,0,2,0,0,0.688,0.875,0.0,bol.com.br,1,0
330836@mailnow.org,0,18,6,1,0,0,0,0.667,0.0,1.0,mailnow.org,0,1
ricardo-moreira@yopmail.com,0,27,15,0,0,0,1,0.6,0.933,0.0,yopmail.com,0,1
rodrigo_alves@yaho.com,1,22,13,0,0,1,0,0.846,0.923,0.0,yaho.com,0,1
support2221@tempmail.com,0,24,11,1,0,0,0,0.727,0.636,0.364,tempmail.com,0,1
camila60@gmail.co,1,17,8,1,0,0,0,0.875,0.75,0.25,gmail.co,0,1
rafael610@10minutemail.com,0,26,9,1,0,0,0,0.889,0.667,0.333,10minutemail.com,0,1
voliveira@terra.com.br,1,22,9,0,0,0,0,0.778,1.0,0.0,terra.com.br,1,0
rafael-mendes@disposablemail.com,0,32,13,0,0,0,1,0.769,0.923,0.0,disposablemail.com,0,1
cassis@live.com,1,15,6,0,0,0,0,0.667,1.0,0.0,live.com,1,0
thiago810@mailme.one,0,20,9,1,0,0,0,1.0,0.667,0.333,mailme.one,0,1
99628690939@fake-mail.net,0,25,11,1,0,0,0,0.545,0.0,1.0,fake-mail.net,0,1
8376568@mailcatch.com,0,21,7,1,0,0,0,0.714,0.0,1.0,mailcatch.com,0,1
thiago.nascimento@hotmial.com,0,29,17,0,1,0,0,0.706,0.941,0.0,hotmial.com,0,1
contact2548@mailtemp.org,0,24,11,1,0,0,0,0.818,0.636,0.364,mailtemp.org,0,1
rleite@yaho.com,1,15,6,0,0,0,0,0.833,1.0,0.0,yaho.com,0,1
493377731097@mailtemp.org,0,25,12,1,0,0,0,0.5,0.0,1.0,mailtemp.org,0,1
8ow7jo5lsxb6mvj@mailme.one,0,26,15,1,0,0,0,0.867,0.733,0.267,mailme.one,0,1
lcosta.jr@mailnow.org,0,21,9,0,1,0,0,1.0,0.889,0.0,mailnow.org,0,1
i5wl0jd0i2v@tempmail.com,0,24,11,1,0,0,0,0.818,0.636,0.364,tempmail.com,0,1
230318412028@spammail.net,0,25,12,1,0,0,0,0.5,0.0,1.0,spammail.net,0,1
marcos44.x@mailnow.org,0,22,10,1,1,0,0,0.9,0.7,0.2,mailnow.org,0,1
juliana99@gmaill.com,1,20,9,1,0,0,0,0.778,0.778,0.222,gmaill.com,0,1
489095691330@fake-mail.net,0,26,12,1,0,0,0,0.667,0.0,1.0,fake-mail.net,0,1
rodrigo97@disposablemail.com,1,28,9,1,0,0,0,0.778,0.778,0.222,disposablemail.com,0,1
419235@yopmail.com,0,18,6,1,0,0,0,1.0,0.0,1.0,yopmail.com,0,1
sandra@mailinator.com,0,21,6,0,0,0,0,0.833,1.0,0.0,mailinator.com,0,1
rodrigo-nascimento@icloud.com,1,29,18,0,0,0,1,0.722,0.944,0.0,icloud.com,1,0
debora.assis@mailnow.org,0,24,12,0,1,0,0,0.75,0.917,0.0,mailnow.org,0,1
b4.z18wk@guerrillamail.com,0,26,8,1,1,0,0,1.0,0.5,0.375,guerrillamail.com,0,1
juliana.rodrigues@mailme.one,0,28,17,0,1,0,0,0.765,0.941,0.0,mailme.one,0,1
gabriel-dias@yaho.com,1,21,12,0,0,0,1,0.833,0.917,0.0,yaho.com,0,1
henrique-alves@hotmial.com,0,26,14,0,0,0,1,0.857,0.929,0.0,hotmial.com,0,1
beatriz35@bol.com.br,1,20,9,1,0,0,0,1.0,0.778,0.222,bol.com.br,1,0
406557890185@tempmail.co,0,24,12,1,0,0,0,0.667,0.0,1.0,tempmail.co,0,1
luana18@mailinator.com,0,22,7,1,0,0,0,0.857,0.714,0.286,mailinator.com,0,1
service2505@guerrillamail.com,0,29,11,1,0,0,0,0.818,0.636,0.364,guerrillamail.com,0,1
mleite@outlook.co,1,17,6,0,0,0,0,0.833,1.0,0.0,outlook.co,0,1
pedro_ribeiro@outlok.com,1,24,13,0,0,1,0,0.615,0.923,0.0,outlok.com,0,1
henrique549@randommail.xyz,0,26,11,1,0,0,0,0.909,0.727,0.273,randommail.xyz,0,1
eduardo901@yaho.com,0,19,10,1,0,0,0,0.9,0.7,0.3,yaho.com,0,1
example571@mailinator.com,0,25,10,1,0,0,0,0.9,0.7,0.3,mailinator.com,0,1
pedro@gmail.co,1,14,5,0,0,0,0,1.0,1.0,0.0,gmail.co,0,1
mmoreira@hotmial.com,1,20,8,0,0,0,0,0.75,1.0,0.0,hotmial.com,0,1
luana.costa@outlok.com,0,22,11,0,1,0,0,0.818,0.909,0.0,outlok.com,0,1
beatriz24@mailme.one,1,20,9,1,0,0,0,1.0,0.778,0.222,mailme.one,0,1
giorgia10@terra.com.br,1,22,9,1,0,0,0,0.778,0.778,0.222,terra.com.br,1,0
isabela-rocha@hotmail.com,1,25,13,0,0,0,1,0.846,0.923,0.0,hotmail.com,1,0
nicolas_mendes@yahoo.com,1,24,14,0,0,1,0,0.786,0.929,0.0,yahoo.com,1,0
53r4dtad4w@mailcatch.com,0,24,10,1,0,0,0,0.8,0.6,0.4,mailcatch.com,0,1
mailuser334@mailme.one,0,22,11,1,0,0,0,0.909,0.727,0.273,mailme.one,0,1
517225327@yopmail.com,0,21,9,1,0,0,0,0.556,0.0,1.0,yopmail.com,0,1
debora@outlook.co,1,17,6,0,0,0,0,1.0,1.0,0.0,outlook.co,0,1
5563395@randommail.xyz,0,22,7,1,0,0,0,0.571,0.0,1.0,randommail.xyz,0,1
test26@tempmail.co,0,18,6,1,0,0,0,0.833,0.667,0.333,tempmail.co,0,1
ricardo-pereira@gmaill.com,0,26,15,0,0,0,1,0.6,0.933,0.0,gmaill.com,0,1
zllzp2uuy_6xro@mailinator.com,0,29,14,1,0,1,0,0.786,0.786,0.143,mailinator.com,0,1
82925349247@mailinator.com,0,26,11,1,0,0,0,0.636,0.0,1.0,mailinator.com,0,1
ricardo_moreira@hotmial.com,1,27,15,0,0,1,0,0.6,0.933,0.0,hotmial.com,0,1
rsantos@trashmail.com,1,21,7,0,0,0,0,0.857,1.0,0.0,trashmail.com,0,1
vitoria_silva@gmail.com,1,23,13,0,0,1,0,0.692,0.923,0.0,gmail.com,1,0
debora_vieira@protonmail.com,1,28,13,0,0,1,0,0.692,0.923,0.0,protonmail.com,1,0
hsouza@yaho.com,0,15,6,0,0,0,0,1.0,1.0,0.0,yaho.com,0,1
aline67@gmail.com,1,17,7,1,0,0,0,1.0,0.714,0.286,gmail.com,1,0
andre.rocha.x@uol.com.br,1,24,13,0,2,0,0,0.769,0.846,0.0,uol.com.br,1,0
joao_souza@gmx.com,1,18,10,0,0,1,0,0.7,0.9,0.0,gmx.com,0,1
carlos@bol.com.br,1,17,6,0,0,0,0,1.0,1.0,0.0,bol.com.br,1,0
ricardo-mendes@icloud.com,1,25,14,0,0,0,1,0.786,0.929,0.0,icloud.com,1,0
henrique-lima@yaho.com,1,22,13,0,0,0,1,0.846,0.923,0.0,yaho.com,0,1
eduardo-dias@protonmail.com,1,27,12,0,0,0,1,0.75,0.917,0.0,protonmail.com,1,0
contact2869@disposablemail.com,0,30,11,1,0,0,0,0.818,0.636,0.364,disposablemail.com,0,1
henrique@live.com,1,17,8,0,0,0,0,0.875,1.0,0.0,live.com,1,0
aline_santos@yahoo.com,1,22,12,0,0,1,0,0.75,0.917,0.0,yahoo.com,1,0
test655@mailcatch.com,0,21,7,1,0,0,0,0.714,0.571,0.429,mailcatch.com,0,1
rafael6@hotmail.com,1,19,7,1,0,0,0,0.857,0.857,0.143,hotmail.com,1,0
rodrigo@protonmail.com,1,22,7,0,0,0,0,0.714,1.0,0.0,protonmail.com,1,0
henrique.araujo@uol.com.br,1,26,15,0,1,0,0,0.733,0.933,0.0,uol.com.br,1,0
contact5045@mailinator.com,0,26,11,1,0,0,0,0.727,0.636,0.364,mailinator.com,0,1
maria-carvalho@gmail.co,1,23,14,0,0,0,1,0.714,0.929,0.0,gmail.co,0,1
amendes@tempmail.co,0,19,7,0,0,0,0,0.857,1.0,0.0,tempmail.co,0,1
sofia75@10minutemail.com,0,24,7,1,0,0,0,1.0,0.714,0.286,10minutemail.com,0,1
o8a-yafk@mailinator.com,0,23,8,1,0,0,1,0.875,0.75,0.125,mailinator.com,0,1
cgbvqcedniq@spammail.net,0,24,11,0,0,0,0,0.818,1.0,0.0,spammail.net,0,1
mariana37@outlok.com,1,20,9,1,0,0,0,0.778,0.778,0.222,outlok.com,0,1
admin2263@disposablemail.com,0,28,9,1,0,0,0,0.889,0.556,0.444,disposablemail.com,0,1
rafael-barros@mailnow.org,0,25,13,0,0,0,1,0.692,0.923,0.0,mailnow.org,0,1
henrique564.jr@bol.com.br,1,25,14,1,1,0,0,0.857,0.714,0.214,bol.com.br,1,0
09058067@fake-mail.net,0,22,8,1,0,0,0,0.75,0.0,1.0,fake-mail.net,0,1
966271@disposablemail.com,0,25,6,1,0,0,0,0.833,0.0,1.0,disposablemail.com,0,1
865020118@randommail.xyz,0,24,9,1,0,0,0,0.667,0.0,1.0,randommail.xyz,0,1
lucas.vieira@live.com,1,21,12,0,1,0,0,0.833,0.917,0.0,live.com,1,0
bruno_pires@gmail.co,0,20,11,0,0,1,0,0.909,0.909,0.0,gmail.co,0,1
tocp8fp1k8@mailtemp.org,0,23,10,1,0,0,0,0.8,0.7,0.3,mailtemp.org,0,1
procha@bol.com.br,1,17,6,0,0,0,0,1.0,1.0,0.0,bol.com.br,1,0
ana_dias@outlook.co,1,19,8,0,0,1,0,0.75,0.875,0.0,outlook.co,0,1
j3lp15tftzwcd4@tempmail.co,0,26,14,1,0,0,0,0.929,0.714,0.286,tempmail.co,0,1
isabela_cunha@outlook.com,1,25,13,0,0,1,0,0.846,0.923,0.0,outlook.com,1,0
pedro-ferreira@trashmail.com,1,28,14,0,0,0,1,0.643,0.929,0.0,trashmail.com,0,1
aline425@gmaill.com,0,19,8,1,0,0,0,1.0,0.625,0.375,gmaill.com,0,1
srodrigues@outlok.com,1,21,10,0,0,0,0,0.8,1.0,0.0,outlok.com,0,1
icarvalho@live.com,1,18,9,0,0,0,0,0.889,1.0,0.0,live.com,1,0
isabela_dias.x@hotmail.com,1,26,14,0,1,1,0,0.714,0.857,0.0,hotmail.com,1,0
hy05y5fnx@mailnow.org,0,21,9,1,0,0,0,0.778,0.667,0.333,mailnow.org,0,1
example767@mailme.one,0,21,10,1,0,0,0,0.8,0.7,0.3,mailme.one,0,1
rodrigo88@gmail.co,0,18,9,1,0,0,0,0.667,0.778,0.222,gmail.co,0,1
eq58wzuacz@mailme.one,0,21,10,1,0,0,0,0.9,0.8,0.2,mailme.one,0,1
maria.santos@hotmial.com,0,24,12,0,1,0,0,0.75,0.917,0.0,hotmial.com,0,1
thiago-cunha@outlook.co,1,23,12,0,0,0,1,0.833,0.917,0.0,outlook.co,0,1
661055882101@mailme.one,0,23,12,1,0,0,0,0.5,0.0,1.0,mailme.one,0,1
978098@10minutemail.com,0,23,6,1,0,0,0,0.667,0.0,1.0,10minutemail.com,0,1
692754262@tempmail.co,0,21,9,1,0,0,0,0.667,0.0,1.0,tempmail.co,0,1
rud24dkrf4fx@trashmail.com,0,26,12,1,0,0,0,0.667,0.75,0.25,trashmail.com,0,1
mateus_nascimento@tempmail.co,0,29,17,0,0,1,0,0.647,0.941,0.0,tempmail.co,0,1
gustavo@gmx.com,1,15,7,0,0,0,0,1.0,1.0,0.0,gmx.com,0,1
428980762@mailinator.com,0,24,9,1,0,0,0,0.778,0.0,1.0,mailinator.com,0,1
ricardo-souza@outlook.com,1,25,13,0,0,0,1,0.769,0.923,0.0,outlook.com,1,0
giorgia.araujo@outlook.co,0,25,14,0,1,0,0,0.571,0.929,0.0,outlook.co,0,1
baraujo@gmaill.com,1,18,7,0,0,0,0,0.857,1.0,0.0,gmaill.com,0,1
paula-rocha@hotmial.com,1,23,11,0,0,0,1,0.818,0.909,0.0,hotmial.com,0,1
pedro947@gmaill.com,1,19,8,1,0,0,0,1.0,0.625,0.375,gmaill.com,0,1
uys9p7sephom@trashmail.com,0,26,12,1,0,0,0,0.833,0.833,0.167,trashmail.com,0,1
672zqpj_5v4h@tempmail.co,0,24,12,1,0,1,0,1.0,0.5,0.417,tempmail.co,0,1
camila@yaho.com,1,15,6,0,0,0,0,0.833,1.0,0.0,yaho.com,0,1
clara-alves@outlook.com,1,23,11,0,0,0,1,0.727,0.909,0.0,outlook.com,1,0
abc73@spammail.net,0,18,5,1,0,0,0,1.0,0.6,0.4,spammail.net,0,1
116870094@mailinator.com,0,24,9,1,0,0,0,0.778,0.0,1.0,mailinator.com,0,1
08962106@mailinator.com,0,23,8,1,0,0,0,0.75,0.0,1.0,mailinator.com,0,1
beawqw29py5kh2@disposablemail.com,0,33,14,1,0,0,0,0.857,0.714,0.286,disposablemail.com,0,1
giorgia@tempmail.co,0,19,7,0,0,0,0,0.714,1.0,0.0,tempmail.co,0,1
user936@guerrillamail.com,0,25,7,1,0,0,0,1.0,0.571,0.429,guerrillamail.com,0,1
vitoria-dias@protonmail.com,1,27,12,0,0,0,1,0.75,0.917,0.0,protonmail.com,1,0
example746@mailinator.com,0,25,10,1,0,0,0,0.9,0.7,0.3,mailinator.com,0,1
6le9cb6@tempmail.com,0,20,7,1,0,0,0,0.857,0.571,0.429,tempmail.com,0,1
admin2504@randommail.xyz,0,24,9,1,0,0,0,1.0,0.556,0.444,randommail.xyz,0,1
beatriz.ribeiro@protonmail.com,1,30,15,0,1,0,0,0.6,0.933,0.0,protonmail.com,1,0
928fmcapt@mailme.one,0,20,9,1,0,0,0,1.0,0.667,0.333,mailme.one,0,1
beatriz544@outlook.com,1,22,10,1,0,0,0,0.9,0.7,0.3,outlook.com,1,0
debora-pires@mailme.one,0,23,12,0,0,0,1,0.833,0.917,0.0,mailme.one,0,1
mateus_moreira@terra.com.br,1,27,14,0,0,1,0,0.714,0.929,0.0,terra.com.br,1,0
987117735@mailcatch.com,0,23,9,1,0,0,0,0.667,0.0,1.0,mailcatch.com,0,1
mailuser96@yopmail.com,0,22,10,1,0,0,0,1.0,0.8,0.2,yopmail.com,0,1
eduardo.assis@icloud.com,1,24,13,0,1,0,0,0.692,0.923,0.0,icloud.com,1,0
mateus-costa@gmx.com,1,20,12,0,0,0,1,0.75,0.917,0.0,gmx.com,0,1
upwtb4v8@mailme.one,0,19,8,1,0,0,0,1.0,0.75,0.25,mailme.one,0,1
vitoria.souza@mailtemp.org,0,26,13,0,1,0,0,0.769,0.923,0.0,mailtemp.org,0,1
rafael-rodrigues@bol.com.br,1,27,16,0,0,0,1,0.75,0.938,0.0,bol.com.br,1,0
beatriz493@hotmial.com,1,22,10,1,0,0,0,1.0,0.7,0.3,hotmial.com,0,1
henrique.moura@randommail.xyz,0,29,14,0,1,0,0,0.786,0.929,0.0,randommail.xyz,0,1
paulao@mailnow.org,0,18,6,0,0,0,0,0.833,1.0,0.0,mailnow.org,0,1
vitoria-gomes@live.com,1,22,13,0,0,0,1,0.846,0.923,0.0,live.com,1,0
paulao@outlook.co,1,17,6,0,0,0,0,0.833,1.0,0.0,outlook.co,0,1
80208116@disposablemail.com,0,27,8,1,0,0,0,0.625,0.0,1.0,disposablemail.com,0,1
andre-martins@tempmail.com,1,26,13,0,0,0,1,0.769,0.923,0.0,tempmail.com,0,1
carlos27.jr@hotmial.com,0,23,11,1,1,0,0,0.909,0.727,0.182,hotmial.com,0,1
debora_araujo@hotmial.com,0,25,13,0,0,1,0,0.692,0.923,0.0,hotmial.com,0,1
mateus.carvalho@trashmail.com,1,29,15,0,1,0,0,0.867,0.933,0.0,trashmail.com,0,1
b7s9__zkky-blv@tempmail.co,0,26,14,1,0,2,1,0.786,0.643,0.143,tempmail.co,0,1
256695459056@mailinator.com,0,27,12,1,0,0,0,0.5,0.0,1.0,mailinator.com,0,1
cpires@gmaill.com,1,17,6,0,0,0,0,1.0,1.0,0.0,gmaill.com,0,1
clara.ribeiro@disposablemail.com,0,32,13,0,1,0,0,0.692,0.923,0.0,disposablemail.com,0,1
sandra15@outlook.co,1,19,8,1,0,0,0,0.875,0.75,0.25,outlook.co,0,1
aline655@outlook.co,1,19,8,1,0,0,0,0.875,0.625,0.375,outlook.co,0,1
help5174@mailinator.com,0,23,8,1,0,0,0,1.0,0.5,0.5,mailinator.com,0,1
amartins@gmail.com,1,18,8,0,0,0,0,0.875,1.0,0.0,gmail.com,1,0
aline@disposablemail.com,0,24,5,0,0,0,0,1.0,1.0,0.0,disposablemail.com,0,1
sofia132@terra.com.br,1,21,8,1,0,0,0,1.0,0.625,0.375,terra.com.br,1,0
bruno17@outlook.com,1,19,7,1,0,0,0,1.0,0.714,0.286,outlook.com,1,0
59422139@randommail.xyz,0,23,8,1,0,0,0,0.75,0.0,1.0,randommail.xyz,0,1
ain.v1a.swe@mailme.one,0,22,11,1,2,0,0,0.818,0.727,0.091,mailme.one,0,1
admin5637@guerrillamail.com,0,27,9,1,0,0,0,1.0,0.556,0.444,guerrillamail.com,0,1
carlos-souza@guerrillamail.com,0,30,12,0,0,0,1,0.75,0.917,0.0,guerrillamail.com,0,1
eduardo444@yopmail.com,0,22,10,1,0,0,0,0.7,0.7,0.3,yopmail.com,0,1
ana-moreira@mailnow.org,0,23,11,0,0,0,1,0.727,0.909,0.0,mailnow.org,0,1
service4087@mailinator.com,0,26,11,1,0,0,0,0.909,0.636,0.364,mailinator.com,0,1
roberto-souza@hotmial.com,1,25,13,0,0,0,1,0.769,0.923,0.0,hotmial.com,0,1
carlos762@hotmail.com,1,21,9,1,0,0,0,1.0,0.667,0.333,hotmail.com,1,0
ipires@gmaill.com,1,17,6,0,0,0,0,0.833,1.0,0.0,gmaill.com,0,1
mariana@protonmail.com,1,22,7,0,0,0,0,0.714,1.0,0.0,protonmail.com,1,0
94970080@fake-mail.net,0,22,8,1,0,0,0,0.625,0.0,1.0,fake-mail.net,0,1
antonio-moreira@gmx.com,1,23,15,0,0,0,1,0.6,0.933,0.0,gmx.com,0,1
beatriz.ribeiro@outlook.co,1,26,15,0,1,0,0,0.6,0.933,0.0,outlook.co,0,1
fernando-lima@gmail.co,1,22,13,0,0,0,1,0.846,0.923,0.0,gmail.co,0,1
antonio@gmail.co,1,16,7,0,0,0,0,0.714,1.0,0.0,gmail.co,0,1
joao@gmaill.com,1,15,4,0,0,0,0,0.75,1.0,0.0,gmaill.com,0,1
yd3mynue@mailme.one,0,19,8,1,0,0,0,0.875,0.875,0.125,mailme.one,0,1
marcos46@yaho.com,1,17,8,1,0,0,0,1.0,0.75,0.25,yaho.com,0,1
antonio-gomes@icloud.com,1,24,13,0,0,0,1,0.769,0.923,0.0,icloud.com,1,0
82cu.sb84k@mailme.one,0,21,10,1,1,0,0,0.9,0.5,0.4,mailme.one,0,1
laura.santos@yopmail.com,0,24,12,0,1,0,0,0.75,0.917,0.0,yopmail.com,0,1
bruno@mailcatch.com,0,19,5,0,0,0,0,1.0,1.0,0.0,mailcatch.com,0,1
carlos.rodrigues@outlook.com,1,28,16,0,1,0,0,0.75,0.938,0.0,outlook.com,1,0
admin3775@disposablemail.com,0,28,9,1,0,0,0,0.889,0.556,0.444,disposablemail.com,0,1
example979@mailcatch.com,0,24,10,1,0,0,0,0.8,0.7,0.3,mailcatch.com,0,1
abc417@mailtemp.org,0,19,6,1,0,0,0,1.0,0.5,0.5,mailtemp.org,0,1
ana-rocha@hotmail.com,1,21,9,0,0,0,1,0.778,0.889,0.0,hotmail.com,1,0
paula@10minutemail.com,0,22,5,0,0,0,0,0.8,1.0,0.0,10minutemail.com,0,1
gnascimento@outlook.co,1,22,11,0,0,0,0,0.909,1.0,0.0,outlook.co,0,1
jwyr248x533db@guerrillamail.com,0,31,13,1,0,0,0,0.923,0.538,0.462,guerrillamail.com,0,1
clara.ferreira@hotmial.com,1,26,14,0,1,0,0,0.571,0.929,0.0,hotmial.com,0,1
4683197825@mailtemp.org,0,23,10,1,0,0,0,0.9,0.0,1.0,mailtemp.org,0,1
roberto.santos@hotmail.com,1,26,14,0,1,0,0,0.643,0.929,0.0,hotmail.com,1,0
paula-oliveira@terra.com.br,1,27,14,0,0,0,1,0.714,0.929,0.0,terra.com.br,1,0
mateus.barros@protonmail.com,1,28,13,0,1,0,0,0.769,0.923,0.0,protonmail.com,1,0
84602039000@mailtemp.org,0,24,11,1,0,0,0,0.636,0.0,1.0,mailtemp.org,0,1
665834470322@spammail.net,0,25,12,1,0,0,0,0.667,0.0,1.0,spammail.net,0,1
nicolas801@mailtemp.org,0,23,10,1,0,0,0,1.0,0.7,0.3,mailtemp.org,0,1
hsouza@protonmail.com,1,21,6,0,0,0,0,1.0,1.0,0.0,protonmail.com,1,0
service9903@tempmail.co,0,23,11,1,0,0,0,0.818,0.636,0.364,tempmail.co,0,1
rafael_ferreira@hotmial.com,1,27,15,0,0,1,0,0.467,0.933,0.0,hotmial.com,0,1
vitoria55@gmail.com,1,19,9,1,0,0,0,0.778,0.778,0.222,gmail.com,1,0
gabriel833@outlok.com,0,21,10,1,0,0,0,0.9,0.7,0.3,outlok.com,0,1
pdias@trashmail.com,1,19,5,0,0,0,0,1.0,1.0,0.0,trashmail.com,0,1
twmkag7xotnx8h0@guerrillamail.com,0,33,15,1,0,0,0,0.867,0.8,0.2,guerrillamail.com,0,1
nicolas.lima@fake-mail.net,1,26,12,0,1,0,0,0.75,0.917,0.0,fake-mail.net,0,1
i5e0l1q9@mailnow.org,0,20,8,1,0,0,0,1.0,0.5,0.5,mailnow.org,0,1
paula-moura@outlook.com,1,23,11,0,0,0,1,0.727,0.909,0.0,outlook.com,1,0
user467@yopmail.com,0,19,7,1,0,0,0,1.0,0.571,0.429,yopmail.com,0,1
felipe.gomes@yahoo.com,1,22,12,0,1,0,0,0.833,0.917,0.0,yahoo.com,1,0
pedro@hotmial.com,1,17,5,0,0,0,0,1.0,1.0,0.0,hotmial.com,0,1
juliana811@mailtemp.org,0,23,10,1,0,0,0,0.8,0.7,0.3,mailtemp.org,0,1
dlbw2u68.p@guerrillamail.com,0,28,10,1,1,0,0,1.0,0.6,0.3,guerrillamail.com,0,1
0831707@mailinator.com,0,22,7,1,0,0,0,0.714,0.0,1.0,mailinator.com,0,1
fernando.ferreira@hotmail.com,1,29,17,0,1,0,0,0.529,0.941,0.0,hotmail.com,1,0
bruno@tempmail.co,0,17,5,0,0,0,0,1.0,1.0,0.0,tempmail.co,0,1
7pfrc-u1x2@10minutemail.com,0,27,10,1,0,0,1,1.0,0.6,0.3,10minutemail.com,0,1
sandra740@outlook.com,1,21,9,1,0,0,0,0.889,0.667,0.333,outlook.com,1,0
ricardo_mendes@protonmail.com,1,29,14,0,0,1,0,0.786,0.929,0.0,protonmail.com,1,0
henrique.barros@randommail.xyz,1,30,15,0,1,0,0,0.8,0.933,0.0,randommail.xyz,0,1
ldqfhdn9l9hg@tempmail.com,0,25,12,1,0,0,0,0.667,0.833,0.167,tempmail.com,0,1
amoreira@yaho.com,1,17,8,0,0,0,0,0.75,1.0,0.0,yaho.com,0,1
1848566@mailcatch.com,0,21,7,1,0,0,0,0.714,0.0,1.0,mailcatch.com,0,1
smendes@uol.com.br,1,18,7,0,0,0,0,0.714,1.0,0.0,uol.com.br,1,0
henrique_leite@gmaill.com,1,25,14,0,0,1,0,0.714,0.929,0.0,gmaill.com,0,1
28389@mailnow.org,0,17,5,1,0,0,0,0.8,0.0,1.0,mailnow.org,0,1
debora.araujo.jr@hotmail.com,1,28,16,0,2,0,0,0.562,0.875,0.0,hotmail.com,1,0
4962933590@mailcatch.com,0,24,10,1,0,0,0,0.7,0.0,1.0,mailcatch.com,0,1
eap50s@fake-mail.net,0,20,6,1,0,0,0,1.0,0.667,0.333,fake-mail.net,0,1
rafael-pereira@tempmail.co,0,26,14,0,0,0,1,0.571,0.929,0.0,tempmail.co,0,1
srocha@10minutemail.com,0,23,6,0,0,0,0,1.0,1.0,0.0,10minutemail.com,0,1
93148384@tempmail.com,0,21,8,1,0,0,0,0.625,0.0,1.0,tempmail.com,0,1
5114113@tempmail.com,0,20,7,1,0,0,0,0.571,0.0,1.0,tempmail.com,0,1
053740209@10minutemail.com,0,26,9,1,0,0,0,0.778,0.0,1.0,10minutemail.com,0,1
4153886917@yopmail.com,0,22,10,1,0,0,0,0.8,0.0,1.0,yopmail.com,0,1
andre54@hotmial.com,1,19,7,1,0,0,0,1.0,0.714,0.286,hotmial.com,0,1
boliveira@yaho.com,0,18,9,0,0,0,0,0.889,1.0,0.0,yaho.com,0,1
joao92@gmaill.com,1,17,6,1,0,0,0,0.833,0.667,0.333,gmaill.com,0,1
cp1grrji@yopmail.com,0,20,8,1,0,0,0,0.875,0.875,0.125,yopmail.com,0,1
gustavo71@hotmail.com,1,21,9,1,0,0,0,1.0,0.778,0.222,hotmail.com,1,0
eduardo429@yopmail.com,1,22,10,1,0,0,0,0.9,0.7,0.3,yopmail.com,0,1
eduardo55@tempmail.co,0,21,9,1,0,0,0,0.778,0.778,0.222,tempmail.co,0,1
help6701@mailtemp.org,0,21,8,1,0,0,0,1.0,0.5,0.5,mailtemp.org,0,1
aline@mailcatch.com,0,19,5,0,0,0,0,1.0,1.0,0.0,mailcatch.com,0,1
debora.borges@yahoo.com,1,23,13,0,1,0,0,0.692,0.923,0.0,yahoo.com,1,0
mariana-antunes@hotmial.com,0,27,15,0,0,0,1,0.667,0.933,0.0,hotmial.com,0,1
clara-ribeiro@gmail.com,1,23,13,0,0,0,1,0.692,0.923,0.0,gmail.com,1,0
luana.rocha@disposablemail.com,0,30,11,0,1,0,0,0.818,0.909,0.0,disposablemail.com,0,1
mateus@gmx.com,1,14,6,0,0,0,0,1.0,1.0,0.0,gmx.com,0,1
609904957@guerrillamail.com,0,27,9,1,0,0,0,0.667,0.0,1.0,guerrillamail.com,0,1
mariana.moura@tempmail.com,0,26,13,0,1,0,0,0.615,0.923,0.0,tempmail.com,0,1
ppereira@aol.com,1,16,8,0,0,0,0,0.625,1.0,0.0,aol.com,1,0
bruno@outlook.com,1,17,5,0,0,0,0,1.0,1.0,0.0,outlook.com,1,0
antonio.pereira@10minutemail.com,0,32,15,0,1,0,0,0.6,0.933,0.0,10minutemail.com,0,1
debora.santos@gmail.co,0,22,13,0,1,0,0,0.769,0.923,0.0,gmail.co,0,1
beatriz@outlok.com,1,18,7,0,0,0,0,1.0,1.0,0.0,outlok.com,0,1
mcarvalho@hotmial.com,1,21,9,0,0,0,0,0.889,1.0,0.0,hotmial.com,0,1
bruno-lima@bol.com.br,1,21,10,0,0,0,1,1.0,0.9,0.0,bol.com.br,1,0
maria@gmaill.com,1,16,5,0,0,0,0,0.8,1.0,0.0,gmaill.com,0,1
rsantos@hotmial.com,1,19,7,0,0,0,0,0.857,1.0,0.0,hotmial.com,0,1
rferreira@gmaill.com,0,20,9,0,0,0,0,0.556,1.0,0.0,gmaill.com,0,1
gabriel-moreira@gmail.com,1,25,15,0,0,0,1,0.667,0.933,0.0,gmail.com,1,0
lribeiro@aol.com,1,16,8,0,0,0,0,0.75,1.0,0.0,aol.com,1,0
isabela5@fake-mail.net,0,22,8,1,0,0,0,0.875,0.875,0.125,fake-mail.net,0,1
vzepwb80plmpxs@mailme.one,0,25,14,1,0,0,0,0.857,0.857,0.143,mailme.one,0,1
631314221@10minutemail.com,0,26,9,1,0,0,0,0.556,0.0,1.0,10minutemail.com,0,1
juliana.jr@outlook.com,1,22,10,0,1,0,0,0.8,0.9,0.0,outlook.com,1,0
felipe.lima@yaho.com,1,20,11,0,1,0,0,0.727,0.909,0.0,yaho.com,0,1
henrique.souza@live.com,1,23,14,0,1,0,0,0.857,0.929,0.0,live.com,1,0
rlima.jr@outlook.com,1,20,8,0,1,0,0,0.875,0.875,0.0,outlook.com,1,0
gabriel_lima@gmail.com,1,22,12,0,0,1,0,0.75,0.917,0.0,gmail.com,1,0
juliana_freitas@icloud.com,1,26,15,0,0,1,0,0.8,0.933,0.0,icloud.com,1,0
rodrigo-santos@fake-mail.net,0,28,14,0,0,0,1,0.714,0.929,0.0,fake-mail.net,0,1
example111@spammail.net,0,23,10,1,0,0,0,0.7,0.7,0.3,spammail.net,0,1
henrique.moreira@mailtemp.org,0,29,16,0,1,0,0,0.688,0.938,0.0,mailtemp.org,0,1
camila-rodrigues@mailcatch.com,0,30,16,0,0,0,1,0.812,0.938,0.0,mailcatch.com,0,1
nicolas.oliveira@gmail.com,1,26,16,0,1,0,0,0.688,0.938,0.0,gmail.com,1,0
help6877@10minutemail.com,0,25,8,1,0,0,0,0.875,0.5,0.5,10minutemail.com,0,1
carlos@mailme.one,0,17,6,0,0,0,0,1.0,1.0,0.0,mailme.one,0,1
rfreitas@yaho.com,0,17,8,0,0,0,0,0.875,1.0,0.0,yaho.com,0,1
luana-costa@hotmial.com,0,23,11,0,0,0,1,0.818,0.909,0.0,hotmial.com,0,1
ricardo_freitas@spammail.net,0,28,15,0,0,1,0,0.733,0.933,0.0,spammail.net,0,1
gabriel@gmail.co,1,16,7,0,0,0,0,1.0,1.0,0.0,gmail.co,0,1
2jhcw_w4aka@tempmail.com,0,24,11,1,0,1,0,0.818,0.727,0.182,tempmail.com,0,1
clara@mailcatch.com,1,19,5,0,0,0,0,0.8,1.0,0.0,mailcatch.com,0,1
531689977@tempmail.co,0,21,9,1,0,0,0,0.778,0.0,1.0,tempmail.co,0,1
eduardo.moura@hotmail.com,1,25,13,0,1,0,0,0.615,0.923,0.0,hotmail.com,1,0
vitoria69@gmx.com,1,17,9,1,0,0,0,0.889,0.778,0.222,gmx.com,0,1
5884285866@disposablemail.com,0,29,10,1,0,0,0,0.5,0.0,1.0,disposablemail.com,0,1
sofia.mendes.x@randommail.xyz,0,29,14,0,2,0,0,0.786,0.857,0.0,randommail.xyz,0,1
user785@disposablemail.com,0,26,7,1,0,0,0,1.0,0.571,0.429,disposablemail.com,0,1
ricardo@mailinator.com,1,22,7,0,0,0,0,0.857,1.0,0.0,mailinator.com,0,1
clara37@mailme.one,0,18,7,1,0,0,0,0.857,0.714,0.286,mailme.one,0,1
fernando_mendes@yahoo.com,1,25,15,0,0,1,0,0.667,0.933,0.0,yahoo.com,1,0
fernando.assis@icloud.com,1,25,14,0,1,0,0,0.714,0.929,0.0,icloud.com,1,0
aline_ribeiro@outlook.co,1,24,13,0,0,1,0,0.692,0.923,0.0,outlook.co,0,1
clara936@gmx.com,1,16,8,1,0,0,0,0.875,0.625,0.375,gmx.com,0,1
gustavo80@terra.com.br,1,22,9,1,0,0,0,1.0,0.778,0.222,terra.com.br,1,0
177961294@fake-mail.net,0,23,9,1,0,0,0,0.667,0.0,1.0,fake-mail.net,0,1
abc691@guerrillamail.com,0,24,6,1,0,0,0,1.0,0.5,0.5,guerrillamail.com,0,1
3137638046@spammail.net,0,23,10,1,0,0,0,0.7,0.0,1.0,spammail.net,0,1
364635085162@mailtemp.org,0,25,12,1,0,0,0,0.667,0.0,1.0,mailtemp.org,0,1
rferreira@protonmail.com,1,24,9,0,0,0,0,0.556,1.0,0.0,protonmail.com,1,0
mateus_souza@uol.com.br,1,23,12,0,0,1,0,0.75,0.917,0.0,uol.com.br,1,0
user977@spammail.net,0,20,7,1,0,0,0,0.857,0.571,0.429,spammail.net,0,1
lucas-rodrigues@outlook.co,1,26,15,0,0,0,1,0.8,0.933,0.0,outlook.co,0,1
rodrigo@terra.com.br,1,20,7,0,0,0,0,0.714,1.0,0.0,terra.com.br,1,0
carlos_ferreira@live.com,1,24,15,0,0,1,0,0.667,0.933,0.0,live.com,1,0
aalves@outlok.com,0,17,6,0,0,0,0,0.833,1.0,0.0,outlok.com,0,1
thiago_borges@yopmail.com,0,25,13,0,0,1,0,0.846,0.923,0.0,yopmail.com,0,1
epires@terra.com.br,1,19,6,0,0,0,0,0.833,1.0,0.0,terra.com.br,1,0
joao-assis@guerrillamail.com,0,28,10,0,0,0,1,0.6,0.9,0.0,guerrillamail.com,0,1
742828739101@tempmail.co,0,24,12,1,0,0,0,0.667,0.0,1.0,tempmail.co,0,1
roberto_moreira@terra.com.br,1,28,15,0,0,1,0,0.6,0.933,0.0,terra.com.br,1,0
isabela32@outlook.co,1,20,9,1,0,0,0,0.889,0.778,0.222,outlook.co,0,1
support9390@mailtemp.org,0,24,11,1,0,0,0,0.818,0.636,0.364,mailtemp.org,0,1
antonio-pereira@hotmail.com,1,27,15,0,0,0,1,0.6,0.933,0.0,hotmail.com,1,0
awigkd6z70i7h@trashmail.com,0,27,13,1,0,0,0,0.846,0.692,0.308,trashmail.com,0,1
y851h3jgae_@tempmail.co,0,23,11,1,0,1,0,1.0,0.545,0.364,tempmail.co,0,1
carlos.moreira@yaho.com,1,23,14,0,1,0,0,0.714,0.929,0.0,yaho.com,0,1
abc72@mailtemp.org,0,18,5,1,0,0,0,1.0,0.6,0.4,mailtemp.org,0,1
antonio-dias@yahoo.com,1,22,12,0,0,0,1,0.667,0.917,0.0,yahoo.com,1,0
bruno53@gmx.com,1,15,7,1,0,0,0,1.0,0.714,0.286,gmx.com,0,1
luana_lima@guerrillamail.com,0,28,10,0,0,1,0,0.7,0.9,0.0,guerrillamail.com,0,1
sofia29@aol.com,1,15,7,1,0,0,0,1.0,0.714,0.286,aol.com,1,0
isantos@hotmail.com,1,19,7,0,0,0,0,0.857,1.0,0.0,hotmail.com,1,0
henrique-moreira@aol.com,1,24,16,0,0,0,1,0.688,0.938,0.0,aol.com,1,0
paulao-rocha@outlok.com,0,23,12,0,0,0,1,0.75,0.917,0.0,outlok.com,0,1
17708332356@10minutemail.com,0,28,11,1,0,0,0,0.727,0.0,1.0,10minutemail.com,0,1
henrique_nascimento@live.com,1,28,19,0,0,1,0,0.737,0.947,0.0,live.com,1,0
giorgia@protonmail.com,1,22,7,0,0,0,0,0.714,1.0,0.0,protonmail.com,1,0
6d8e200i2zrhvy@tempmail.com,0,27,14,1,0,0,0,0.857,0.571,0.429,tempmail.com,0,1
4419425060@disposablemail.com,0,29,10,1,0,0,0,0.7,0.0,1.0,disposablemail.com,0,1
juliana309@aol.com,1,18,10,1,0,0,0,0.9,0.7,0.3,aol.com,1,0
pedro_rocha@protonmail.com,1,26,11,0,0,1,0,0.818,0.909,0.0,protonmail.com,1,0
abc937@mailcatch.com,0,20,6,1,0,0,0,1.0,0.5,0.5,mailcatch.com,0,1
juliana.costa@yahoo.com,1,23,13,0,1,0,0,0.846,0.923,0.0,yahoo.com,1,0
user50@mailinator.com,0,21,6,1,0,0,0,1.0,0.667,0.333,mailinator.com,0,1
32161@yopmail.com,0,17,5,1,0,0,0,0.8,0.0,1.0,yopmail.com,0,1
fernando13@protonmail.com,1,25,10,1,0,0,0,0.9,0.8,0.2,protonmail.com,1,0
paulao_freitas@10minutemail.com,0,31,14,0,0,1,0,0.857,0.929,0.0,10minutemail.com,0,1
ggomes@hotmial.com,1,18,6,0,0,0,0,0.833,1.0,0.0,hotmial.com,0,1
nicolas78@protonmail.com,1,24,9,1,0,0,0,1.0,0.778,0.222,protonmail.com,1,0
joao@gmail.com,1,14,4,0,0,0,0,0.75,1.0,0.0,gmail.com,1,0
test845@mailcatch.com,0,21,7,1,0,0,0,0.857,0.571,0.429,mailcatch.com,0,1
dferreira@yopmail.com,0,21,9,0,0,0,0,0.667,1.0,0.0,yopmail.com,0,1
c.2-v8ty@mailcatch.com,0,22,8,1,1,0,1,1.0,0.5,0.25,mailcatch.com,0,1
587197104@spammail.net,0,22,9,1,0,0,0,0.778,0.0,1.0,spammail.net,0,1
sofia92@mailcatch.com,1,21,7,1,0,0,0,1.0,0.714,0.286,mailcatch.com,0,1
ssouza@outlook.com,1,18,6,0,0,0,0,0.833,1.0,0.0,outlook.com,1,0
pedro_pires@hotmail.com,1,23,11,0,0,1,0,0.727,0.909,0.0,hotmail.com,1,0
nicolas_pereira@icloud.com,1,26,15,0,0,1,0,0.733,0.933,0.0,icloud.com,1,0
306460@fake-mail.net,0,20,6,1,0,0,0,0.667,0.0,1.0,fake-mail.net,0,1
vitoria.pires.x@trashmail.com,0,29,15,0,2,0,0,0.733,0.867,0.0,trashmail.com,0,1
8vv-1-t4y93@guerrillamail.com,0,29,11,1,0,0,2,0.818,0.364,0.455,guerrillamail.com,0,1
vantunes@gmail.com,1,18,8,0,0,0,0,0.875,1.0,0.0,gmail.com,1,0
joao-dias@uol.com.br,1,20,9,0,0,0,1,0.778,0.889,0.0,uol.com.br,1,0
soliveira@icloud.com,1,20,9,0,0,0,0,0.889,1.0,0.0,icloud.com,1,0
user578@disposablemail.com,0,26,7,1,0,0,0,1.0,0.571,0.429,disposablemail.com,0,1
rodrigo-dias@aol.com,1,20,12,0,0,0,1,0.667,0.917,0.0,aol.com,1,0
rribeiro.x@outlok.com,0,21,10,0,1,0,0,0.7,0.9,0.0,outlok.com,0,1
support4914@tempmail.com,0,24,11,1,0,0,0,0.818,0.636,0.364,tempmail.com,0,1
pdias@bol.com.br,1,16,5,0,0,0,0,1.0,1.0,0.0,bol.com.br,1,0
user81@mailnow.org,0,18,6,1,0,0,0,1.0,0.667,0.333,mailnow.org,0,1
nassis@mailcatch.com,0,20,6,0,0,0,0,0.667,1.0,0.0,mailcatch.com,0,1
felipe13@mailcatch.com,0,22,8,1,0,0,0,0.875,0.75,0.25,mailcatch.com,0,1
5f9mz99zjuk9@yopmail.com,0,24,12,1,0,0,0,0.667,0.583,0.417,yopmail.com,0,1
mariana_ferreira@yaho.com,1,25,16,0,0,1,0,0.5,0.938,0.0,yaho.com,0,1
092532074@yopmail.com,0,21,9,1,0,0,0,0.778,0.0,1.0,yopmail.com,0,1
ricardo@gmail.com,1,17,7,0,0,0,0,0.857,1.0,0.0,gmail.com,1,0
andre-ribeiro@gmaill.com,1,24,13,0,0,0,1,0.692,0.923,0.0,gmaill.com,0,1
18b9qcl3o4@spammail.net,0,23,10,1,0,0,0,1.0,0.5,0.5,spammail.net,0,1
2842972@mailnow.org,0,19,7,1,0,0,0,0.714,0.0,1.0,mailnow.org,0,1
carlos-alves@guerrillamail.com,0,30,12,0,0,0,1,0.75,0.917,0.0,guerrillamail.com,0,1
maria@spammail.net,0,18,5,0,0,0,0,0.8,1.0,0.0,spammail.net,0,1
aline-pires.jr@yopmail.com,0,26,14,0,1,0,1,0.786,0.857,0.0,yopmail.com,0,1
henrique6@outlook.com,1,21,9,1,0,0,0,0.889,0.889,0.111,outlook.com,1,0
vitoria_rocha@icloud.com,1,24,13,0,0,1,0,0.692,0.923,0.0,icloud.com,1,0
049335384@tempmail.co,0,21,9,1,0,0,0,0.667,0.0,1.0,tempmail.co,0,1
juliana@mailcatch.com,0,21,7,0,0,0,0,0.857,1.0,0.0,mailcatch.com,0,1
maria@randommail.xyz,1,20,5,0,0,0,0,0.8,1.0,0.0,randommail.xyz,0,1
maria@bol.com.br,1,16,5,0,0,0,0,0.8,1.0,0.0,bol.com.br,1,0
beatriz_costa@hotmail.com,1,25,13,0,0,1,0,0.846,0.923,0.0,hotmail.com,1,0
ana-souza@gmail.com,1,19,9,0,0,0,1,0.778,0.889,0.0,gmail.com,1,0
lucas.alves@fake-mail.net,0,25,11,0,1,0,0,0.727,0.909,0.0,fake-mail.net,0,1
sandra.mendes@aol.com,1,21,13,0,1,0,0,0.615,0.923,0.0,aol.com,1,0
passis@mailtemp.org,0,19,6,0,0,0,0,0.667,1.0,0.0,mailtemp.org,0,1
felipe_rodrigues@outlook.com,1,28,16,0,0,1,0,0.75,0.938,0.0,outlook.com,1,0
giorgia_borges@mailtemp.org,0,27,14,0,0,1,0,0.643,0.929,0.0,mailtemp.org,0,1
aline_rodrigues@icloud.com,1,26,15,0,0,1,0,0.8,0.933,0.0,icloud.com,1,0
gustavo.barros@gmaill.com,1,25,14,0,1,0,0,0.714,0.929,0.0,gmaill.com,0,1
ccunha@icloud.com,1,17,6,0,0,0,0,0.833,1.0,0.0,icloud.com,1,0
test360@yopmail.com,0,19,7,1,0,0,0,0.857,0.571,0.429,yopmail.com,0,1
278559339660@fake-mail.net,0,26,12,1,0,0,0,0.667,0.0,1.0,fake-mail.net,0,1
mailuser984@randommail.xyz,0,26,11,1,0,0,0,1.0,0.727,0.273,randommail.xyz,0,1
0142625@fake-mail.net,0,21,7,1,0,0,0,0.857,0.0,1.0,fake-mail.net,0,1
gustavo.ferreira@aol.com,1,24,16,0,1,0,0,0.75,0.938,0.0,aol.com,1,0
703405298936@yopmail.com,0,24,12,1,0,0,0,0.75,0.0,1.0,yopmail.com,0,1
mailuser46@fake-mail.net,0,24,10,1,0,0,0,1.0,0.8,0.2,fake-mail.net,0,1
mariana-costa@gmx.com,1,21,13,0,0,0,1,0.769,0.923,0.0,gmx.com,0,1
mateus@aol.com,1,14,6,0,0,0,0,1.0,1.0,0.0,aol.com,1,0
86782810@tempmail.com,0,21,8,1,0,0,0,0.75,0.0,1.0,tempmail.com,0,1
marcos747@aol.com,1,17,9,1,0,0,0,0.889,0.667,0.333,aol.com,1,0
lucas78@hotmail.com,1,19,7,1,0,0,0,1.0,0.714,0.286,hotmail.com,1,0
eduardo_mendes.jr@aol.com,1,25,17,0,1,1,0,0.706,0.882,0.0,aol.com,1,0
beatriz-santos@gmail.co,0,23,14,0,0,0,1,0.786,0.929,0.0,gmail.co,0,1
roberto-rocha@terra.com.br,1,26,13,0,0,0,1,0.692,0.923,0.0,terra.com.br,1,0
1316271@tempmail.com,0,20,7,1,0,0,0,0.714,0.0,1.0,tempmail.com,0,1
faraujo@outlook.com,1,19,7,0,0,0,0,0.857,1.0,0.0,outlook.com,1,0
thiago.nascimento@gmaill.com,1,28,17,0,1,0,0,0.706,0.941,0.0,gmaill.com,0,1
thiago-alves@outlok.com,1,23,12,0,0,0,1,0.917,0.917,0.0,outlok.com,0,1
beatriz_pires@gmail.com,1,23,13,0,0,1,0,0.769,0.923,0.0,gmail.com,1,0
pferreira@gmail.co,1,18,9,0,0,0,0,0.667,1.0,0.0,gmail.co,0,1
pcunha@protonmail.com,1,21,6,0,0,0,0,1.0,1.0,0.0,protonmail.com,1,0
mailuser591@mailtemp.org,0,24,11,1,0,0,0,1.0,0.727,0.273,mailtemp.org,0,1
bcarvalho@outlook.com,1,21,9,0,0,0,0,0.889,1.0,0.0,outlook.com,1,0
mailuser314@tempmail.com,0,24,11,1,0,0,0,1.0,0.727,0.273,tempmail.com,0,1
sferreira@icloud.com,1,20,9,0,0,0,0,0.667,1.0,0.0,icloud.com,1,0
eduardo@terra.com.br,1,20,7,0,0,0,0,0.857,1.0,0.0,terra.com.br,1,0
csantos@gmail.com,1,17,7,0,0,0,0,0.857,1.0,0.0,gmail.com,1,0
-diddcisqy_a5dr@tempmail.co,0,27,15,1,0,1,1,0.733,0.8,0.067,tempmail.co,0,1
antonio.barros@mailcatch.com,1,28,14,0,1,0,0,0.643,0.929,0.0,mailcatch.com,0,1
abc857@10minutemail.com,0,23,6,1,0,0,0,1.0,0.5,0.5,10minutemail.com,0,1
thiago_lima@aol.com,1,19,11,0,0,1,0,0.818,0.909,0.0,aol.com,1,0
06758197@mailtemp.org,0,21,8,1,0,0,0,0.875,0.0,1.0,mailtemp.org,0,1
mowihybfgeei@tempmail.com,0,25,12,0,0,0,0,0.833,1.0,0.0,tempmail.com,0,1
joao.alves@yopmail.com,1,22,10,0,1,0,0,0.8,0.9,0.0,yopmail.com,0,1
isabela_vieira@hotmail.com,1,26,14,0,0,1,0,0.643,0.929,0.0,hotmail.com,1,0
paulao23@mailcatch.com,0,22,8,1,0,0,0,0.875,0.75,0.25,mailcatch.com,0,1
camila-costa@yopmail.com,0,24,12,0,0,0,1,0.75,0.917,0.0,yopmail.com,0,1
414360965810@yopmail.com,0,24,12,1,0,0,0,0.667,0.0,1.0,yopmail.com,0,1
ricardo31@gmail.co,1,18,9,1,0,0,0,0.889,0.778,0.222,gmail.co,0,1
mferreira@outlok.com,0,20,9,0,0,0,0,0.667,1.0,0.0,outlok.com,0,1
sofia123@uol.com.br,1,19,8,1,0,0,0,1.0,0.625,0.375,uol.com.br,1,0
camila797@randommail.xyz,0,24,9,1,0,0,0,0.778,0.667,0.333,randommail.xyz,0,1
marcos@bol.com.br,1,17,6,0,0,0,0,1.0,1.0,0.0,bol.com.br,1,0
aline@hotmial.com,1,17,5,0,0,0,0,1.0,1.0,0.0,hotmial.com,0,1
_0ozk80h1-o8.w@tempmail.co,0,26,14,1,1,1,1,0.786,0.429,0.357,tempmail.co,0,1
camila80@gmail.co,1,17,8,1,0,0,0,0.875,0.75,0.25,gmail.co,0,1
antonio-ferreira@live.com,1,25,16,0,0,0,1,0.562,0.938,0.0,live.com,1,0
antonio598@protonmail.com,1,25,10,1,0,0,0,0.8,0.7,0.3,protonmail.com,1,0
ricardo62@yahoo.com,1,19,9,1,0,0,0,0.889,0.778,0.222,yahoo.com,1,0
ko0ql4tc@tempmail.co,0,20,8,1,0,0,0,1.0,0.75,0.25,tempmail.co,0,1
mateus-souza@uol.com.br,1,23,12,0,0,0,1,0.75,0.917,0.0,uol.com.br,1,0
debora659@gmaill.com,1,20,9,1,0,0,0,1.0,0.667,0.333,gmaill.com,0,1
042412202@fake-mail.net,0,23,9,1,0,0,0,0.444,0.0,1.0,fake-mail.net,0,1
bruno.costa@protonmail.com,1,26,11,0,1,0,0,0.909,0.909,0.0,protonmail.com,1,0
mmoura@spammail.net,0,19,6,0,0,0,0,0.833,1.0,0.0,spammail.net,0,1
paulao-souza@outlook.co,1,23,12,0,0,0,1,0.667,0.917,0.0,outlook.co,0,1
felipe-pires@yahoo.com,1,22,12,0,0,0,1,0.667,0.917,0.0,yahoo.com,1,0
service913@tempmail.com,0,23,10,1,0,0,0,0.9,0.7,0.3,tempmail.com,0,1
giorgia922@yahoo.com,1,20,10,1,0,0,0,0.7,0.7,0.3,yahoo.com,1,0
gabriel.moura@hotmial.com,1,25,13,0,1,0,0,0.846,0.923,0.0,hotmial.com,0,1
uto8n9zl_qz7tq0@disposablemail.com,0,34,15,1,0,1,0,0.8,0.667,0.267,disposablemail.com,0,1
3910273532@mailinator.com,0,25,10,1,0,0,0,0.7,0.0,1.0,mailinator.com,0,1
ana-barros@tempmail.co,0,22,10,0,0,0,1,0.7,0.9,0.0,tempmail.co,0,1
gborges@hotmail.com,1,19,7,0,0,0,0,0.857,1.0,0.0,hotmail.com,1,0
jmartins.jr@mailme.one,0,22,11,0,1,0,0,0.818,0.909,0.0,mailme.one,0,1
cdias@spammail.net,0,18,5,0,0,0,0,1.0,1.0,0.0,spammail.net,0,1
asouza@hotmail.com,1,18,6,0,0,0,0,0.833,1.0,0.0,hotmail.com,1,0
87342964@tempmail.co,0,20,8,1,0,0,0,0.875,0.0,1.0,tempmail.co,0,1
roberto-dias@aol.com,1,20,12,0,0,0,1,0.833,0.917,0.0,aol.com,1,0
68644787996@tempmail.co,0,23,11,1,0,0,0,0.455,0.0,1.0,tempmail.co,0,1
lucas_assis@gmx.com,1,19,11,0,0,1,0,0.636,0.909,0.0,gmx.com,0,1
9832371@tempmail.com,0,20,7,1,0,0,0,0.857,0.0,1.0,tempmail.com,0,1
beatriz-dias@gmail.co,1,21,12,0,0,0,1,0.833,0.917,0.0,gmail.co,0,1
example222@mailcatch.com,0,24,10,1,0,0,0,0.7,0.7,0.3,mailcatch.com,0,1
ricardo-gomes@outlook.co,1,24,13,0,0,0,1,0.846,0.923,0.0,outlook.co,0,1
camila.pereira@uol.com.br,1,25,14,0,1,0,0,0.643,0.929,0.0,uol.com.br,1,0
clara.cunha@disposablemail.com,0,30,11,0,1,0,0,0.727,0.909,0.0,disposablemail.com,0,1
6m66szvetc@trashmail.com,0,24,10,1,0,0,0,0.8,0.7,0.3,trashmail.com,0,1
snascimento@randommail.xyz,1,26,11,0,0,0,0,0.818,1.0,0.0,randommail.xyz,0,1
73409240@randommail.xyz,0,23,8,1,0,0,0,0.75,0.0,1.0,randommail.xyz,0,1
lfreitas@yaho.com,1,17,8,0,0,0,0,1.0,1.0,0.0,yaho.com,0,1
help7313@disposablemail.com,0,27,8,1,0,0,0,0.875,0.5,0.5,disposablemail.com,0,1
sofia850@outlook.com,1,20,8,1,0,0,0,1.0,0.625,0.375,outlook.com,1,0
user257@mailnow.org,0,19,7,1,0,0,0,1.0,0.571,0.429,mailnow.org,0,1
36738703149@tempmail.co,0,23,11,1,0,0,0,0.727,0.0,1.0,tempmail.co,0,1
gabriel-oliveira@spammail.net,0,29,16,0,0,0,1,0.625,0.938,0.0,spammail.net,0,1
248140641703@tempmail.co,0,24,12,1,0,0,0,0.667,0.0,1.0,tempmail.co,0,1
isabela225@outlok.com,1,21,10,1,0,0,0,0.8,0.7,0.3,outlok.com,0,1
eduardo@outlok.com,1,18,7,0,0,0,0,0.857,1.0,0.0,outlok.com,0,1
rafael-dias@yaho.com,1,20,11,0,0,0,1,0.818,0.909,0.0,yaho.com,0,1
571620691@mailnow.org,0,21,9,1,0,0,0,0.778,0.0,1.0,mailnow.org,0,1
jgomes@uol.com.br,1,17,6,0,0,0,0,1.0,1.0,0.0,uol.com.br,1,0
beatriz74@gmaill.com,1,20,9,1,0,0,0,1.0,0.778,0.222,gmaill.com,0,1
kocwde@mailinator.com,0,21,6,0,0,0,0,1.0,1.0,0.0,mailinator.com,0,1
mateus28@disposablemail.com,0,27,8,1,0,0,0,1.0,0.75,0.25,disposablemail.com,0,1
ricardo-lima.jr@icloud.com,1,26,15,0,1,0,1,0.733,0.867,0.0,icloud.com,1,0
mateus770@mailnow.org,0,21,9,1,0,0,0,0.889,0.667,0.333,mailnow.org,0,1
sdias@gmx.com,0,13,5,0,0,0,0,0.8,1.0,0.0,gmx.com,0,1
andre_lima@randommail.xyz,1,25,10,0,0,1,0,0.9,0.9,0.0,randommail.xyz,0,1
bruno-costa@outlok.com,1,22,11,0,0,0,1,0.909,0.909,0.0,outlok.com,0,1
eduardo.pereira@gmx.com,1,23,15,0,1,0,0,0.6,0.933,0.0,gmx.com,0,1
laura.santos@spammail.net,0,25,12,0,1,0,0,0.75,0.917,0.0,spammail.net,0,1
vantunes.jr@gmail.co,1,20,11,0,1,0,0,0.909,0.909,0.0,gmail.co,0,1
3354673537@trashmail.com,0,24,10,1,0,0,0,0.5,0.0,1.0,trashmail.com,0,1
ana_oliveira@tempmail.com,0,25,12,0,0,1,0,0.75,0.917,0.0,tempmail.com,0,1
bruno.freitas@gmaill.com,1,24,13,0,1,0,0,0.923,0.923,0.0,gmaill.com,0,1
gabriel.lima@gmaill.com,1,23,12,0,1,0,0,0.75,0.917,0.0,gmaill.com,0,1
asilva@gmaill.com,1,17,6,0,0,0,0,0.833,1.0,0.0,gmaill.com,0,1
rdias@hotmail.com,1,17,5,0,0,0,0,1.0,1.0,0.0,hotmail.com,1,0
support7925@tempmail.co,0,23,11,1,0,0,0,0.909,0.636,0.364,tempmail.co,0,1
50990630734@randommail.xyz,0,26,11,1,0,0,0,0.636,0.0,1.0,randommail.xyz,0,1
antonio-barros@gmail.co,1,23,14,0,0,0,1,0.643,0.929,0.0,gmail.co,0,1
lucas-alves@outlook.com,1,23,11,0,0,0,1,0.727,0.909,0.0,outlook.com,1,0
example642@guerrillamail.com,0,28,10,1,0,0,0,0.9,0.7,0.3,guerrillamail.com,0,1
57203718@fake-mail.net,0,22,8,1,0,0,0,0.875,0.0,1.0,fake-mail.net,0,1
eduardo.alves@hotmail.com,1,25,13,0,1,0,0,0.769,0.923,0.0,hotmail.com,1,0
aline-moura@outlook.co,0,22,11,0,0,0,1,0.909,0.909,0.0,outlook.co,0,1
luana.leite@guerrillamail.com,0,29,11,0,1,0,0,0.727,0.909,0.0,guerrillamail.com,0,1
debora_carvalho@gmx.com,1,23,15,0,0,1,0,0.733,0.933,0.0,gmx.com,0,1
maria.x@live.com,1,16,7,0,1,0,0,0.857,0.857,0.0,live.com,1,0
eduardo7@gmaill.com,1,19,8,1,0,0,0,0.875,0.875,0.125,gmaill.com,0,1
maria_vieira@gmx.com,1,20,12,0,0,1,0,0.583,0.917,0.0,gmx.com,0,1
felipe-carvalho@guerrillamail.com,0,33,15,0,0,0,1,0.8,0.933,0.0,guerrillamail.com,0,1
antonio_oliveira@outlook.com,1,28,16,0,0,1,0,0.625,0.938,0.0,outlook.com,1,0
63498@mailnow.org,0,17,5,1,0,0,0,1.0,0.0,1.0,mailnow.org,0,1
925127151258@guerrillamail.com,0,30,12,1,0,0,0,0.5,0.0,1.0,guerrillamail.com,0,1
6649575@mailcatch.com,0,21,7,1,0,0,0,0.714,0.0,1.0,mailcatch.com,0,1
62709461@guerrillamail.com,0,26,8,1,0,0,0,0.875,0.0,1.0,guerrillamail.com,0,1
gabriel.martins@hotmial.com,1,27,15,0,1,0,0,0.8,0.933,0.0,hotmial.com,0,1
support3925@spammail.net,0,24,11,1,0,0,0,0.909,0.636,0.364,spammail.net,0,1
424912012714@mailnow.org,0,24,12,1,0,0,0,0.5,0.0,1.0,mailnow.org,0,1
giorgia@bol.com.br,1,18,7,0,0,0,0,0.714,1.0,0.0,bol.com.br,1,0
giorgia42@protonmail.com,1,24,9,1,0,0,0,0.778,0.778,0.222,protonmail.com,1,0
help2888@tempmail.com,0,21,8,1,0,0,0,0.75,0.5,0.5,tempmail.com,0,1
ralves@hotmail.com,1,18,6,0,0,0,0,1.0,1.0,0.0,hotmail.com,1,0
test74@disposablemail.com,0,25,6,1,0,0,0,0.833,0.667,0.333,disposablemail.com,0,1
sandra148@hotmial.com,0,21,9,1,0,0,0,0.889,0.667,0.333,hotmial.com,0,1
sandra_araujo@terra.com.br,1,26,13,0,0,1,0,0.692,0.923,0.0,terra.com.br,1,0
joao-pereira@yaho.com,0,21,12,0,0,0,1,0.667,0.917,0.0,yaho.com,0,1
lucas_silva@yaho.com,1,20,11,0,0,1,0,0.727,0.909,0.0,yaho.com,0,1
lucas232@yaho.com,0,17,8,1,0,0,0,0.875,0.625,0.375,yaho.com,0,1
carlos_barros@trashmail.com,0,27,13,0,0,1,0,0.615,0.923,0.0,trashmail.com,0,1
rodrigo-nascimento@mailtemp.org,1,31,18,0,0,0,1,0.722,0.944,0.0,mailtemp.org,0,1
iassis.jr@hotmial.com,1,21,9,0,1,0,0,0.667,0.889,0.0,hotmial.com,0,1
henrique94@gmaill.com,1,21,10,1,0,0,0,0.9,0.8,0.2,gmaill.com,0,1
sandra@terra.com.br,1,19,6,0,0,0,0,0.833,1.0,0.0,terra.com.br,1,0
mferreira.jr@outlook.co,1,23,12,0,1,0,0,0.667,0.917,0.0,outlook.co,0,1
henrique@mailtemp.org,0,21,8,0,0,0,0,0.875,1.0,0.0,mailtemp.org,0,1
mgomes@mailinator.com,0,21,6,0,0,0,0,0.833,1.0,0.0,mailinator.com,0,1
287sf1pt6tro@yopmail.com,0,24,12,1,0,0,0,0.917,0.583,0.417,yopmail.com,0,1
gabriel177@10minutemail.com,0,27,10,1,0,0,0,0.9,0.7,0.3,10minutemail.com,0,1
debora-moura@uol.com.br,1,23,12,0,0,0,1,0.75,0.917,0.0,uol.com.br,1,0
1fyuaolb@randommail.xyz,0,23,8,1,0,0,0,1.0,0.875,0.125,randommail.xyz,0,1
juliana@icloud.com,1,18,7,0,0,0,0,0.857,1.0,0.0,icloud.com,1,0
help7396@yopmail.com,0,20,8,1,0,0,0,1.0,0.5,0.5,yopmail.com,0,1
aferreira@aol.com,1,17,9,0,0,0,0,0.556,1.0,0.0,aol.com,1,0
example806@guerrillamail.com,0,28,10,1,0,0,0,0.9,0.7,0.3,guerrillamail.com,0,1
debora@outlok.com,0,17,6,0,0,0,0,1.0,1.0,0.0,outlok.com,0,1
rmoreira@gmail.co,0,17,8,0,0,0,0,0.75,1.0,0.0,gmail.co,0,1
mpires@mailnow.org,0,18,6,0,0,0,0,1.0,1.0,0.0,mailnow.org,0,1
service9137@mailcatch.com,0,25,11,1,0,0,0,0.909,0.636,0.364,mailcatch.com,0,1
joao@mailcatch.com,1,18,4,0,0,0,0,0.75,1.0,0.0,mailcatch.com,0,1
d0sqpzygwe@trashmail.com,0,24,10,1,0,0,0,1.0,0.9,0.1,trashmail.com,0,1
vitoria@10minutemail.com,0,24,7,0,0,0,0,0.857,1.0,0.0,10minutemail.com,0,1
admin4021@spammail.net,0,22,9,1,0,0,0,1.0,0.556,0.444,spammail.net,0,1
60473738@disposablemail.com,0,27,8,1,0,0,0,0.75,0.0,1.0,disposablemail.com,0,1
arocha.jr@randommail.xyz,1,24,9,0,1,0,0,0.778,0.889,0.0,randommail.xyz,0,1
joao14@tempmail.co,0,18,6,1,0,0,0,0.833,0.667,0.333,tempmail.co,0,1
juliana-souza@uol.com.br,1,24,13,0,0,0,1,0.769,0.923,0.0,uol.com.br,1,0
clara8@outlook.co,1,17,6,1,0,0,0,0.833,0.833,0.167,outlook.co,0,1
205666578683@yopmail.com,0,24,12,1,0,0,0,0.583,0.0,1.0,yopmail.com,0,1
82757109945@guerrillamail.com,0,29,11,1,0,0,0,0.727,0.0,1.0,guerrillamail.com,0,1
fernando_nascimento@hotmial.com,0,31,19,0,0,1,0,0.684,0.947,0.0,hotmial.com,0,1
marcos_souza@outlook.co,1,23,12,0,0,1,0,0.75,0.917,0.0,outlook.co,0,1
debora.alves@yaho.com,0,21,12,0,1,0,0,0.833,0.917,0.0,yaho.com,0,1
isabela-mendes@disposablemail.com,0,33,14,0,0,0,1,0.714,0.929,0.0,disposablemail.com,0,1
sofia@aol.com,1,13,5,0,0,0,0,1.0,1.0,0.0,aol.com,1,0
support211@disposablemail.com,0,29,10,1,0,0,0,0.8,0.7,0.3,disposablemail.com,0,1
w4teq3c@disposablemail.com,0,26,7,1,0,0,0,1.0,0.714,0.286,disposablemail.com,0,1
nicolas_lima@10minutemail.com,0,29,12,0,0,1,0,0.75,0.917,0.0,10minutemail.com,0,1
546840777325@mailme.one,0,23,12,1,0,0,0,0.667,0.0,1.0,mailme.one,0,1
camila.moreira@outlok.com,1,25,14,0,1,0,0,0.643,0.929,0.0,outlok.com,0,1
camila-souza@outlook.com,1,24,12,0,0,0,1,0.833,0.917,0.0,outlook.com,1,0
sofia.dias@icloud.com,1,21,10,0,1,0,0,0.7,0.9,0.0,icloud.com,1,0
mariana.antunes@yaho.com,1,24,15,0,1,0,0,0.667,0.933,0.0,yaho.com,0,1
nicolas-alves@gmail.com,1,23,13,0,0,0,1,0.769,0.923,0.0,gmail.com,1,0
juliana-mendes@icloud.com,1,25,14,0,0,0,1,0.786,0.929,0.0,icloud.com,1,0
pedro_pires.x@terra.com.br,1,26,13,0,1,1,0,0.769,0.846,0.0,terra.com.br,1,0
50388242@spammail.net,0,21,8,1,0,0,0,0.75,0.0,1.0,spammail.net,0,1
ana_nascimento@yaho.com,0,23,14,0,0,1,0,0.714,0.929,0.0,yaho.com,0,1
fernando.silva@mailme.one,1,25,14,0,1,0,0,0.857,0.929,0.0,mailme.one,0,1
contact4453@fake-mail.net,0,25,11,1,0,0,0,0.727,0.636,0.364,fake-mail.net,0,1
96575822@mailcatch.com,0,22,8,1,0,0,0,0.75,0.0,1.0,mailcatch.com,0,1
nicolas.moura@outlok.com,1,24,13,0,1,0,0,0.846,0.923,0.0,outlok.com,0,1
luana.martins@gmx.com,1,21,13,0,1,0,0,0.769,0.923,0.0,gmx.com,0,1
thiago57@live.com,1,17,8,1,0,0,0,1.0,0.75,0.25,live.com,1,0
2081347608@guerrillamail.com,0,28,10,1,0,0,0,0.8,0.0,1.0,guerrillamail.com,0,1
msouza@outlok.com,1,17,6,0,0,0,0,1.0,1.0,0.0,outlok.com,0,1
juliana.araujo@hotmial.com,0,26,14,0,1,0,0,0.643,0.929,0.0,hotmial.com,0,1
isabela391@terra.com.br,1,23,10,1,0,0,0,0.9,0.7,0.3,terra.com.br,1,0
laura-ferreira@yahoo.com,1,24,14,0,0,0,1,0.571,0.929,0.0,yahoo.com,1,0
carlos-dias@hotmial.com,1,23,11,0,0,0,1,0.818,0.909,0.0,hotmial.com,0,1
ricardo@terra.com.br,1,20,7,0,0,0,0,0.857,1.0,0.0,terra.com.br,1,0
user577@10minutemail.com,0,24,7,1,0,0,0,0.857,0.571,0.429,10minutemail.com,0,1
paula_ribeiro@aol.com,1,21,13,0,0,1,0,0.769,0.923,0.0,aol.com,1,0
82674075@mailcatch.com,0,22,8,1,0,0,0,0.875,0.0,1.0,mailcatch.com,0,1
crea_7ubu.i@tempmail.com,0,24,11,1,1,1,0,0.909,0.727,0.091,tempmail.com,0,1
71802918@guerrillamail.com,0,26,8,1,0,0,0,0.75,0.0,1.0,guerrillamail.com,0,1
paula@terra.com.br,1,18,5,0,0,0,0,0.8,1.0,0.0,terra.com.br,1,0
375644046181@yopmail.com,0,24,12,1,0,0,0,0.667,0.0,1.0,yopmail.com,0,1
marcos294@trashmail.com,0,23,9,1,0,0,0,1.0,0.667,0.333,trashmail.com,0,1
rodrigo@hotmail.com,1,19,7,0,0,0,0,0.714,1.0,0.0,hotmail.com,1,0
dmt7locd.@10minutemail.com,0,26,9,1,1,0,0,0.889,0.778,0.111,10minutemail.com,0,1
rodrigo_freitas@icloud.com,1,26,15,0,0,1,0,0.733,0.933,0.0,icloud.com,1,0
sandra@gmail.co,1,15,6,0,0,0,0,0.833,1.0,0.0,gmail.co,0,1
sofia@icloud.com,1,16,5,0,0,0,0,1.0,1.0,0.0,icloud.com,1,0
antonio545@yaho.com,1,19,10,1,0,0,0,0.7,0.7,0.3,yaho.com,0,1
giorgia_moura@hotmail.com,1,25,13,0,0,1,0,0.615,0.923,0.0,hotmail.com,1,0
andre_leite@gmx.com,1,19,11,0,0,1,0,0.818,0.909,0.0,gmx.com,0,1
thiago.antunes@yahoo.com,1,24,14,0,1,0,0,0.786,0.929,0.0,yahoo.com,1,0
contact1918@fake-mail.net,0,25,11,1,0,0,0,0.727,0.636,0.364,fake-mail.net,0,1
debora_rocha@yaho.com,1,21,12,0,0,1,0,0.75,0.917,0.0,yaho.com,0,1
support1881@yopmail.com,0,23,11,1,0,0,0,0.727,0.636,0.364,yopmail.com,0,1
poliveira@tempmail.com,0,22,9,0,0,0,0,0.889,1.0,0.0,tempmail.com,0,1
ljhwxfv0bhd.f@tempmail.co,0,25,13,1,1,0,0,0.846,0.846,0.077,tempmail.co,0,1
lucas35@trashmail.com,0,21,7,1,0,0,0,1.0,0.714,0.286,trashmail.com,0,1
support9092@mailinator.com,0,26,11,1,0,0,0,0.818,0.636,0.364,mailinator.com,0,1
gustavo75@mailnow.org,0,21,9,1,0,0,0,1.0,0.778,0.222,mailnow.org,0,1
beatriz_assis@aol.com,1,21,13,0,0,1,0,0.692,0.923,0.0,aol.com,1,0
aline@terra.com.br,1,18,5,0,0,0,0,1.0,1.0,0.0,terra.com.br,1,0
bruno837@hotmail.com,1,20,8,1,0,0,0,1.0,0.625,0.375,hotmail.com,1,0
sandra.x@gmx.com,1,16,8,0,1,0,0,0.875,0.875,0.0,gmx.com,0,1
antonio.assis@yaho.com,1,22,13,0,1,0,0,0.538,0.923,0.0,yaho.com,0,1
example175@mailtemp.org,0,23,10,1,0,0,0,0.9,0.7,0.3,mailtemp.org,0,1
user604@tempmail.co,0,19,7,1,0,0,0,1.0,0.571,0.429,tempmail.co,0,1
bsilva@terra.com.br,1,19,6,0,0,0,0,1.0,1.0,0.0,terra.com.br,1,0
mariana_carvalho@bol.com.br,1,27,16,0,0,1,0,0.688,0.938,0.0,bol.com.br,1,0
rodrigo-pires.x@uol.com.br,1,26,15,0,1,0,1,0.733,0.867,0.0,uol.com.br,1,0
joao_leite@hotmail.com,1,22,10,0,0,1,0,0.8,0.9,0.0,hotmail.com,1,0
juliana.lima@guerrillamail.com,1,30,12,0,1,0,0,0.667,0.917,0.0,guerrillamail.com,0,1
ana-assis@tempmail.com,0,22,9,0,0,0,1,0.556,0.889,0.0,tempmail.com,0,1
debora-carvalho@bol.com.br,1,26,15,0,0,0,1,0.733,0.933,0.0,bol.com.br,1,0
thiago_costa@uol.com.br,1,23,12,0,0,1,0,0.75,0.917,0.0,uol.com.br,1,0
sandra-antunes@gmx.com,1,22,14,0,0,0,1,0.643,0.929,0.0,gmx.com,0,1
camila@gmail.co,1,15,6,0,0,0,0,0.833,1.0,0.0,gmail.co,0,1
joao@outlok.com,1,15,4,0,0,0,0,0.75,1.0,0.0,outlok.com,0,1
support5279@mailtemp.org,0,24,11,1,0,0,0,0.909,0.636,0.364,mailtemp.org,0,1
gabriel.dias@bol.com.br,1,23,12,0,1,0,0,0.833,0.917,0.0,bol.com.br,1,0
aline-assis@protonmail.com,1,26,11,0,0,0,1,0.636,0.909,0.0,protonmail.com,1,0
fernando499@bol.com.br,1,22,11,1,0,0,0,0.818,0.727,0.273,bol.com.br,1,0
isabela5@mailtemp.org,0,21,8,1,0,0,0,0.875,0.875,0.125,mailtemp.org,0,1
roberto_costa@aol.com,1,21,13,0,0,1,0,0.692,0.923,0.0,aol.com,1,0
0404951@disposablemail.com,0,26,7,1,0,0,0,0.714,0.0,1.0,disposablemail.com,0,1
fribeiro@terra.com.br,1,21,8,0,0,0,0,0.75,1.0,0.0,terra.com.br,1,0
ricardo-ferreira@gmail.co,1,25,16,0,0,0,1,0.562,0.938,0.0,gmail.co,0,1
gabriel_moura@hotmail.com,1,25,13,0,0,1,0,0.846,0.923,0.0,hotmail.com,1,0
590788@yopmail.com,0,18,6,1,0,0,0,0.833,0.0,1.0,yopmail.com,0,1
ana44@outlook.com,1,17,5,1,0,0,0,0.6,0.6,0.4,outlook.com,1,0
joao_silva@yopmail.com,0,22,10,0,0,1,0,0.8,0.9,0.0,yopmail.com,0,1
mariana@hotmail.com,1,19,7,0,0,0,0,0.714,1.0,0.0,hotmail.com,1,0
3604211@spammail.net,0,20,7,1,0,0,0,0.857,0.0,1.0,spammail.net,0,1
738828986@mailme.one,0,20,9,1,0,0,0,0.667,0.0,1.0,mailme.one,0,1
lucas_vieira@hotmial.com,0,24,12,0,0,1,0,0.833,0.917,0.0,hotmial.com,0,1
test374@trashmail.com,0,21,7,1,0,0,0,0.857,0.571,0.429,trashmail.com,0,1
avieira@tempmail.com,0,20,7,0,0,0,0,0.714,1.0,0.0,tempmail.com,0,1
653428562755@mailnow.org,0,24,12,1,0,0,0,0.583,0.0,1.0,mailnow.org,0,1
felipe517@randommail.xyz,1,24,9,1,0,0,0,0.889,0.667,0.333,randommail.xyz,0,1
rodrigo-ribeiro@aol.com,1,23,15,0,0,0,1,0.533,0.933,0.0,aol.com,1,0
carlos200@gmail.co,1,18,9,1,0,0,0,0.889,0.667,0.333,gmail.co,0,1
thiago@mailme.one,0,17,6,0,0,0,0,1.0,1.0,0.0,mailme.one,0,1
giorgia-barros@tempmail.com,0,27,14,0,0,0,1,0.571,0.929,0.0,tempmail.com,0,1
925426524304@mailtemp.org,0,25,12,1,0,0,0,0.583,0.0,1.0,mailtemp.org,0,1
2477497483@mailinator.com,0,25,10,1,0,0,0,0.6,0.0,1.0,mailinator.com,0,1
example472@tempmail.com,0,23,10,1,0,0,0,0.9,0.7,0.3,tempmail.com,0,1
728049143736@mailme.one,0,23,12,1,0,0,0,0.75,0.0,1.0,mailme.one,0,1
laura1@mailcatch.com,0,20,6,1,0,0,0,0.833,0.833,0.167,mailcatch.com,0,1
cvieira@gmx.com,1,15,7,0,0,0,0,0.857,1.0,0.0,gmx.com,0,1
paulao.gomes@outlook.com,1,24,12,0,1,0,0,0.833,0.917,0.0,outlook.com,1,0
vitoria@uol.com.br,1,18,7,0,0,0,0,0.857,1.0,0.0,uol.com.br,1,0
debora_antunes@tempmail.co,0,26,14,0,0,1,0,0.786,0.929,0.0,tempmail.co,0,1
ssilva@guerrillamail.com,1,24,6,0,0,0,0,0.833,1.0,0.0,guerrillamail.com,0,1
calves@tempmail.com,0,19,6,0,0,0,0,1.0,1.0,0.0,tempmail.com,0,1
kp_l.-zwj@tempmail.co,0,21,9,0,1,1,1,1.0,0.667,0.0,tempmail.co,0,1
nicolas.carvalho@mailme.one,0,27,16,0,1,0,0,0.688,0.938,0.0,mailme.one,0,1
aline@icloud.com,1,16,5,0,0,0,0,1.0,1.0,0.0,icloud.com,1,0
5968746793@mailnow.org,0,22,10,1,0,0,0,0.7,0.0,1.0,mailnow.org,0,1
jz4m3co12jwujzc.@fake-mail.net,0,30,16,1,1,0,0,0.75,0.688,0.25,fake-mail.net,0,1
3031192@10minutemail.com,0,24,7,1,0,0,0,0.714,0.0,1.0,10minutemail.com,0,1
i248f3vk@fake-mail.net,0,22,8,1,0,0,0,1.0,0.5,0.5,fake-mail.net,0,1
halves@aol.com,1,14,6,0,0,0,0,1.0,1.0,0.0,aol.com,1,0
thiago@yaho.com,1,15,6,0,0,0,0,1.0,1.0,0.0,yaho.com,0,1
sandra_oliveira@protonmail.com,1,30,15,0,0,1,0,0.733,0.933,0.0,protonmail.com,1,0
755880720265@guerrillamail.com,0,30,12,1,0,0,0,0.5,0.0,1.0,guerrillamail.com,0,1
ricardo-antunes@gmail.co,1,24,15,0,0,0,1,0.8,0.933,0.0,gmail.co,0,1
pedro_borges@disposablemail.com,1,31,12,0,0,1,0,0.75,0.917,0.0,disposablemail.com,0,1
gabriel50@gmaill.com,1,20,9,1,0,0,0,1.0,0.778,0.222,gmaill.com,0,1
185ibjubi6m@disposablemail.com,0,30,11,1,0,0,0,0.818,0.636,0.364,disposablemail.com,0,1
bruno.antunes@mailtemp.org,0,26,13,0,1,0,0,0.769,0.923,0.0,mailtemp.org,0,1
felipe35@live.com,1,17,8,1,0,0,0,0.875,0.75,0.25,live.com,1,0
help8205@10minutemail.com,0,25,8,1,0,0,0,1.0,0.5,0.5,10minutemail.com,0,1
luana.pires@gmail.co,1,20,11,0,1,0,0,0.909,0.909,0.0,gmail.co,0,1
isabela_freitas.jr@disposablemail.com,0,37,18,0,1,1,0,0.667,0.889,0.0,disposablemail.com,0,1
mateus-vieira@gmaill.com,1,24,13,0,0,0,1,0.769,0.923,0.0,gmaill.com,0,1
19415330667@spammail.net,0,24,11,1,0,0,0,0.727,0.0,1.0,spammail.net,0,1
mateus_leite@outlook.co,1,23,12,0,0,1,0,0.75,0.917,0.0,outlook.co,0,1
admin1818@fake-mail.net,0,23,9,1,0,0,0,0.778,0.556,0.444,fake-mail.net,0,1
82616148@mailcatch.com,0,22,8,1,0,0,0,0.625,0.0,1.0,mailcatch.com,0,1
nicolas.mendes@yaho.com,1,23,14,0,1,0,0,0.786,0.929,0.0,yaho.com,0,1
rodrigo851@tempmail.co,0,22,10,1,0,0,0,0.8,0.7,0.3,tempmail.co,0,1
090047390@trashmail.com,0,23,9,1,0,0,0,0.556,0.0,1.0,trashmail.com,0,1
camila-pires@aol.com,1,20,12,0,0,0,1,0.833,0.917,0.0,aol.com,1,0
3949312793@fake-mail.net,0,24,10,1,0,0,0,0.6,0.0,1.0,fake-mail.net,0,1
thiago-ferreira@hotmial.com,1,27,15,0,0,0,1,0.667,0.933,0.0,hotmial.com,0,1
23023@fake-mail.net,0,19,5,1,0,0,0,0.6,0.0,1.0,fake-mail.net,0,1
gsantos@hotmial.com,1,19,7,0,0,0,0,0.857,1.0,0.0,hotmial.com,0,1
612967505@mailnow.org,0,21,9,1,0,0,0,0.778,0.0,1.0,mailnow.org,0,1
29899701975@mailtemp.org,0,24,11,1,0,0,0,0.636,0.0,1.0,mailtemp.org,0,1
akw6zlk@mailme.one,0,18,7,1,0,0,0,0.857,0.857,0.143,mailme.one,0,1
laura@mailinator.com,0,20,5,0,0,0,0,0.8,1.0,0.0,mailinator.com,0,1
roberto_nascimento@tempmail.com,0,31,18,0,0,1,0,0.667,0.944,0.0,tempmail.com,0,1
rfreitas@hotmail.com,1,20,8,0,0,0,0,0.875,1.0,0.0,hotmail.com,1,0
juliana-assis@guerrillamail.com,0,31,13,0,0,0,1,0.615,0.923,0.0,guerrillamail.com,0,1
mailuser12@yopmail.com,0,22,10,1,0,0,0,1.0,0.8,0.2,yopmail.com,0,1
trodrigues@gmx.com,0,18,10,0,0,0,0,0.9,1.0,0.0,gmx.com,0,1
fernando@aol.com,1,16,8,0,0,0,0,0.875,1.0,0.0,aol.com,1,0
paula-souza@gmail.co,0,20,11,0,0,0,1,0.727,0.909,0.0,gmail.co,0,1
rafael_assis@bol.com.br,1,23,12,0,0,1,0,0.667,0.917,0.0,bol.com.br,1,0
lucas@gmx.com,1,13,5,0,0,0,0,1.0,1.0,0.0,gmx.com,0,1
lucas-borges@gmx.com,1,20,12,0,0,0,1,0.917,0.917,0.0,gmx.com,0,1
luana3@outlok.com,1,17,6,1,0,0,0,0.833,0.833,0.167,outlok.com,0,1
test712@tempmail.com,0,20,7,1,0,0,0,0.857,0.571,0.429,tempmail.com,0,1
isabela187@randommail.xyz,1,25,10,1,0,0,0,0.9,0.7,0.3,randommail.xyz,0,1
mp93qq.p5@fake-mail.net,0,23,9,1,1,0,0,0.778,0.556,0.333,fake-mail.net,0,1
aline.souza@outlok.com,1,22,11,0,1,0,0,0.909,0.909,0.0,outlok.com,0,1
gglcr5p8aacj7@tempmail.co,0,25,13,1,0,0,0,0.769,0.769,0.231,tempmail.co,0,1
aline.antunes@outlook.com,1,25,13,0,1,0,0,0.692,0.923,0.0,outlook.com,1,0
s9v7lp1l@tempmail.co,0,20,8,1,0,0,0,0.875,0.625,0.375,tempmail.co,0,1
2866751190@yopmail.com,0,22,10,1,0,0,0,0.8,0.0,1.0,yopmail.com,0,1
tckmfi9yhm-i.@tempmail.com,0,26,13,1,1,0,1,0.846,0.769,0.077,tempmail.com,0,1
0qfx7a@yopmail.com,0,18,6,1,0,0,0,1.0,0.667,0.333,yopmail.com,0,1
juliana@terra.com.br,1,20,7,0,0,0,0,0.857,1.0,0.0,terra.com.br,1,0
aline-freitas@icloud.com,1,24,13,0,0,0,1,0.769,0.923,0.0,icloud.com,1,0
ana-antunes@outlook.com,1,23,11,0,0,0,1,0.636,0.909,0.0,outlook.com,1,0
bruno_nascimento@disposablemail.com,0,35,16,0,0,1,0,0.812,0.938,0.0,disposablemail.com,0,1
sandra.freitas@randommail.xyz,0,29,14,0,1,0,0,0.714,0.929,0.0,randommail.xyz,0,1
vitoria.silva@gmx.com,1,21,13,0,1,0,0,0.692,0.923,0.0,gmx.com,0,1
vitoria@yahoo.com,1,17,7,0,0,0,0,0.857,1.0,0.0,yahoo.com,1,0
6543640@mailcatch.com,0,21,7,1,0,0,0,0.714,0.0,1.0,mailcatch.com,0,1
mariana.mendes@yaho.com,0,23,14,0,1,0,0,0.643,0.929,0.0,yaho.com,0,1
abarros@outlok.com,1,18,7,0,0,0,0,0.714,1.0,0.0,outlok.com,0,1
snascimento@outlook.co,1,22,11,0,0,0,0,0.818,1.0,0.0,outlook.co,0,1
ricardo.rocha@hotmial.com,1,25,13,0,1,0,0,0.615,0.923,0.0,hotmial.com,0,1
mateus462@yopmail.com,0,21,9,1,0,0,0,1.0,0.667,0.333,yopmail.com,0,1
camila553@yaho.com,1,18,9,1,0,0,0,0.778,0.667,0.333,yaho.com,0,1
camila_carvalho@uol.com.br,1,26,15,0,0,1,0,0.667,0.933,0.0,uol.com.br,1,0
0u1r54ed6@mailinator.com,0,24,9,1,0,0,0,1.0,0.444,0.556,mailinator.com,0,1
paula-oliveira@yahoo.com,1,24,14,0,0,0,1,0.714,0.929,0.0,yahoo.com,1,0
camila45@gmail.co,1,17,8,1,0,0,0,0.875,0.75,0.25,gmail.co,0,1
lnascimento@uol.com.br,1,22,11,0,0,0,0,0.909,1.0,0.0,uol.com.br,1,0
pedro.araujo@gmail.co,1,21,12,0,1,0,0,0.75,0.917,0.0,gmail.co,0,1
mateus-rocha@uol.com.br,1,23,12,0,0,0,1,0.917,0.917,0.0,uol.com.br,1,0
isabela@outlook.com,1,19,7,0,0,0,0,0.857,1.0,0.0,outlook.com,1,0
felipe@spammail.net,1,19,6,0,0,0,0,0.833,1.0,0.0,spammail.net,0,1
giorgia@terra.com.br,1,20,7,0,0,0,0,0.714,1.0,0.0,terra.com.br,1,0
aline_oliveira@live.com,1,23,14,0,0,1,0,0.643,0.929,0.0,live.com,1,0
cfreitas@gmaill.com,1,19,8,0,0,0,0,1.0,1.0,0.0,gmaill.com,0,1
5742559@mailinator.com,0,22,7,1,0,0,0,0.714,0.0,1.0,mailinator.com,0,1
paula-antunes@gmail.com,1,23,13,0,0,0,1,0.692,0.923,0.0,gmail.com,1,0
fernando@outlook.com,1,20,8,0,0,0,0,0.875,1.0,0.0,outlook.com,1,0
gabriel_dias@mailme.one,0,23,12,0,0,1,0,0.833,0.917,0.0,mailme.one,0,1
admin9595@guerrillamail.com,0,27,9,1,0,0,0,0.778,0.556,0.444,guerrillamail.com,0,1
nicolas.santos@mailinator.com,1,29,14,0,1,0,0,0.643,0.929,0.0,mailinator.com,0,1
nicolas-vieira@protonmail.com,1,29,14,0,0,0,1,0.786,0.929,0.0,protonmail.com,1,0
3228036839@guerrillamail.com,0,28,10,1,0,0,0,0.6,0.0,1.0,guerrillamail.com,0,1
deab0o7gp.uy550o@mailcatch.com,0,30,16,1,1,0,0,0.812,0.625,0.312,mailcatch.com,0,1
dodwh7@tempmail.com,0,19,6,1,0,0,0,0.833,0.833,0.167,tempmail.com,0,1
046652744@mailcatch.com,0,23,9,1,0,0,0,0.667,0.0,1.0,mailcatch.com,0,1
help641@mailnow.org,0,19,7,1,0,0,0,1.0,0.571,0.429,mailnow.org,0,1
antonio-souza@yaho.com,1,22,13,0,0,0,1,0.692,0.923,0.0,yaho.com,0,1
rleite@gmail.com,1,16,6,0,0,0,0,0.833,1.0,0.0,gmail.com,1,0
179584393146@mailinator.com,0,27,12,1,0,0,0,0.667,0.0,1.0,mailinator.com,0,1
pedro_moreira@outlok.com,1,24,13,0,0,1,0,0.692,0.923,0.0,outlok.com,0,1
lucas-barros@yaho.com,1,21,12,0,0,0,1,0.75,0.917,0.0,yaho.com,0,1
4180134@mailnow.org,0,19,7,1,0,0,0,0.714,0.0,1.0,mailnow.org,0,1
7g0abgb8pmx@mailtemp.org,0,24,11,1,0,0,0,0.818,0.727,0.273,mailtemp.org,0,1
joao-pereira.jr@tempmail.com,0,28,15,0,1,0,1,0.6,0.867,0.0,tempmail.com,0,1
6fx32t5gd@disposablemail.com,0,28,9,1,0,0,0,1.0,0.556,0.444,disposablemail.com,0,1
luana-ferreira@live.com,1,23,14,0,0,0,1,0.643,0.929,0.0,live.com,1,0
test321@guerrillamail.com,0,25,7,1,0,0,0,0.857,0.571,0.429,guerrillamail.com,0,1
gustavo.moura@gmaill.com,0,24,13,0,1,0,0,0.769,0.923,0.0,gmaill.com,0,1
clara-moreira@gmail.com,1,23,13,0,0,0,1,0.692,0.923,0.0,gmail.com,1,0
imoura@10minutemail.com,0,23,6,0,0,0,0,1.0,1.0,0.0,10minutemail.com,0,1
h5c55w5g5szplqj@mailtemp.org,0,28,15,1,0,0,0,0.733,0.667,0.333,mailtemp.org,0,1
665078122228@yopmail.com,0,24,12,1,0,0,0,0.583,0.0,1.0,yopmail.com,0,1
thiago28@protonmail.com,1,23,8,1,0,0,0,1.0,0.75,0.25,protonmail.com,1,0
paulao.jr@outlook.com,1,21,9,0,1,0,0,0.889,0.889,0.0,outlook.com,1,0
bruno_carvalho@fake-mail.net,1,28,14,0,0,1,0,0.786,0.929,0.0,fake-mail.net,0,1
20950281497@fake-mail.net,0,25,11,1,0,0,0,0.727,0.0,1.0,fake-mail.net,0,1
joao_mendes@gmail.co,1,20,11,0,0,1,0,0.818,0.909,0.0,gmail.co,0,1
clara.martins@outlook.co,1,24,13,0,1,0,0,0.769,0.923,0.0,outlook.co,0,1
beatriz-rocha@mailcatch.com,0,27,13,0,0,0,1,0.846,0.923,0.0,mailcatch.com,0,1
support9744@tempmail.co,0,23,11,1,0,0,0,0.818,0.636,0.364,tempmail.co,0,1
tel745csf0al@mailinator.com,0,27,12,1,0,0,0,0.917,0.667,0.333,mailinator.com,0,1
moliveira@gmail.co,0,18,9,0,0,0,0,0.889,1.0,0.0,gmail.co,0,1
admin4713@fake-mail.net,0,23,9,1,0,0,0,1.0,0.556,0.444,fake-mail.net,0,1
luana.silva@aol.com,1,19,11,0,1,0,0,0.727,0.909,0.0,aol.com,1,0
agomes@icloud.com,1,17,6,0,0,0,0,1.0,1.0,0.0,icloud.com,1,0
support8719@mailnow.org,0,23,11,1,0,0,0,0.909,0.636,0.364,mailnow.org,0,1
6503984@tempmail.com,0,20,7,1,0,0,0,1.0,0.0,1.0,tempmail.com,0,1
w27y6ktp0@tempmail.com,0,22,9,1,0,0,0,1.0,0.556,0.444,tempmail.com,0,1
gfreitas@gmail.com,1,18,8,0,0,0,0,1.0,1.0,0.0,gmail.com,1,0
mateus-rocha@mailinator.com,0,27,12,0,0,0,1,0.917,0.917,0.0,mailinator.com,0,1
ifreitas@gmail.co,1,17,8,0,0,0,0,0.875,1.0,0.0,gmail.co,0,1
laura.martins@live.com,1,22,13,0,1,0,0,0.769,0.923,0.0,live.com,1,0
maria_vieira@uol.com.br,1,23,12,0,0,1,0,0.583,0.917,0.0,uol.com.br,1,0
carlos.alves@tempmail.com,0,25,12,0,1,0,0,0.75,0.917,0.0,tempmail.com,0,1
paula@live.com,1,14,5,0,0,0,0,0.8,1.0,0.0,live.com,1,0
mariana-gomes@yaho.com,1,22,13,0,0,0,1,0.769,0.923,0.0,yaho.com,0,1
8418443445@mailcatch.com,0,24,10,1,0,0,0,0.5,0.0,1.0,mailcatch.com,0,1
acunha@gmail.co,0,15,6,0,0,0,0,0.833,1.0,0.0,gmail.co,0,1
acarvalho@tempmail.co,1,21,9,0,0,0,0,0.778,1.0,0.0,tempmail.co,0,1
gustavo182@live.com,1,19,10,1,0,0,0,1.0,0.7,0.3,live.com,1,0
debora-assis@uol.com.br,1,23,12,0,0,0,1,0.75,0.917,0.0,uol.com.br,1,0
bmendes@mailnow.org,0,19,7,0,0,0,0,0.857,1.0,0.0,mailnow.org,0,1
806224@randommail.xyz,0,21,6,1,0,0,0,0.833,0.0,1.0,randommail.xyz,0,1
715637048451@mailinator.com,0,27,12,1,0,0,0,0.667,0.0,1.0,mailinator.com,0,1
paula.ferreira@protonmail.com,1,29,14,0,1,0,0,0.643,0.929,0.0,protonmail.com,1,0
eduardo37@yaho.com,1,18,9,1,0,0,0,0.889,0.778,0.222,yaho.com,0,1
eduardo69@protonmail.com,1,24,9,1,0,0,0,0.889,0.778,0.222,protonmail.com,1,0
tcosta@10minutemail.com,0,23,6,0,0,0,0,0.833,1.0,0.0,10minutemail.com,0,1
test739@tempmail.co,0,19,7,1,0,0,0,0.857,0.571,0.429,tempmail.co,0,1
818856212257@10minutemail.com,0,29,12,1,0,0,0,0.5,0.0,1.0,10minutemail.com,0,1
rafael-cunha@hotmial.com,0,24,12,0,0,0,1,0.833,0.917,0.0,hotmial.com,0,1
marcos790@live.com,1,18,9,1,0,0,0,1.0,0.667,0.333,live.com,1,0
user171@10minutemail.com,0,24,7,1,0,0,0,0.857,0.571,0.429,10minutemail.com,0,1
745pw4xoe0o@mailtemp.org,0,24,11,1,0,0,0,0.818,0.545,0.455,mailtemp.org,0,1
4433460255@mailnow.org,0,22,10,1,0,0,0,0.6,0.0,1.0,mailnow.org,0,1
4942835@disposablemail.com,0,26,7,1,0,0,0,0.857,0.0,1.0,disposablemail.com,0,1
thiago.martins@tempmail.co,0,26,14,0,1,0,0,0.786,0.929,0.0,tempmail.co,0,1
giorgia.rodrigues@yahoo.com,1,27,17,0,1,0,0,0.588,0.941,0.0,yahoo.com,1,0
gmoura@spammail.net,0,19,6,0,0,0,0,1.0,1.0,0.0,spammail.net,0,1
example810@disposablemail.com,0,29,10,1,0,0,0,0.9,0.7,0.3,disposablemail.com,0,1
paraujo@hotmial.com,0,19,7,0,0,0,0,0.857,1.0,0.0,hotmial.com,0,1
ana404@outlook.com,1,18,6,1,0,0,0,0.667,0.5,0.5,outlook.com,1,0
support1023@tempmail.co,0,23,11,1,0,0,0,0.909,0.636,0.364,tempmail.co,0,1
064052@mailnow.org,0,18,6,1,0,0,0,0.833,0.0,1.0,mailnow.org,0,1
mailuser627@mailnow.org,0,23,11,1,0,0,0,1.0,0.727,0.273,mailnow.org,0,1
thiago29@gmail.co,1,17,8,1,0,0,0,1.0,0.75,0.25,gmail.co,0,1
camila79@icloud.com,1,19,8,1,0,0,0,0.875,0.75,0.25,icloud.com,1,0
pedro_leite@terra.com.br,1,24,11,0,0,1,0,0.818,0.909,0.0,terra.com.br,1,0
inascimento.jr@terra.com.br,1,27,14,0,1,0,0,0.857,0.929,0.0,terra.com.br,1,0
efqgsem2fitgu@10minutemail.com,0,30,13,1,0,0,0,0.769,0.923,0.077,10minutemail.com,0,1
gabriel@gmaill.com,1,18,7,0,0,0,0,1.0,1.0,0.0,gmaill.com,0,1
ralves@yahoo.com,1,16,6,0,0,0,0,1.0,1.0,0.0,yahoo.com,1,0
service9974@tempmail.co,0,23,11,1,0,0,0,0.818,0.636,0.364,tempmail.co,0,1
antonio.gomes@outlook.com,1,25,13,0,1,0,0,0.769,0.923,0.0,outlook.com,1,0
bpires@tempmail.com,1,19,6,0,0,0,0,1.0,1.0,0.0,tempmail.com,0,1
juliana_assis@hotmial.com,1,25,13,0,0,1,0,0.615,0.923,0.0,hotmial.com,0,1
mariana796@uol.com.br,1,21,10,1,0,0,0,0.8,0.7,0.3,uol.com.br,1,0
764982563@spammail.net,0,22,9,1,0,0,0,0.889,0.0,1.0,spammail.net,0,1
beatriz@mailme.one,0,18,7,0,0,0,0,1.0,1.0,0.0,mailme.one,0,1
mariana906@bol.com.br,1,21,10,1,0,0,0,0.8,0.7,0.3,bol.com.br,1,0
rodrigo_ribeiro@hotmial.com,1,27,15,0,0,1,0,0.533,0.933,0.0,hotmial.com,0,1
galves@gmail.co,1,15,6,0,0,0,0,1.0,1.0,0.0,gmail.co,0,1
luana-martins@mailtemp.org,1,26,13,0,0,0,1,0.769,0.923,0.0,mailtemp.org,0,1
pferreira@outlook.co,1,20,9,0,0,0,0,0.667,1.0,0.0,outlook.co,0,1
aline.araujo@yopmail.com,1,24,12,0,1,0,0,0.833,0.917,0.0,yopmail.com,0,1
paula-souza@yahoo.com,1,21,11,0,0,0,1,0.727,0.909,0.0,yahoo.com,1,0
aline.rocha@gmaill.com,1,22,11,0,1,0,0,0.909,0.909,0.0,gmaill.com,0,1
296488@mailcatch.com,0,20,6,1,0,0,0,0.833,0.0,1.0,mailcatch.com,0,1
service6248@tempmail.co,0,23,11,1,0,0,0,0.909,0.636,0.364,tempmail.co,0,1
luana-rodrigues@protonmail.com,1,30,15,0,0,0,1,0.8,0.933,0.0,protonmail.com,1,0
5ou833z5@fake-mail.net,0,22,8,1,0,0,0,0.75,0.375,0.625,fake-mail.net,0,1
roberto@gmx.com,0,15,7,0,0,0,0,0.714,1.0,0.0,gmx.com,0,1
maria-oliveira@gmaill.com,0,25,14,0,0,0,1,0.643,0.929,0.0,gmaill.com,0,1
massis@gmail.co,1,15,6,0,0,0,0,0.667,1.0,0.0,gmail.co,0,1
98870978880@randommail.xyz,0,26,11,1,0,0,0,0.364,0.0,1.0,randommail.xyz,0,1
vitoria_martins@gmail.com,1,25,15,0,0,1,0,0.667,0.933,0.0,gmail.com,1,0
help6850@fake-mail.net,0,22,8,1,0,0,0,1.0,0.5,0.5,fake-mail.net,0,1
l6urbjsad0j2n@trashmail.com,0,27,13,1,0,0,0,0.923,0.769,0.231,trashmail.com,0,1
507057236@spammail.net,0,22,9,1,0,0,0,0.667,0.0,1.0,spammail.net,0,1
paula_gomes@hotmail.com,1,23,11,0,0,1,0,0.909,0.909,0.0,hotmail.com,1,0
69037101811@tempmail.co,0,23,11,1,0,0,0,0.636,0.0,1.0,tempmail.co,0,1
isabela@uol.com.br,1,18,7,0,0,0,0,0.857,1.0,0.0,uol.com.br,1,0
gustavo70@gmail.com,1,19,9,1,0,0,0,1.0,0.778,0.222,gmail.com,1,0
henrique20@outlok.com,1,21,10,1,0,0,0,0.9,0.8,0.2,outlok.com,0,1
thiago510@hotmial.com,1,21,9,1,0,0,0,1.0,0.667,0.333,hotmial.com,0,1
isabela@gmail.co,1,16,7,0,0,0,0,0.857,1.0,0.0,gmail.co,0,1
6_5vjt6fx@randommail.xyz,0,24,9,1,0,1,0,0.889,0.556,0.333,randommail.xyz,0,1
isabela.pires@outlook.co,1,24,13,0,1,0,0,0.692,0.923,0.0,outlook.co,0,1
383834@mailnow.org,0,18,6,1,0,0,0,0.5,0.0,1.0,mailnow.org,0,1
kfhoe3m@mailtemp.org,0,20,7,1,0,0,0,1.0,0.857,0.143,mailtemp.org,0,1
glima@icloud.com,1,16,5,0,0,0,0,1.0,1.0,0.0,icloud.com,1,0
paula645@hotmial.com,1,20,8,1,0,0,0,0.875,0.625,0.375,hotmial.com,0,1
eduardo-moura@bol.com.br,1,24,13,0,0,0,1,0.615,0.923,0.0,bol.com.br,1,0
bruno-borges@gmx.com,1,20,12,0,0,0,1,0.75,0.917,0.0,gmx.com,0,1
aline.martins@gmaill.com,1,24,13,0,1,0,0,0.769,0.923,0.0,gmaill.com,0,1
bruno@aol.com,1,13,5,0,0,0,0,1.0,1.0,0.0,aol.com,1,0
aline_nascimento.x@mailinator.com,0,33,18,0,1,1,0,0.722,0.889,0.0,mailinator.com,0,1
3157829134@mailtemp.org,0,23,10,1,0,0,0,0.8,0.0,1.0,mailtemp.org,0,1
8myzdcqr8z@yopmail.com,0,22,10,1,0,0,0,0.8,0.8,0.2,yopmail.com,0,1
henrique@outlook.co,0,19,8,0,0,0,0,0.875,1.0,0.0,outlook.co,0,1
120957@10minutemail.com,0,23,6,1,0,0,0,1.0,0.0,1.0,10minutemail.com,0,1
debora@bol.com.br,1,17,6,0,0,0,0,1.0,1.0,0.0,bol.com.br,1,0
example214@spammail.net,0,23,10,1,0,0,0,0.9,0.7,0.3,spammail.net,0,1
aline_araujo@uol.com.br,1,23,12,0,0,1,0,0.833,0.917,0.0,uol.com.br,1,0
2721957@tempmail.com,0,20,7,1,0,0,0,0.714,0.0,1.0,tempmail.com,0,1
maria.cunha@trashmail.com,0,25,11,0,1,0,0,0.818,0.909,0.0,trashmail.com,0,1
paulao_ribeiro@gmail.com,1,24,14,0,0,1,0,0.714,0.929,0.0,gmail.com,1,0
contact6314@trashmail.com,0,25,11,1,0,0,0,0.818,0.636,0.364,trashmail.com,0,1
fsilva@bol.com.br,1,17,6,0,0,0,0,1.0,1.0,0.0,bol.com.br,1,0
ricardo@mailcatch.com,0,21,7,0,0,0,0,0.857,1.0,0.0,mailcatch.com,0,1
1585637@disposablemail.com,0,26,7,1,0,0,0,0.857,0.0,1.0,disposablemail.com,0,1
paula.moura@tempmail.co,1,23,11,0,1,0,0,0.727,0.909,0.0,tempmail.co,0,1
snascimento@protonmail.com,1,26,11,0,0,0,0,0.818,1.0,0.0,protonmail.com,1,0
192235877@disposablemail.com,0,28,9,1,0,0,0,0.778,0.0,1.0,disposablemail.com,0,1
32602913@yopmail.com,0,20,8,1,0,0,0,0.75,0.0,1.0,yopmail.com,0,1
fpires@fake-mail.net,1,20,6,0,0,0,0,1.0,1.0,0.0,fake-mail.net,0,1
mailuser902@mailnow.org,0,23,11,1,0,0,0,1.0,0.727,0.273,mailnow.org,0,1
felipe119@hotmail.com,1,21,9,1,0,0,0,0.778,0.667,0.333,hotmail.com,1,0
pmartins@hotmial.com,1,20,8,0,0,0,0,1.0,1.0,0.0,hotmial.com,0,1
juliana.pereira@terra.com.br,1,28,15,0,1,0,0,0.667,0.933,0.0,terra.com.br,1,0
marcos.silva@yaho.com,1,21,12,0,1,0,0,0.833,0.917,0.0,yaho.com,0,1
ricardo.antunes@protonmail.com,1,30,15,0,1,0,0,0.8,0.933,0.0,protonmail.com,1,0
mariana.gomes@tempmail.com,0,26,13,0,1,0,0,0.769,0.923,0.0,tempmail.com,0,1
lucas_ribeiro@mailcatch.com,0,27,13,0,0,1,0,0.846,0.923,0.0,mailcatch.com,0,1
sofia82@gmail.co,1,16,7,1,0,0,0,1.0,0.714,0.286,gmail.co,0,1
rodrigo.borges@yaho.com,1,23,14,0,1,0,0,0.643,0.929,0.0,yaho.com,0,1
6571bm8l1icn1@tempmail.com,0,26,13,1,0,0,0,0.846,0.462,0.538,tempmail.com,0,1
cmendes@hotmial.com,1,19,7,0,0,0,0,0.857,1.0,0.0,hotmial.com,0,1
gustavo_lima@fake-mail.net,0,26,12,0,0,1,0,0.917,0.917,0.0,fake-mail.net,0,1
959290295263@mailinator.com,0,27,12,1,0,0,0,0.5,0.0,1.0,mailinator.com,0,1
joao.barros@aol.com,1,19,11,0,1,0,0,0.636,0.909,0.0,aol.com,1,0
911414699@yopmail.com,0,21,9,1,0,0,0,0.444,0.0,1.0,yopmail.com,0,1
paula_rodrigues@protonmail.com,1,30,15,0,0,1,0,0.8,0.933,0.0,protonmail.com,1,0
sofia-moura@gmail.com,1,21,11,0,0,0,1,0.818,0.909,0.0,gmail.com,1,0
0261929@mailtemp.org,0,20,7,1,0,0,0,0.714,0.0,1.0,mailtemp.org,0,1
605923462@disposablemail.com,0,28,9,1,0,0,0,0.778,0.0,1.0,disposablemail.com,0,1
clara@uol.com.br,1,16,5,0,0,0,0,0.8,1.0,0.0,uol.com.br,1,0
mateus-alves@gmail.com,1,22,12,0,0,0,1,0.75,0.917,0.0,gmail.com,1,0
rodrigo_martins@uol.com.br,1,26,15,0,0,1,0,0.733,0.933,0.0,uol.com.br,1,0
jalves@outlok.com,1,17,6,0,0,0,0,1.0,1.0,0.0,outlok.com,0,1
aline_nascimento@live.com,1,25,16,0,0,1,0,0.688,0.938,0.0,live.com,1,0
bruno77@gmail.com,1,17,7,1,0,0,0,0.857,0.714,0.286,gmail.com,1,0
eduardo6@bol.com.br,1,19,8,1,0,0,0,0.875,0.875,0.125,bol.com.br,1,0
vitoria572@icloud.com,1,21,10,1,0,0,0,0.9,0.7,0.3,icloud.com,1,0
csilva@yahoo.com,1,16,6,0,0,0,0,1.0,1.0,0.0,yahoo.com,1,0
fernando@live.com,1,17,8,0,0,0,0,0.875,1.0,0.0,live.com,1,0
mateus.vieira@hotmial.com,1,25,13,0,1,0,0,0.769,0.923,0.0,hotmial.com,0,1
sandra.leite@10minutemail.com,0,29,12,0,1,0,0,0.833,0.917,0.0,10minutemail.com,0,1
roberto_pires@fake-mail.net,0,27,13,0,0,1,0,0.692,0.923,0.0,fake-mail.net,0,1
ana77@live.com,1,14,5,1,0,0,0,0.6,0.6,0.4,live.com,1,0
5u10-9-v@mailtemp.org,0,21,8,1,0,0,2,0.875,0.25,0.5,mailtemp.org,0,1
henrique@icloud.com,1,19,8,0,0,0,0,0.875,1.0,0.0,icloud.com,1,0
lucas@live.com,1,14,5,0,0,0,0,1.0,1.0,0.0,live.com,1,0
thiago-leite@hotmial.com,1,24,12,0,0,0,1,0.75,0.917,0.0,hotmial.com,0,1
clara_barros@yaho.com,1,21,12,0,0,1,0,0.667,0.917,0.0,yaho.com,0,1
ricardo.pereira@yaho.com,0,24,15,0,1,0,0,0.6,0.933,0.0,yaho.com,0,1
rborges@protonmail.com,1,22,7,0,0,0,0,0.857,1.0,0.0,protonmail.com,1,0
257084569916@mailcatch.com,0,26,12,1,0,0,0,0.75,0.0,1.0,mailcatch.com,0,1
6v1lk4aglbd@trashmail.com,0,25,11,1,0,0,0,0.909,0.727,0.273,trashmail.com,0,1
jcunha@bol.com.br,1,17,6,0,0,0,0,1.0,1.0,0.0,bol.com.br,1,0
64222330@yopmail.com,0,20,8,1,0,0,0,0.625,0.0,1.0,yopmail.com,0,1
bruno_oliveira@yaho.com,1,23,14,0,0,1,0,0.786,0.929,0.0,yaho.com,0,1
abc883@mailinator.com,0,21,6,1,0,0,0,0.833,0.5,0.5,mailinator.com,0,1
rodrigo-carvalho@uol.com.br,1,27,16,0,0,0,1,0.688,0.938,0.0,uol.com.br,1,0
grodrigues.jr@yaho.com,1,22,13,0,1,0,0,0.769,0.923,0.0,yaho.com,0,1
luana@gmail.com,1,15,5,0,0,0,0,0.8,1.0,0.0,gmail.com,1,0
thiago_carvalho.jr@gmaill.com,1,29,18,0,1,1,0,0.722,0.889,0.0,gmaill.com,0,1
pedro_costa@gmail.com,1,21,11,0,0,1,0,0.909,0.909,0.0,gmail.com,1,0
scunha@bol.com.br,1,17,6,0,0,0,0,1.0,1.0,0.0,bol.com.br,1,0
gabriel782@terra.com.br,1,23,10,1,0,0,0,1.0,0.7,0.3,terra.com.br,1,0
760752@mailinator.com,0,21,6,1,0,0,0,0.833,0.0,1.0,mailinator.com,0,1
7858712@mailcatch.com,0,21,7,1,0,0,0,0.714,0.0,1.0,mailcatch.com,0,1
aline.pereira@gmx.com,1,21,13,0,1,0,0,0.615,0.923,0.0,gmx.com,0,1
laura@outlook.com,1,17,5,0,0,0,0,0.8,1.0,0.0,outlook.com,1,0
user542@guerrillamail.com,0,25,7,1,0,0,0,1.0,0.571,0.429,guerrillamail.com,0,1
678062707556@fake-mail.net,0,26,12,1,0,0,0,0.5,0.0,1.0,fake-mail.net,0,1
mateus-pires@yahoo.com,1,22,12,0,0,0,1,0.833,0.917,0.0,yahoo.com,1,0
paula.ferreira@mailcatch.com,0,28,14,0,1,0,0,0.643,0.929,0.0,mailcatch.com,0,1
paulao@mailme.one,0,17,6,0,0,0,0,0.833,1.0,0.0,mailme.one,0,1
admin9601@mailnow.org,0,21,9,1,0,0,0,1.0,0.556,0.444,mailnow.org,0,1
26882413812@mailtemp.org,0,24,11,1,0,0,0,0.545,0.0,1.0,mailtemp.org,0,1
86652033898@tempmail.com,0,24,11,1,0,0,0,0.636,0.0,1.0,tempmail.com,0,1
fernando-silva@aol.com,1,22,14,0,0,0,1,0.857,0.929,0.0,aol.com,1,0
ldias@disposablemail.com,0,24,5,0,0,0,0,1.0,1.0,0.0,disposablemail.com,0,1
juliana-ribeiro@hotmial.com,1,27,15,0,0,0,1,0.733,0.933,0.0,hotmial.com,0,1
contact7900@disposablemail.com,0,30,11,1,0,0,0,0.727,0.636,0.364,disposablemail.com,0,1
rodrigo-pires@trashmail.com,0,27,13,0,0,0,1,0.692,0.923,0.0,trashmail.com,0,1
andre-pereira@mailme.one,0,24,13,0,0,0,1,0.615,0.923,0.0,mailme.one,0,1
sassis@mailme.one,0,17,6,0,0,0,0,0.5,1.0,0.0,mailme.one,0,1
henrique612@bol.com.br,1,22,11,1,0,0,0,0.909,0.727,0.273,bol.com.br,1,0
antonio.assis@hotmail.com,1,25,13,0,1,0,0,0.538,0.923,0.0,hotmail.com,1,0
8_pve2r55tx45v97@mailnow.org,0,28,16,1,0,1,0,0.812,0.438,0.5,mailnow.org,0,1
vf2we..p@spammail.net,0,21,8,1,2,0,0,0.875,0.625,0.125,spammail.net,0,1
service1828@guerrillamail.com,0,29,11,1,0,0,0,0.818,0.636,0.364,guerrillamail.com,0,1
paula736@mailme.one,0,19,8,1,0,0,0,0.875,0.625,0.375,mailme.one,0,1
paulao849@gmail.com,1,19,9,1,0,0,0,0.889,0.667,0.333,gmail.com,1,0
eduardo@gmail.com,1,17,7,0,0,0,0,0.857,1.0,0.0,gmail.com,1,0
mariana-araujo@uol.com.br,1,25,14,0,0,0,1,0.643,0.929,0.0,uol.com.br,1,0
paula199@yaho.com,0,17,8,1,0,0,0,0.75,0.625,0.375,yaho.com,0,1
maria-santos@guerrillamail.com,0,30,12,0,0,0,1,0.75,0.917,0.0,guerrillamail.com,0,1
mariana.souza@icloud.com,1,24,13,0,1,0,0,0.769,0.923,0.0,icloud.com,1,0
carlos_carvalho@guerrillamail.com,0,33,15,0,0,1,0,0.6,0.933,0.0,guerrillamail.com,0,1
andre.rodrigues.x@yaho.com,0,26,17,0,2,0,0,0.706,0.882,0.0,yaho.com,0,1
vitoria-moreira@bol.com.br,1,26,15,0,0,0,1,0.6,0.933,0.0,bol.com.br,1,0
cmartins@uol.com.br,1,19,8,0,0,0,0,1.0,1.0,0.0,uol.com.br,1,0
paulao_moura@live.com,1,21,12,0,0,1,0,0.667,0.917,0.0,live.com,1,0
beatriz.pereira@trashmail.com,0,29,15,0,1,0,0,0.6,0.933,0.0,trashmail.com,0,1
gq8.1258j@mailtemp.org,0,22,9,1,1,0,0,0.889,0.333,0.556,mailtemp.org,0,1
antonio748@fake-mail.net,0,24,10,1,0,0,0,0.8,0.7,0.3,fake-mail.net,0,1
fcarvalho@terra.com.br,1,22,9,0,0,0,0,0.889,1.0,0.0,terra.com.br,1,0
xi1s9npax@disposablemail.com,0,28,9,1,0,0,0,0.889,0.778,0.222,disposablemail.com,0,1
33084048@guerrillamail.com,0,26,8,1,0,0,0,0.5,0.0,1.0,guerrillamail.com,0,1
ricardo.borges@randommail.xyz,0,29,14,0,1,0,0,0.786,0.929,0.0,randommail.xyz,0,1
giorgia50@hotmial.com,1,21,9,1,0,0,0,0.778,0.778,0.222,hotmial.com,0,1
srocha@yahoo.com,1,16,6,0,0,0,0,1.0,1.0,0.0,yahoo.com,1,0
paulao.gomes.jr@outlook.com,1,27,15,0,2,0,0,0.8,0.867,0.0,outlook.com,1,0
giorgia90@outlook.co,1,20,9,1,0,0,0,0.778,0.778,0.222,outlook.co,0,1
marcos_borges@outlook.co,1,24,13,0,0,1,0,0.769,0.923,0.0,outlook.co,0,1
help945@randommail.xyz,0,22,7,1,0,0,0,1.0,0.571,0.429,randommail.xyz,0,1
eduardo-ribeiro@yopmail.com,0,27,15,0,0,0,1,0.6,0.933,0.0,yopmail.com,0,1
rafael@mailtemp.org,0,19,6,0,0,0,0,0.833,1.0,0.0,mailtemp.org,0,1
rgomes.jr@gmail.co,1,18,9,0,1,0,0,0.889,0.889,0.0,gmail.co,0,1
henrique95@yopmail.com,1,22,10,1,0,0,0,0.9,0.8,0.2,yopmail.com,0,1
ricardo@uol.com.br,1,18,7,0,0,0,0,0.857,1.0,0.0,uol.com.br,1,0
camila-costa@gmaill.com,1,23,12,0,0,0,1,0.75,0.917,0.0,gmaill.com,0,1
cwol2l9i24u@mailcatch.com,0,25,11,1,0,0,0,0.818,0.636,0.364,mailcatch.com,0,1
eduardo@mailcatch.com,0,21,7,0,0,0,0,0.857,1.0,0.0,mailcatch.com,0,1
ana@icloud.com,1,14,3,0,0,0,0,0.667,1.0,0.0,icloud.com,1,0
wbkxklzzlo_.r@mailcatch.com,0,27,13,0,1,1,0,0.769,0.846,0.0,mailcatch.com,0,1
903076@10minutemail.com,0,23,6,1,0,0,0,0.833,0.0,1.0,10minutemail.com,0,1
henrique@disposablemail.com,0,27,8,0,0,0,0,0.875,1.0,0.0,disposablemail.com,0,1
vitoria-moreira@trashmail.com,0,29,15,0,0,0,1,0.6,0.933,0.0,trashmail.com,0,1
vitoria@outlook.co,1,18,7,0,0,0,0,0.857,1.0,0.0,outlook.co,0,1
maria.santos@hotmail.com,1,24,12,0,1,0,0,0.75,0.917,0.0,hotmail.com,1,0
86298@trashmail.com,0,19,5,1,0,0,0,0.8,0.0,1.0,trashmail.com,0,1
pantunes@hotmail.com,1,20,8,0,0,0,0,0.875,1.0,0.0,hotmail.com,1,0
fernando322@protonmail.com,1,26,11,1,0,0,0,0.818,0.727,0.273,protonmail.com,1,0
joao@yahoo.com,1,14,4,0,0,0,0,0.75,1.0,0.0,yahoo.com,1,0
abc530@fake-mail.net,0,20,6,1,0,0,0,1.0,0.5,0.5,fake-mail.net,0,1
mmendes@outlok.com,1,18,7,0,0,0,0,0.714,1.0,0.0,outlok.com,0,1
gustavo_silva@gmaill.com,0,24,13,0,0,1,0,0.769,0.923,0.0,gmaill.com,0,1
joao842@gmx.com,1,15,7,1,0,0,0,0.857,0.571,0.429,gmx.com,0,1
support3693@mailinator.com,0,26,11,1,0,0,0,0.818,0.636,0.364,mailinator.com,0,1
273366761@guerrillamail.com,0,27,9,1,0,0,0,0.556,0.0,1.0,guerrillamail.com,0,1
936tt-v.bg.1xxv2@tempmail.com,0,29,16,1,2,0,1,0.75,0.5,0.312,tempmail.com,0,1
aborges@randommail.xyz,0,22,7,0,0,0,0,1.0,1.0,0.0,randommail.xyz,0,1
maria130@icloud.com,1,19,8,1,0,0,0,0.875,0.625,0.375,icloud.com,1,0
joao_antunes@yaho.com,0,21,12,0,0,1,0,0.75,0.917,0.0,yaho.com,0,1
lucas-borges@icloud.com,1,23,12,0,0,0,1,0.917,0.917,0.0,icloud.com,1,0
n8z79nk33a@mailcatch.com,0,24,10,1,0,0,0,0.8,0.5,0.5,mailcatch.com,0,1
nicolas387@bol.com.br,1,21,10,1,0,0,0,1.0,0.7,0.3,bol.com.br,1,0
juliana-araujo@mailinator.com,0,29,14,0,0,0,1,0.643,0.929,0.0,mailinator.com,0,1
henrique_araujo@gmail.co,0,24,15,0,0,1,0,0.733,0.933,0.0,gmail.co,0,1
fernando44@terra.com.br,1,23,10,1,0,0,0,0.8,0.8,0.2,terra.com.br,1,0
isabela34@gmx.com,0,17,9,1,0,0,0,0.889,0.778,0.222,gmx.com,0,1
qtroi91eaf3ihs@randommail.xyz,0,29,14,1,0,0,0,0.929,0.786,0.214,randommail.xyz,0,1
30423537698@fake-mail.net,0,25,11,1,0,0,0,0.818,0.0,1.0,fake-mail.net,0,1
juliana@yopmail.com,0,19,7,0,0,0,0,0.857,1.0,0.0,yopmail.com,0,1
cnascimento@yopmail.com,0,23,11,0,0,0,0,0.818,1.0,0.0,yopmail.com,0,1
rassis@gmx.com,1,14,6,0,0,0,0,0.667,1.0,0.0,gmx.com,0,1
ppereira@outlok.com,1,19,8,0,0,0,0,0.625,1.0,0.0,outlok.com,0,1
nicolas155@gmx.com,1,18,10,1,0,0,0,0.9,0.7,0.3,gmx.com,0,1
support3079@tempmail.co,0,23,11,1,0,0,0,0.909,0.636,0.364,tempmail.co,0,1
isabela.antunes@yahoo.com,1,25,15,0,1,0,0,0.667,0.933,0.0,yahoo.com,1,0
nicolas@live.com,1,16,7,0,0,0,0,1.0,1.0,0.0,live.com,1,0
rodrigo@icloud.com,1,18,7,0,0,0,0,0.714,1.0,0.0,icloud.com,1,0
clara48.jr@tempmail.co,0,22,10,1,1,0,0,0.8,0.7,0.2,tempmail.co,0,1
69558940465@spammail.net,0,24,11,1,0,0,0,0.545,0.0,1.0,spammail.net,0,1
3xrv8df2f5nk4@yopmail.com,0,25,13,1,0,0,0,0.923,0.615,0.385,yopmail.com,0,1
34886151117@guerrillamail.com,0,29,11,1,0,0,0,0.636,0.0,1.0,guerrillamail.com,0,1
felipe@10minutemail.com,0,23,6,0,0,0,0,0.833,1.0,0.0,10minutemail.com,0,1
81754733@tempmail.com,0,21,8,1,0,0,0,0.75,0.0,1.0,tempmail.com,0,1
bruno.souza@outlok.com,1,22,11,0,1,0,0,0.818,0.909,0.0,outlok.com,0,1
beatriz.borges@yaho.com,1,23,14,0,1,0,0,0.786,0.929,0.0,yaho.com,0,1
rafael@outlook.co,0,17,6,0,0,0,0,0.833,1.0,0.0,outlook.co,0,1
paulao.oliveira@mailnow.org,1,27,15,0,1,0,0,0.667,0.933,0.0,mailnow.org,0,1
055538@yopmail.com,0,18,6,1,0,0,0,0.667,0.0,1.0,yopmail.com,0,1
csantos@mailinator.com,0,22,7,0,0,0,0,0.857,1.0,0.0,mailinator.com,0,1
roberto@trashmail.com,0,21,7,0,0,0,0,0.714,1.0,0.0,trashmail.com,0,1
ews6rw1hhqsbmb@yopmail.com,0,26,14,1,0,0,0,0.714,0.857,0.143,yopmail.com,0,1
juliana_santos@protonmail.com,1,29,14,0,0,1,0,0.714,0.929,0.0,protonmail.com,1,0
lucas_pereira@spammail.net,0,26,13,0,0,1,0,0.769,0.923,0.0,spammail.net,0,1
19201884@mailtemp.org,0,21,8,1,0,0,0,0.75,0.0,1.0,mailtemp.org,0,1
3143700@yopmail.com,0,19,7,1,0,0,0,0.714,0.0,1.0,yopmail.com,0,1
gabriel_assis@live.com,1,22,13,0,0,1,0,0.692,0.923,0.0,live.com,1,0
rborges@terra.com.br,1,20,7,0,0,0,0,0.857,1.0,0.0,terra.com.br,1,0
4235140941@disposablemail.com,0,29,10,1,0,0,0,0.7,0.0,1.0,disposablemail.com,0,1
debora-rocha@icloud.com,1,23,12,0,0,0,1,0.75,0.917,0.0,icloud.com,1,0
nicolas4@outlook.co,1,19,8,1,0,0,0,1.0,0.875,0.125,outlook.co,0,1
giorgia_ferreira@randommail.xyz,1,31,16,0,0,1,0,0.5,0.938,0.0,randommail.xyz,0,1
aline_freitas@protonmail.com,1,28,13,0,0,1,0,0.769,0.923,0.0,protonmail.com,1,0
4s210u8ulv@fake-mail.net,0,24,10,1,0,0,0,0.9,0.5,0.5,fake-mail.net,0,1
s1yktj82is1qp@spammail.net,0,26,13,1,0,0,0,0.846,0.692,0.308,spammail.net,0,1
roberto.moura@protonmail.com,1,28,13,0,1,0,0,0.692,0.923,0.0,protonmail.com,1,0
palves@uol.com.br,1,17,6,0,0,0,0,1.0,1.0,0.0,uol.com.br,1,0
nicolas-ribeiro@disposablemail.com,1,34,15,0,0,0,1,0.733,0.933,0.0,disposablemail.com,0,1
admin5059@guerrillamail.com,0,27,9,1,0,0,0,0.889,0.556,0.444,guerrillamail.com,0,1
pedro.pires@gmail.com,1,21,11,0,1,0,0,0.727,0.909,0.0,gmail.com,1,0
mmk4wl656d1bio@tempmail.co,0,26,14,1,0,0,0,0.857,0.643,0.357,tempmail.co,0,1
thiago-barros@terra.com.br,1,26,13,0,0,0,1,0.769,0.923,0.0,terra.com.br,1,0
zz0o.u83stl@guerrillamail.com,0,29,11,1,1,0,0,0.909,0.636,0.273,guerrillamail.com,0,1
ricardo_alves@tempmail.co,1,25,13,0,0,1,0,0.846,0.923,0.0,tempmail.co,0,1
test808@10minutemail.com,0,24,7,1,0,0,0,0.714,0.571,0.429,10minutemail.com,0,1
eduardo-mendes@hotmial.com,1,26,14,0,0,0,1,0.714,0.929,0.0,hotmial.com,0,1
4109o_-jq5-.ya@mailinator.com,0,29,14,1,1,1,2,0.929,0.357,0.357,mailinator.com,0,1
bruno.ferreira@terra.com.br,1,27,14,0,1,0,0,0.714,0.929,0.0,terra.com.br,1,0
example406@mailtemp.org,0,23,10,1,0,0,0,0.9,0.7,0.3,mailtemp.org,0,1
cf5ultq9dl@fake-mail.net,0,24,10,1,0,0,0,0.9,0.8,0.2,fake-mail.net,0,1
andre117@uol.com.br,1,19,8,1,0,0,0,0.875,0.625,0.375,uol.com.br,1,0
ricardo-moreira@yahoo.com,1,25,15,0,0,0,1,0.6,0.933,0.0,yahoo.com,1,0
cnascimento@outlook.co,1,22,11,0,0,0,0,0.818,1.0,0.0,outlook.co,0,1
nicolas11@outlook.co,1,20,9,1,0,0,0,0.889,0.778,0.222,outlook.co,0,1
gabriel-araujo@mailinator.com,0,29,14,0,0,0,1,0.786,0.929,0.0,mailinator.com,0,1
isabela_moura@protonmail.com,1,28,13,0,0,1,0,0.846,0.923,0.0,protonmail.com,1,0
50421717687@disposablemail.com,0,30,11,1,0,0,0,0.727,0.0,1.0,disposablemail.com,0,1
655387@yopmail.com,0,18,6,1,0,0,0,0.833,0.0,1.0,yopmail.com,0,1
c5pnedl60yokr7@mailinator.com,0,29,14,1,0,0,0,1.0,0.714,0.286,mailinator.com,0,1
066522207@spammail.net,0,22,9,1,0,0,0,0.556,0.0,1.0,spammail.net,0,1
lucas350@outlok.com,0,19,8,1,0,0,0,1.0,0.625,0.375,outlok.com,0,1
pedro-lima.x@mailinator.com,0,27,12,0,1,0,1,1.0,0.833,0.0,mailinator.com,0,1
pferreira@gmx.com,1,17,9,0,0,0,0,0.667,1.0,0.0,gmx.com,0,1
camila.costa@tempmail.com,1,25,12,0,1,0,0,0.75,0.917,0.0,tempmail.com,0,1
bdias@gmail.co,0,14,5,0,0,0,0,1.0,1.0,0.0,gmail.co,0,1
henrique@hotmail.com,1,20,8,0,0,0,0,0.875,1.0,0.0,hotmail.com,1,0
aline.mendes@yahoo.com,1,22,12,0,1,0,0,0.75,0.917,0.0,yahoo.com,1,0
vitoria.martins@yaho.com,1,24,15,0,1,0,0,0.667,0.933,0.0,yaho.com,0,1
qm0l201lay1fuj6b@mailcatch.com,0,30,16,1,0,0,0,0.812,0.625,0.375,mailcatch.com,0,1
pedro47@yaho.com,0,16,7,1,0,0,0,1.0,0.714,0.286,yaho.com,0,1
lucas313@aol.com,1,16,8,1,0,0,0,0.875,0.625,0.375,aol.com,1,0
beatriz-moreira@yaho.com,1,24,15,0,0,0,1,0.667,0.933,0.0,yaho.com,0,1
antonio_borges@outlook.com,1,26,14,0,0,1,0,0.786,0.929,0.0,outlook.com,1,0
andre934@bol.com.br,1,19,8,1,0,0,0,1.0,0.625,0.375,bol.com.br,1,0
msouza@hotmail.com,1,18,6,0,0,0,0,1.0,1.0,0.0,hotmail.com,1,0
aline.ribeiro@gmx.com,1,21,13,0,1,0,0,0.692,0.923,0.0,gmx.com,0,1
pedro78.jr@mailme.one,0,21,10,1,1,0,0,0.9,0.7,0.2,mailme.one,0,1
mariana_nascimento@outlook.co,0,29,18,0,0,1,0,0.611,0.944,0.0,outlook.co,0,1
antonio-cunha@10minutemail.com,0,30,13,0,0,0,1,0.692,0.923,0.0,10minutemail.com,0,1
camila_pereira@gmx.com,1,22,14,0,0,1,0,0.643,0.929,0.0,gmx.com,0,1
mariana795@gmx.com,1,18,10,1,0,0,0,0.8,0.7,0.3,gmx.com,0,1
08481218271@yopmail.com,0,23,11,1,0,0,0,0.545,0.0,1.0,yopmail.com,0,1
luana-ferreira@outlok.com,1,25,14,0,0,0,1,0.643,0.929,0.0,outlok.com,0,1
qef864bwx0s4t0@spammail.net,0,27,14,1,0,0,0,0.857,0.571,0.429,spammail.net,0,1
g2all36ok4sbcdr@randommail.xyz,0,30,15,1,0,0,0,0.933,0.733,0.267,randommail.xyz,0,1
user986@disposablemail.com,0,26,7,1,0,0,0,1.0,0.571,0.429,disposablemail.com,0,1
carlos-moura@mailtemp.org,0,25,12,0,0,0,1,0.75,0.917,0.0,mailtemp.org,0,1
user426@fake-mail.net,0,21,7,1,0,0,0,1.0,0.571,0.429,fake-mail.net,0,1
beatriz5@gmaill.com,0,19,8,1,0,0,0,1.0,0.875,0.125,gmaill.com,0,1
example968@randommail.xyz,0,25,10,1,0,0,0,0.9,0.7,0.3,randommail.xyz,0,1
maria@outlook.com,1,17,5,0,0,0,0,0.8,1.0,0.0,outlook.com,1,0
joao_araujo@hotmail.com,1,23,11,0,0,1,0,0.545,0.909,0.0,hotmail.com,1,0
1937133581@mailtemp.org,0,23,10,1,0,0,0,0.6,0.0,1.0,mailtemp.org,0,1
3sfgho4qh@tempmail.co,0,21,9,1,0,0,0,0.889,0.778,0.222,tempmail.co,0,1
abc74@randommail.xyz,0,20,5,1,0,0,0,1.0,0.6,0.4,randommail.xyz,0,1
beatriz-freitas@gmx.com,1,23,15,0,0,0,1,0.667,0.933,0.0,gmx.com,0,1
gustavo@mailcatch.com,1,21,7,0,0,0,0,1.0,1.0,0.0,mailcatch.com,0,1
thiago296@tempmail.com,0,22,9,1,0,0,0,1.0,0.667,0.333,tempmail.com,0,1
5ud6gka0t2q8b@trashmail.com,0,27,13,1,0,0,0,1.0,0.615,0.385,trashmail.com,0,1
63445159@mailinator.com,0,23,8,1,0,0,0,0.75,0.0,1.0,mailinator.com,0,1
931841882@mailinator.com,0,24,9,1,0,0,0,0.667,0.0,1.0,mailinator.com,0,1
alima@hotmail.com,1,17,5,0,0,0,0,0.8,1.0,0.0,hotmail.com,1,0
contact4540@randommail.xyz,0,26,11,1,0,0,0,0.727,0.636,0.364,randommail.xyz,0,1
isabela@trashmail.com,0,21,7,0,0,0,0,0.857,1.0,0.0,trashmail.com,0,1
marcos_oliveira@outlok.com,1,26,15,0,0,1,0,0.733,0.933,0.0,outlok.com,0,1
gabriel.barros@tempmail.com,0,27,14,0,1,0,0,0.714,0.929,0.0,tempmail.com,0,1
mateus_borges@gmail.com,1,23,13,0,0,1,0,0.846,0.923,0.0,gmail.com,1,0
02605512024@disposablemail.com,0,30,11,1,0,0,0,0.545,0.0,1.0,disposablemail.com,0,1
marcos_ferreira@hotmail.com,1,27,15,0,0,1,0,0.667,0.933,0.0,hotmail.com,1,0
02396816@10minutemail.com,0,25,8,1,0,0,0,0.875,0.0,1.0,10minutemail.com,0,1
rodrigo.cunha.x@gmail.co,1,24,15,0,2,0,0,0.8,0.867,0.0,gmail.co,0,1
arodrigues@yahoo.com,1,20,10,0,0,0,0,0.9,1.0,0.0,yahoo.com,1,0
help6654@guerrillamail.com,0,26,8,1,0,0,0,0.875,0.5,0.5,guerrillamail.com,0,1
gabriel-cunha@protonmail.com,1,28,13,0,0,0,1,0.923,0.923,0.0,protonmail.com,1,0
service9834@mailme.one,0,22,11,1,0,0,0,0.909,0.636,0.364,mailme.one,0,1
mateus_martins@mailinator.com,0,29,14,0,0,1,0,0.714,0.929,0.0,mailinator.com,0,1
1198580355@mailnow.org,0,22,10,1,0,0,0,0.6,0.0,1.0,mailnow.org,0,1
8nm8h17@tempmail.com,0,20,7,1,0,0,0,0.857,0.429,0.571,tempmail.com,0,1
support4950@10minutemail.com,0,28,11,1,0,0,0,0.909,0.636,0.364,10minutemail.com,0,1
help9950@guerrillamail.com,0,26,8,1,0,0,0,0.875,0.5,0.5,guerrillamail.com,0,1
thiago.vieira@trashmail.com,1,27,13,0,1,0,0,0.769,0.923,0.0,trashmail.com,0,1
o6voggrj@10minutemail.com,0,25,8,1,0,0,0,0.75,0.875,0.125,10minutemail.com,0,1
vitoria44@yopmail.com,0,21,9,1,0,0,0,0.778,0.778,0.222,yopmail.com,0,1
paula@gmail.com,1,15,5,0,0,0,0,0.8,1.0,0.0,gmail.com,1,0
rodrigo.moura@gmaill.com,0,24,13,0,1,0,0,0.692,0.923,0.0,gmaill.com,0,1
henrique.silva.jr@outlook.co,1,28,17,0,2,0,0,0.765,0.882,0.0,outlook.co,0,1
gborges@gmx.com,1,15,7,0,0,0,0,0.857,1.0,0.0,gmx.com,0,1
fernando.pires@uol.com.br,1,25,14,0,1,0,0,0.786,0.929,0.0,uol.com.br,1,0
valves@icloud.com,1,17,6,0,0,0,0,0.833,1.0,0.0,icloud.com,1,0
8cd5lxtnj@mailtemp.org,0,22,9,1,0,0,0,1.0,0.778,0.222,mailtemp.org,0,1
-_yg-x.8305z9ouq@tempmail.co,0,28,16,1,1,1,2,0.938,0.438,0.312,tempmail.co,0,1
paulao10@outlok.com,1,19,8,1,0,0,0,0.875,0.75,0.25,outlok.com,0,1
930058522@guerrillamail.com,0,27,9,1,0,0,0,0.667,0.0,1.0,guerrillamail.com,0,1
joao91@outlook.co,1,17,6,1,0,0,0,0.833,0.667,0.333,outlook.co,0,1
mariana@mailme.one,0,18,7,0,0,0,0,0.714,1.0,0.0,mailme.one,0,1
joao.assis@10minutemail.com,0,27,10,0,1,0,0,0.6,0.9,0.0,10minutemail.com,0,1
gantunes@outlok.com,0,19,8,0,0,0,0,0.875,1.0,0.0,outlok.com,0,1
aline801@outlook.com,1,20,8,1,0,0,0,1.0,0.625,0.375,outlook.com,1,0
abc793@tempmail.com,0,19,6,1,0,0,0,1.0,0.5,0.5,tempmail.com,0,1
example318@spammail.net,0,23,10,1,0,0,0,0.9,0.7,0.3,spammail.net,0,1
vmendes.x@yaho.com,1,18,9,0,1,0,0,0.889,0.889,0.0,yaho.com,0,1
bruno_gomes@live.com,1,20,11,0,0,1,0,0.909,0.909,0.0,live.com,1,0
camila@gmx.com,0,14,6,0,0,0,0,0.833,1.0,0.0,gmx.com,0,1
abc232@guerrillamail.com,0,24,6,1,0,0,0,0.833,0.5,0.5,guerrillamail.com,0,1
2718067@mailcatch.com,0,21,7,1,0,0,0,0.857,0.0,1.0,mailcatch.com,0,1
fernando_rocha.x@gmaill.com,1,27,16,0,1,1,0,0.75,0.875,0.0,gmaill.com,0,1
antonio-nascimento@bol.com.br,1,29,18,0,0,0,1,0.556,0.944,0.0,bol.com.br,1,0
eduardo32@yaho.com,0,18,9,1,0,0,0,0.889,0.778,0.222,yaho.com,0,1
343634927@disposablemail.com,0,28,9,1,0,0,0,0.667,0.0,1.0,disposablemail.com,0,1
ana_silva@outlok.com,1,20,9,0,0,1,0,0.778,0.889,0.0,outlok.com,0,1
rodrigo.souza@terra.com.br,1,26,13,0,1,0,0,0.769,0.923,0.0,terra.com.br,1,0
6115930219@mailinator.com,0,25,10,1,0,0,0,0.7,0.0,1.0,mailinator.com,0,1
3155537909@mailme.one,0,21,10,1,0,0,0,0.6,0.0,1.0,mailme.one,0,1
33015436506@mailnow.org,0,23,11,1,0,0,0,0.545,0.0,1.0,mailnow.org,0,1
dantunes@icloud.com,1,19,8,0,0,0,0,0.875,1.0,0.0,icloud.com,1,0
roberto@yahoo.com,1,17,7,0,0,0,0,0.714,1.0,0.0,yahoo.com,1,0
beatriz_lima@aol.com,1,20,12,0,0,1,0,0.833,0.917,0.0,aol.com,1,0
eduardo_assis@gmail.co,0,22,13,0,0,1,0,0.692,0.923,0.0,gmail.co,0,1
sofia95@outlook.co,1,18,7,1,0,0,0,1.0,0.714,0.286,outlook.co,0,1
example544@10minutemail.com,0,27,10,1,0,0,0,0.8,0.7,0.3,10minutemail.com,0,1
camila.nascimento@spammail.net,0,30,17,0,1,0,0,0.647,0.941,0.0,spammail.net,0,1
294736899@randommail.xyz,0,24,9,1,0,0,0,0.778,0.0,1.0,randommail.xyz,0,1
felipe@trashmail.com,0,20,6,0,0,0,0,0.833,1.0,0.0,trashmail.com,0,1
help2104@yopmail.com,0,20,8,1,0,0,0,1.0,0.5,0.5,yopmail.com,0,1
sborges@protonmail.com,1,22,7,0,0,0,0,0.857,1.0,0.0,protonmail.com,1,0
nicolas_leite@yaho.com,0,22,13,0,0,1,0,0.769,0.923,0.0,yaho.com,0,1
ricardo-assis@yaho.com,1,22,13,0,0,0,1,0.615,0.923,0.0,yaho.com,0,1
felipe89@outlok.com,1,19,8,1,0,0,0,0.875,0.75,0.25,outlok.com,0,1
601697281@mailinator.com,0,24,9,1,0,0,0,0.778,0.0,1.0,mailinator.com,0,1
aline_costa@gmx.com,1,19,11,0,0,1,0,0.909,0.909,0.0,gmx.com,0,1
sofia66.jr@gmx.com,1,18,10,1,1,0,0,0.9,0.7,0.2,gmx.com,0,1
henrique_araujo@uol.com.br,1,26,15,0,0,1,0,0.733,0.933,0.0,uol.com.br,1,0
9034634484@yopmail.com,0,22,10,1,0,0,0,0.6,0.0,1.0,yopmail.com,0,1
giorgia70@yahoo.com,1,19,9,1,0,0,0,0.778,0.778,0.222,yahoo.com,1,0
bruno-barros@protonmail.com,1,27,12,0,0,0,1,0.667,0.917,0.0,protonmail.com,1,0
felipe_carvalho@protonmail.com,1,30,15,0,0,1,0,0.8,0.933,0.0,protonmail.com,1,0
roberto@bol.com.br,1,18,7,0,0,0,0,0.714,1.0,0.0,bol.com.br,1,0
antonio10@gmail.com,1,19,9,1,0,0,0,0.778,0.778,0.222,gmail.com,1,0
admin2879@guerrillamail.com,0,27,9,1,0,0,0,1.0,0.556,0.444,guerrillamail.com,0,1
marcos.dias@live.com,1,20,11,0,1,0,0,0.818,0.909,0.0,live.com,1,0
maria@outlook.co,1,16,5,0,0,0,0,0.8,1.0,0.0,outlook.co,0,1
96knpxw4nszp5@mailcatch.com,0,27,13,1,0,0,0,0.846,0.692,0.308,mailcatch.com,0,1
gustavo@mailme.one,0,18,7,0,0,0,0,1.0,1.0,0.0,mailme.one,0,1
nicolas-freitas@terra.com.br,1,28,15,0,0,0,1,0.8,0.933,0.0,terra.com.br,1,0
gxlq0s5rmjp@10minutemail.com,0,28,11,1,0,0,0,1.0,0.818,0.182,10minutemail.com,0,1
ana.rodrigues@outlok.com,1,24,13,0,1,0,0,0.846,0.923,0.0,outlok.com,0,1
giorgia.leite@gmail.co,0,22,13,0,1,0,0,0.692,0.923,0.0,gmail.co,0,1
gabriel.barros@terra.com.br,1,27,14,0,1,0,0,0.714,0.929,0.0,terra.com.br,1,0
nicolas_ribeiro@yaho.com,1,24,15,0,0,1,0,0.733,0.933,0.0,yaho.com,0,1
lribeiro.x@mailme.one,0,21,10,0,1,0,0,0.8,0.9,0.0,mailme.one,0,1
admin4695@guerrillamail.com,0,27,9,1,0,0,0,1.0,0.556,0.444,guerrillamail.com,0,1
mx0rdt5nh@10minutemail.com,0,26,9,1,0,0,0,1.0,0.778,0.222,10minutemail.com,0,1
1034270576@mailcatch.com,0,24,10,1,0,0,0,0.8,0.0,1.0,mailcatch.com,0,1
gustavo.pereira@gmail.co,1,24,15,0,1,0,0,0.8,0.933,0.0,gmail.co,0,1
example308@guerrillamail.com,0,28,10,1,0,0,0,0.9,0.7,0.3,guerrillamail.com,0,1
rbarros@outlook.co,1,18,7,0,0,0,0,0.714,1.0,0.0,outlook.co,0,1
laura@aol.com,1,13,5,0,0,0,0,0.8,1.0,0.0,aol.com,1,0
roberto-ribeiro@icloud.com,1,26,15,0,0,0,1,0.467,0.933,0.0,icloud.com,1,0
admin9667@mailcatch.com,0,23,9,1,0,0,0,0.889,0.556,0.444,mailcatch.com,0,1
abc96@mailme.one,0,16,5,1,0,0,0,1.0,0.6,0.4,mailme.one,0,1
juliana.santos@randommail.xyz,1,29,14,0,1,0,0,0.714,0.929,0.0,randommail.xyz,0,1
mariana@icloud.com,1,18,7,0,0,0,0,0.714,1.0,0.0,icloud.com,1,0
thiago@outlok.com,1,17,6,0,0,0,0,1.0,1.0,0.0,outlok.com,0,1
p9ovcq1k8@yopmail.com,0,21,9,1,0,0,0,1.0,0.667,0.333,yopmail.com,0,1
debora_barros@terra.com.br,1,26,13,0,0,1,0,0.615,0.923,0.0,terra.com.br,1,0
022543576@tempmail.com,0,22,9,1,0,0,0,0.778,0.0,1.0,tempmail.com,0,1
gabriel.silva@gmail.com,1,23,13,0,1,0,0,0.769,0.923,0.0,gmail.com,1,0
abc760@mailtemp.org,0,19,6,1,0,0,0,1.0,0.5,0.5,mailtemp.org,0,1
thiago-antunes@bol.com.br,1,25,14,0,0,0,1,0.786,0.929,0.0,bol.com.br,1,0
eduardo@protonmail.com,1,22,7,0,0,0,0,0.857,1.0,0.0,protonmail.com,1,0
juliana.cunha@outlok.com,1,24,13,0,1,0,0,0.692,0.923,0.0,outlok.com,0,1
juliana_oliveira@disposablemail.com,0,35,16,0,0,1,0,0.688,0.938,0.0,disposablemail.com,0,1
paulao-silva@uol.com.br,1,23,12,0,0,0,1,0.75,0.917,0.0,uol.com.br,1,0
laura-nascimento@gmail.co,1,25,16,0,0,0,1,0.812,0.938,0.0,gmail.co,0,1
isabela.freitas@hotmail.com,1,27,15,0,1,0,0,0.667,0.933,0.0,hotmail.com,1,0
aline.gomes@protonmail.com,1,26,11,0,1,0,0,0.909,0.909,0.0,protonmail.com,1,0
37357@mailme.one,0,16,5,1,0,0,0,0.6,0.0,1.0,mailme.one,0,1
example998@10minutemail.com,0,27,10,1,0,0,0,0.8,0.7,0.3,10minutemail.com,0,1
carlos-barros@yahoo.com,1,23,13,0,0,0,1,0.615,0.923,0.0,yahoo.com,1,0
17514936101@mailnow.org,0,23,11,1,0,0,0,0.727,0.0,1.0,mailnow.org,0,1
rlima@outlook.com,1,17,5,0,0,0,0,1.0,1.0,0.0,outlook.com,1,0
roberto-rodrigues@bol.com.br,1,28,17,0,0,0,1,0.647,0.941,0.0,bol.com.br,1,0
henrique287@hotmail.com,1,23,11,1,0,0,0,0.909,0.727,0.273,hotmail.com,1,0
henrique-pires@outlook.com,1,26,14,0,0,0,1,0.714,0.929,0.0,outlook.com,1,0
marcos.araujo@outlook.com,1,25,13,0,1,0,0,0.692,0.923,0.0,outlook.com,1,0
rborges@bol.com.br,1,18,7,0,0,0,0,0.857,1.0,0.0,bol.com.br,1,0
felipe_costa@hotmial.com,1,24,12,0,0,1,0,0.917,0.917,0.0,hotmial.com,0,1
isabela_nascimento@mailcatch.com,1,32,18,0,0,1,0,0.667,0.944,0.0,mailcatch.com,0,1
camila.silva@trashmail.com,0,26,12,0,1,0,0,0.667,0.917,0.0,trashmail.com,0,1
rmendes@fake-mail.net,1,21,7,0,0,0,0,0.857,1.0,0.0,fake-mail.net,0,1
lucas89@mailcatch.com,1,21,7,1,0,0,0,1.0,0.714,0.286,mailcatch.com,0,1
maria-alves@gmx.com,1,19,11,0,0,0,1,0.818,0.909,0.0,gmx.com,0,1
sandra12@randommail.xyz,1,23,8,1,0,0,0,0.875,0.75,0.25,randommail.xyz,0,1
maria.nascimento@spammail.net,0,29,16,0,1,0,0,0.688,0.938,0.0,spammail.net,0,1
734309157@spammail.net,0,22,9,1,0,0,0,0.778,0.0,1.0,spammail.net,0,1
egomes@outlook.com,1,18,6,0,0,0,0,0.833,1.0,0.0,outlook.com,1,0
05365226@fake-mail.net,0,22,8,1,0,0,0,0.625,0.0,1.0,fake-mail.net,0,1
k4hla6ni@randommail.xyz,0,23,8,1,0,0,0,1.0,0.75,0.25,randommail.xyz,0,1
8rrc8j-5yntk.wl@tempmail.com,0,28,15,1,1,0,1,0.867,0.667,0.2,tempmail.com,0,1
thiago_costa@hotmial.com,0,24,12,0,0,1,0,0.75,0.917,0.0,hotmial.com,0,1
813649272@randommail.xyz,0,24,9,1,0,0,0,0.889,0.0,1.0,randommail.xyz,0,1
ecarvalho@uol.com.br,1,20,9,0,0,0,0,0.889,1.0,0.0,uol.com.br,1,0
aline.borges@hotmial.com,1,24,12,0,1,0,0,0.917,0.917,0.0,hotmial.com,0,1
luana@outlok.com,1,16,5,0,0,0,0,0.8,1.0,0.0,outlok.com,0,1
laura.freitas@protonmail.com,1,28,13,0,1,0,0,0.769,0.923,0.0,protonmail.com,1,0
ealves@terra.com.br,1,19,6,0,0,0,0,0.833,1.0,0.0,terra.com.br,1,0
fernando-assis.jr@gmail.com,1,27,17,0,1,0,1,0.706,0.882,0.0,gmail.com,1,0
rj174wyags1k@yopmail.com,0,24,12,1,0,0,0,0.917,0.667,0.333,yopmail.com,0,1
f0esbm9uhy4osw7@tempmail.com,0,28,15,1,0,0,0,0.933,0.733,0.267,tempmail.com,0,1
andre335@yahoo.com,1,18,8,1,0,0,0,0.875,0.625,0.375,yahoo.com,1,0
eduardo.x@gmail.co,1,18,9,0,1,0,0,0.889,0.889,0.0,gmail.co,0,1
871441334223@spammail.net,0,25,12,1,0,0,0,0.5,0.0,1.0,spammail.net,0,1
ana_barros@aol.com,1,18,10,0,0,1,0,0.7,0.9,0.0,aol.com,1,0
aline775@gmaill.com,0,19,8,1,0,0,0,0.875,0.625,0.375,gmaill.com,0,1
paulao_mendes@outlook.com,1,25,13,0,0,1,0,0.846,0.923,0.0,outlook.com,1,0
_bovu9g0yn@mailcatch.com,0,24,10,1,0,1,0,1.0,0.7,0.2,mailcatch.com,0,1
isabela_lima@bol.com.br,1,23,12,0,0,1,0,0.667,0.917,0.0,bol.com.br,1,0
henrique-nascimento@trashmail.com,0,33,19,0,0,0,1,0.737,0.947,0.0,trashmail.com,0,1
679727@disposablemail.com,0,25,6,1,0,0,0,0.667,0.0,1.0,disposablemail.com,0,1
aline@spammail.net,1,18,5,0,0,0,0,1.0,1.0,0.0,spammail.net,0,1
rafael_gomes@outlook.com,1,24,12,0,0,1,0,0.833,0.917,0.0,outlook.com,1,0
felipe208@hotmial.com,1,21,9,1,0,0,0,0.889,0.667,0.333,hotmial.com,0,1
maria_pires@bol.com.br,1,22,11,0,0,1,0,0.727,0.909,0.0,bol.com.br,1,0
andre-nascimento@uol.com.br,1,27,16,0,0,0,1,0.75,0.938,0.0,uol.com.br,1,0
maria.santos@fake-mail.net,0,26,12,0,1,0,0,0.75,0.917,0.0,fake-mail.net,0,1
406242679652@mailme.one,0,23,12,1,0,0,0,0.583,0.0,1.0,mailme.one,0,1
qmkt6h6ra0dq@mailinator.com,0,27,12,1,0,0,0,0.833,0.75,0.25,mailinator.com,0,1
rafael@aol.com,1,14,6,0,0,0,0,0.833,1.0,0.0,aol.com,1,0
roberto.assis@live.com,1,22,13,0,1,0,0,0.692,0.923,0.0,live.com,1,0
thiago915@mailcatch.com,0,23,9,1,0,0,0,1.0,0.667,0.333,mailcatch.com,0,1
clara@protonmail.com,1,20,5,0,0,0,0,0.8,1.0,0.0,protonmail.com,1,0
gmoreira@outlok.com,0,19,8,0,0,0,0,0.875,1.0,0.0,outlok.com,0,1
f63y8ocvf3@tempmail.co,0,22,10,1,0,0,0,0.8,0.6,0.4,tempmail.co,0,1
roberto-nascimento@tempmail.co,0,30,18,0,0,0,1,0.667,0.944,0.0,tempmail.co,0,1
ricardo_araujo@mailtemp.org,0,27,14,0,0,1,0,0.643,0.929,0.0,mailtemp.org,0,1
9163266@fake-mail.net,0,21,7,1,0,0,0,0.714,0.0,1.0,fake-mail.net,0,1
user563@mailme.one,0,18,7,1,0,0,0,1.0,0.571,0.429,mailme.one,0,1
rafael57@aol.com,1,16,8,1,0,0,0,0.875,0.75,0.25,aol.com,1,0
08017420@yopmail.com,0,20,8,1,0,0,0,0.75,0.0,1.0,yopmail.com,0,1
felipe753@gmx.com,1,17,9,1,0,0,0,0.889,0.667,0.333,gmx.com,0,1
clara.rocha@protonmail.com,1,26,11,0,1,0,0,0.636,0.909,0.0,protonmail.com,1,0
rodrigo_cunha@outlok.com,1,24,13,0,0,1,0,0.846,0.923,0.0,outlok.com,0,1
joao23@trashmail.com,0,20,6,1,0,0,0,0.833,0.667,0.333,trashmail.com,0,1
gmartins@live.com,1,17,8,0,0,0,0,1.0,1.0,0.0,live.com,1,0
caraujo@spammail.net,0,20,7,0,0,0,0,0.857,1.0,0.0,spammail.net,0,1
vbvmmrislosfuf_a@fake-mail.net,0,30,16,0,0,1,0,0.75,0.938,0.0,fake-mail.net,0,1
mantunes@gmail.co,1,17,8,0,0,0,0,0.875,1.0,0.0,gmail.co,0,1
586422@guerrillamail.com,0,24,6,1,0,0,0,0.833,0.0,1.0,guerrillamail.com,0,1
eduardo-costa@terra.com.br,1,26,13,0,0,0,1,0.769,0.923,0.0,terra.com.br,1,0
sofia693@gmaill.com,1,19,8,1,0,0,0,1.0,0.625,0.375,gmaill.com,0,1
28054445@tempmail.com,0,21,8,1,0,0,0,0.625,0.0,1.0,tempmail.com,0,1
gustavo45@guerrillamail.com,0,27,9,1,0,0,0,1.0,0.778,0.222,guerrillamail.com,0,1
beatriz_costa@gmx.com,1,21,13,0,0,1,0,0.846,0.923,0.0,gmx.com,0,1
raraujo@hotmial.com,0,19,7,0,0,0,0,0.714,1.0,0.0,hotmial.com,0,1
roberto@protonmail.com,1,22,7,0,0,0,0,0.714,1.0,0.0,protonmail.com,1,0
laura@protonmail.com,1,20,5,0,0,0,0,0.8,1.0,0.0,protonmail.com,1,0
3147444583@randommail.xyz,0,25,10,1,0,0,0,0.6,0.0,1.0,randommail.xyz,0,1
cvieira@yahoo.com,1,17,7,0,0,0,0,0.857,1.0,0.0,yahoo.com,1,0
456193531@trashmail.com,0,23,9,1,0,0,0,0.667,0.0,1.0,trashmail.com,0,1
0wpg_2jo@mailinator.com,0,23,8,1,0,1,0,1.0,0.625,0.25,mailinator.com,0,1
camila946@aol.com,1,17,9,1,0,0,0,0.889,0.667,0.333,aol.com,1,0
msantos@randommail.xyz,0,22,7,0,0,0,0,0.857,1.0,0.0,randommail.xyz,0,1
gustavo@tempmail.co,0,19,7,0,0,0,0,1.0,1.0,0.0,tempmail.co,0,1
nicolas-cunha@outlook.co,0,24,13,0,0,0,1,0.769,0.923,0.0,outlook.co,0,1
gabriel83@gmail.com,1,19,9,1,0,0,0,1.0,0.778,0.222,gmail.com,1,0
rodrigo25@hotmial.com,1,21,9,1,0,0,0,0.778,0.778,0.222,hotmial.com,0,1
mateus-moura@bol.com.br,1,23,12,0,0,0,1,0.75,0.917,0.0,bol.com.br,1,0
ana_alves@yaho.com,1,18,9,0,0,1,0,0.778,0.889,0.0,yaho.com,0,1
6reaguucqb3@spammail.net,0,24,11,1,0,0,0,0.909,0.818,0.182,spammail.net,0,1
29789227773@10minutemail.com,0,28,11,1,0,0,0,0.455,0.0,1.0,10minutemail.com,0,1
gmoreira@yaho.com,1,17,8,0,0,0,0,0.875,1.0,0.0,yaho.com,0,1
ricardo@outlook.com,1,19,7,0,0,0,0,0.857,1.0,0.0,outlook.com,1,0
6143193963@mailme.one,0,21,10,1,0,0,0,0.5,0.0,1.0,mailme.one,0,1
thiago113.jr@outlok.com,0,23,12,1,1,0,0,0.917,0.667,0.25,outlok.com,0,1
luana_ribeiro@10minutemail.com,1,30,13,0,0,1,0,0.769,0.923,0.0,10minutemail.com,0,1
gustavo@aol.com,1,15,7,0,0,0,0,1.0,1.0,0.0,aol.com,1,0
foliveira@mailtemp.org,0,22,9,0,0,0,0,0.889,1.0,0.0,mailtemp.org,0,1
luana-freitas@hotmail.com,1,25,13,0,0,0,1,0.846,0.923,0.0,hotmail.com,1,0
antonio-oliveira.x@icloud.com,1,29,18,0,1,0,1,0.667,0.889,0.0,icloud.com,1,0
abc131@mailme.one,0,17,6,1,0,0,0,0.833,0.5,0.5,mailme.one,0,1
5683297524@10minutemail.com,0,27,10,1,0,0,0,0.8,0.0,1.0,10minutemail.com,0,1
laura@hotmial.com,1,17,5,0,0,0,0,0.8,1.0,0.0,hotmial.com,0,1
support8340@yopmail.com,0,23,11,1,0,0,0,0.909,0.636,0.364,yopmail.com,0,1
clara_rodrigues@hotmial.com,0,27,15,0,0,1,0,0.8,0.933,0.0,hotmial.com,0,1
marcos@fake-mail.net,1,20,6,0,0,0,0,1.0,1.0,0.0,fake-mail.net,0,1
giorgia_nascimento@terra.com.br,1,31,18,0,0,1,0,0.667,0.944,0.0,terra.com.br,1,0
debora-rocha@terra.com.br,1,25,12,0,0,0,1,0.75,0.917,0.0,terra.com.br,1,0
test43@randommail.xyz,0,21,6,1,0,0,0,0.833,0.667,0.333,randommail.xyz,0,1
beatriz.araujo@gmx.com,1,22,14,0,1,0,0,0.786,0.929,0.0,gmx.com,0,1
crodrigues@outlook.com,1,22,10,0,0,0,0,0.9,1.0,0.0,outlook.com,1,0
rodrigo.alves@bol.com.br,1,24,13,0,1,0,0,0.846,0.923,0.0,bol.com.br,1,0
nicolas.martins@gmx.com,1,23,15,0,1,0,0,0.733,0.933,0.0,gmx.com,0,1
felipe-barros@hotmial.com,0,25,13,0,0,0,1,0.846,0.923,0.0,hotmial.com,0,1
clara206@aol.com,1,16,8,1,0,0,0,0.875,0.625,0.375,aol.com,1,0
ia1hr2.8fhxu9@10minutemail.com,0,30,13,1,1,0,0,0.923,0.615,0.308,10minutemail.com,0,1
giorgia-rocha@disposablemail.com,0,32,13,0,0,0,1,0.615,0.923,0.0,disposablemail.com,0,1
.3f-bx71i@trashmail.com,0,23,9,1,1,0,1,1.0,0.444,0.333,trashmail.com,0,1
njbps0qcu1@mailtemp.org,0,23,10,1,0,0,0,1.0,0.8,0.2,mailtemp.org,0,1
gustavo-antunes@yaho.com,1,24,15,0,0,0,1,0.667,0.933,0.0,yaho.com,0,1
debora@yopmail.com,0,18,6,0,0,0,0,1.0,1.0,0.0,yopmail.com,0,1
gustavo@bol.com.br,1,18,7,0,0,0,0,1.0,1.0,0.0,bol.com.br,1,0
aline_barros@hotmail.com,1,24,12,0,0,1,0,0.833,0.917,0.0,hotmail.com,1,0
039899082556@mailnow.org,0,24,12,1,0,0,0,0.583,0.0,1.0,mailnow.org,0,1
nicolas-rocha@gmaill.com,1,24,13,0,0,0,1,0.769,0.923,0.0,gmaill.com,0,1
joao-pires@icloud.com,1,21,10,0,0,0,1,0.9,0.9,0.0,icloud.com,1,0
rfreitas@gmaill.com,1,19,8,0,0,0,0,0.875,1.0,0.0,gmaill.com,0,1
ricardo-ferreira@outlook.co,1,27,16,0,0,0,1,0.562,0.938,0.0,outlook.co,0,1
5g9lf52p9i1@yopmail.com,0,23,11,1,0,0,0,0.818,0.455,0.545,yopmail.com,0,1
nicolas_moura.x@bol.com.br,1,26,15,0,1,1,0,0.867,0.867,0.0,bol.com.br,1,0
debora_araujo@uol.com.br,1,24,13,0,0,1,0,0.692,0.923,0.0,uol.com.br,1,0
16f4zzw5uk4sha@fake-mail.net,0,28,14,1,0,0,0,0.857,0.643,0.357,fake-mail.net,0,1
henrique.dias@bol.com.br,1,24,13,0,1,0,0,0.846,0.923,0.0,bol.com.br,1,0
abc817@10minutemail.com,0,23,6,1,0,0,0,1.0,0.5,0.5,10minutemail.com,0,1
clara.gomes@yaho.com,0,20,11,0,1,0,0,0.909,0.909,0.0,yaho.com,0,1
camila_barros@gmail.co,1,22,13,0,0,1,0,0.769,0.923,0.0,gmail.co,0,1
bruno87@gmaill.com,1,18,7,1,0,0,0,1.0,0.714,0.286,gmaill.com,0,1
beatriz.cunha@hotmail.com,1,25,13,0,1,0,0,0.923,0.923,0.0,hotmail.com,1,0
test30@mailinator.com,0,21,6,1,0,0,0,0.833,0.667,0.333,mailinator.com,0,1
thiago.santos@aol.com,1,21,13,0,1,0,0,0.692,0.923,0.0,aol.com,1,0
rafael.ribeiro@gmail.co,1,23,14,0,1,0,0,0.643,0.929,0.0,gmail.co,0,1
felipe.nascimento@gmaill.com,1,28,17,0,1,0,0,0.765,0.941,0.0,gmaill.com,0,1
rrocha@yaho.com,1,15,6,0,0,0,0,0.833,1.0,0.0,yaho.com,0,1
mariana51@gmx.com,1,17,9,1,0,0,0,0.778,0.778,0.222,gmx.com,0,1
4u33k2w1i@fake-mail.net,0,23,9,1,0,0,0,0.889,0.444,0.556,fake-mail.net,0,1
msouza@gmail.com,1,16,6,0,0,0,0,1.0,1.0,0.0,gmail.com,1,0
bruno_moreira@bol.com.br,1,24,13,0,0,1,0,0.769,0.923,0.0,bol.com.br,1,0
carlos_carvalho@yahoo.com,1,25,15,0,0,1,0,0.6,0.933,0.0,yahoo.com,1,0
admin8249@fake-mail.net,0,23,9,1,0,0,0,1.0,0.556,0.444,fake-mail.net,0,1
5697td69ylecbap@spammail.net,0,28,15,1,0,0,0,0.867,0.6,0.4,spammail.net,0,1
mariana496@yopmail.com,1,22,10,1,0,0,0,0.8,0.7,0.3,yopmail.com,0,1
eduardo676@gmail.com,1,20,10,1,0,0,0,0.8,0.7,0.3,gmail.com,1,0
fernando17@gmaill.com,0,21,10,1,0,0,0,0.9,0.8,0.2,gmaill.com,0,1
laura82@randommail.xyz,1,22,7,1,0,0,0,0.857,0.714,0.286,randommail.xyz,0,1
pedro432@guerrillamail.com,0,26,8,1,0,0,0,1.0,0.625,0.375,guerrillamail.com,0,1
mpires@aol.com,1,14,6,0,0,0,0,1.0,1.0,0.0,aol.com,1,0
rafael-mendes@bol.com.br,1,24,13,0,0,0,1,0.769,0.923,0.0,bol.com.br,1,0
gustavo.vieira@hotmial.com,1,26,14,0,1,0,0,0.786,0.929,0.0,hotmial.com,0,1
jm_vh8cd5j@fake-mail.net,0,24,10,1,0,1,0,0.9,0.7,0.2,fake-mail.net,0,1
support9025@disposablemail.com,0,30,11,1,0,0,0,0.909,0.636,0.364,disposablemail.com,0,1
92092@mailcatch.com,0,19,5,1,0,0,0,0.6,0.0,1.0,mailcatch.com,0,1
antonio53@protonmail.com,1,24,9,1,0,0,0,0.778,0.778,0.222,protonmail.com,1,0
jvieira@outlook.com,1,19,7,0,0,0,0,0.857,1.0,0.0,outlook.com,1,0
henrique_assis@gmail.co,1,23,14,0,0,1,0,0.714,0.929,0.0,gmail.co,0,1
beatriz-lima@mailnow.org,0,24,12,0,0,0,1,0.833,0.917,0.0,mailnow.org,0,1
andre_oliveira@outlook.com,1,26,14,0,0,1,0,0.714,0.929,0.0,outlook.com,1,0
test491@yopmail.com,0,19,7,1,0,0,0,0.857,0.571,0.429,yopmail.com,0,1
abc916@10minutemail.com,0,23,6,1,0,0,0,1.0,0.5,0.5,10minutemail.com,0,1
sandra2@gmail.com,1,17,7,1,0,0,0,0.857,0.857,0.143,gmail.com,1,0
eduardo@uol.com.br,1,18,7,0,0,0,0,0.857,1.0,0.0,uol.com.br,1,0
lmoura@aol.com,1,14,6,0,0,0,0,1.0,1.0,0.0,aol.com,1,0
mateus_mendes@terra.com.br,1,26,13,0,0,1,0,0.692,0.923,0.0,terra.com.br,1,0
service5069@guerrillamail.com,0,29,11,1,0,0,0,0.909,0.636,0.364,guerrillamail.com,0,1
715959@spammail.net,0,19,6,1,0,0,0,0.667,0.0,1.0,spammail.net,0,1
rmartins.jr@hotmial.com,1,23,11,0,1,0,0,0.818,0.909,0.0,hotmial.com,0,1
debora@outlook.com,1,18,6,0,0,0,0,1.0,1.0,0.0,outlook.com,1,0
mateus88@outlook.co,1,19,8,1,0,0,0,0.875,0.75,0.25,outlook.co,0,1
eduardo68@yahoo.com,1,19,9,1,0,0,0,0.889,0.778,0.222,yahoo.com,1,0
ana.leite@gmaill.com,1,20,9,0,1,0,0,0.778,0.889,0.0,gmaill.com,0,1
aline.freitas@outlok.com,1,24,13,0,1,0,0,0.769,0.923,0.0,outlok.com,0,1
007891@mailinator.com,0,21,6,1,0,0,0,0.833,0.0,1.0,mailinator.com,0,1
0y0wliwlap3k5b@randommail.xyz,0,29,14,1,0,0,0,0.786,0.714,0.286,randommail.xyz,0,1
spereira@protonmail.com,1,23,8,0,0,0,0,0.75,1.0,0.0,protonmail.com,1,0
nicolas.vieira@protonmail.com,1,29,14,0,1,0,0,0.786,0.929,0.0,protonmail.com,1,0
sandra@hotmial.com,1,18,6,0,0,0,0,0.833,1.0,0.0,hotmial.com,0,1
fernando-nascimento@mailnow.org,0,31,19,0,0,0,1,0.684,0.947,0.0,mailnow.org,0,1
marcos@outlook.co,1,17,6,0,0,0,0,1.0,1.0,0.0,outlook.co,0,1
marcos@protonmail.com,1,21,6,0,0,0,0,1.0,1.0,0.0,protonmail.com,1,0
gs9e9uv1@mailinator.com,0,23,8,1,0,0,0,0.875,0.625,0.375,mailinator.com,0,1
541999529648@mailcatch.com,0,26,12,1,0,0,0,0.583,0.0,1.0,mailcatch.com,0,1
joao_souza.jr@terra.com.br,1,26,13,0,1,1,0,0.692,0.846,0.0,terra.com.br,1,0
felipe.leite@outlok.com,1,23,12,0,1,0,0,0.583,0.917,0.0,outlok.com,0,1
antonio-carvalho@gmaill.com,1,27,16,0,0,0,1,0.688,0.938,0.0,gmaill.com,0,1
antonio_costa@aol.com,1,21,13,0,0,1,0,0.615,0.923,0.0,aol.com,1,0
uvjytmp4n@randommail.xyz,0,24,9,1,0,0,0,1.0,0.889,0.111,randommail.xyz,0,1
0758932919@trashmail.com,0,24,10,1,0,0,0,0.8,0.0,1.0,trashmail.com,0,1
gabriel.nascimento@yahoo.com,1,28,18,0,1,0,0,0.778,0.944,0.0,yahoo.com,1,0
paulao_ferreira@bol.com.br,1,26,15,0,0,1,0,0.667,0.933,0.0,bol.com.br,1,0
fernando.martins@disposablemail.com,0,35,16,0,1,0,0,0.75,0.938,0.0,disposablemail.com,0,1
31119392@mailnow.org,0,20,8,1,0,0,0,0.5,0.0,1.0,mailnow.org,0,1
bruno_santos@gmx.com,1,20,12,0,0,1,0,0.75,0.917,0.0,gmx.com,0,1
giorgia@outlok.com,1,18,7,0,0,0,0,0.714,1.0,0.0,outlok.com,0,1
andre@icloud.com,1,16,5,0,0,0,0,1.0,1.0,0.0,icloud.com,1,0
luana-martins@randommail.xyz,0,28,13,0,0,0,1,0.769,0.923,0.0,randommail.xyz,0,1
saraujo@outlok.com,1,18,7,0,0,0,0,0.857,1.0,0.0,outlok.com,0,1
thiago-araujo@gmaill.com,1,24,13,0,0,0,1,0.769,0.923,0.0,gmaill.com,0,1
pedro.ferreira.x@live.com,1,25,16,0,2,0,0,0.625,0.875,0.0,live.com,1,0
paula-leite@icloud.com,1,22,11,0,0,0,1,0.727,0.909,0.0,icloud.com,1,0
ricardo69@hotmial.com,0,21,9,1,0,0,0,0.889,0.778,0.222,hotmial.com,0,1
joao-souza@hotmial.com,1,22,10,0,0,0,1,0.7,0.9,0.0,hotmial.com,0,1
ricardo99@bol.com.br,1,20,9,1,0,0,0,0.778,0.778,0.222,bol.com.br,1,0
erocha@yaho.com,1,15,6,0,0,0,0,1.0,1.0,0.0,yaho.com,0,1
abc466@yopmail.com,0,18,6,1,0,0,0,0.833,0.5,0.5,yopmail.com,0,1
user328@fake-mail.net,0,21,7,1,0,0,0,1.0,0.571,0.429,fake-mail.net,0,1
bfreitas@aol.com,1,16,8,0,0,0,0,1.0,1.0,0.0,aol.com,1,0
beatriz-souza@trashmail.com,1,27,13,0,0,0,1,0.846,0.923,0.0,trashmail.com,0,1
maria-gomes@terra.com.br,1,24,11,0,0,0,1,0.818,0.909,0.0,terra.com.br,1,0
gbarros@gmaill.com,1,18,7,0,0,0,0,0.857,1.0,0.0,gmaill.com,0,1
5337990@tempmail.com,0,20,7,1,0,0,0,0.714,0.0,1.0,tempmail.com,0,1
aline.araujo@gmail.co,1,21,12,0,1,0,0,0.833,0.917,0.0,gmail.co,0,1
andre-silva@bol.com.br,1,22,11,0,0,0,1,0.909,0.909,0.0,bol.com.br,1,0
gustavo-pereira.jr@gmx.com,0,26,18,0,1,0,1,0.778,0.889,0.0,gmx.com,0,1
466337@fake-mail.net,0,20,6,1,0,0,0,0.667,0.0,1.0,fake-mail.net,0,1
796454094048@spammail.net,0,25,12,1,0,0,0,0.583,0.0,1.0,spammail.net,0,1
help6477@mailnow.org,0,20,8,1,0,0,0,0.875,0.5,0.5,mailnow.org,0,1
12z.f9f85@trashmail.com,0,23,9,1,1,0,0,0.889,0.333,0.556,trashmail.com,0,1
lucas-mendes@live.com,1,21,12,0,0,0,1,0.833,0.917,0.0,live.com,1,0
roycrvkxv4j@yopmail.com,0,23,11,1,0,0,0,0.818,0.909,0.091,yopmail.com,0,1
aline_vieira@live.com,1,21,12,0,0,1,0,0.667,0.917,0.0,live.com,1,0
carlos-martins@outlook.com,1,26,14,0,0,0,1,0.786,0.929,0.0,outlook.com,1,0
rafael_pereira@mailcatch.com,0,28,14,0,0,1,0,0.571,0.929,0.0,mailcatch.com,0,1
juliana78@aol.com,1,17,9,1,0,0,0,0.889,0.778,0.222,aol.com,1,0
sandra_santos@outlok.com,1,24,13,0,0,1,0,0.615,0.923,0.0,outlok.com,0,1
q46cz5477wyg@guerrillamail.com,0,30,12,1,0,0,0,0.833,0.5,0.5,guerrillamail.com,0,1
debora_ribeiro@gmail.co,0,23,14,0,0,1,0,0.571,0.929,0.0,gmail.co,0,1
beatriz@yahoo.com,1,17,7,0,0,0,0,1.0,1.0,0.0,yahoo.com,1,0
paula@bol.com.br,1,16,5,0,0,0,0,0.8,1.0,0.0,bol.com.br,1,0
1938702993@yopmail.com,0,22,10,1,0,0,0,0.7,0.0,1.0,yopmail.com,0,1
eduardo-rocha@yaho.com,1,22,13,0,0,0,1,0.692,0.923,0.0,yaho.com,0,1
roberto99@aol.com,1,17,9,1,0,0,0,0.667,0.778,0.222,aol.com,1,0
oeg4ffso@10minutemail.com,0,25,8,1,0,0,0,0.75,0.875,0.125,10minutemail.com,0,1
camila_pereira@outlook.co,0,25,14,0,0,1,0,0.643,0.929,0.0,outlook.co,0,1
mateus.assis@gmx.com,1,20,12,0,1,0,0,0.667,0.917,0.0,gmx.com,0,1
zdbraeiu5a@disposablemail.com,0,29,10,1,0,0,0,0.9,0.9,0.1,disposablemail.com,0,1
mateus@terra.com.br,1,19,6,0,0,0,0,1.0,1.0,0.0,terra.com.br,1,0
375127576@mailcatch.com,0,23,9,1,0,0,0,0.667,0.0,1.0,mailcatch.com,0,1
7404646@spammail.net,0,20,7,1,0,0,0,0.571,0.0,1.0,spammail.net,0,1
gustavo-moreira.jr@live.com,1,27,18,0,1,0,1,0.778,0.889,0.0,live.com,1,0
7771196211@disposablemail.com,0,29,10,1,0,0,0,0.5,0.0,1.0,disposablemail.com,0,1
caraujo@outlook.com,1,19,7,0,0,0,0,0.857,1.0,0.0,outlook.com,1,0
joao-souza@live.com,1,19,10,0,0,0,1,0.7,0.9,0.0,live.com,1,0
abc419@yopmail.com,0,18,6,1,0,0,0,1.0,0.5,0.5,yopmail.com,0,1
m1aozujv@mailnow.org,0,20,8,1,0,0,0,1.0,0.875,0.125,mailnow.org,0,1
pedro190@outlook.co,1,19,8,1,0,0,0,1.0,0.625,0.375,outlook.co,0,1
test378@10minutemail.com,0,24,7,1,0,0,0,0.857,0.571,0.429,10minutemail.com,0,1
andre@gmaill.com,1,16,5,0,0,0,0,1.0,1.0,0.0,gmaill.com,0,1
719946@tempmail.com,0,19,6,1,0,0,0,0.833,0.0,1.0,tempmail.com,0,1
henrique@mailinator.com,0,23,8,0,0,0,0,0.875,1.0,0.0,mailinator.com,0,1
sofia.alves@gmaill.com,1,22,11,0,1,0,0,0.818,0.909,0.0,gmaill.com,0,1
gabriel-vieira@randommail.xyz,1,29,14,0,0,0,1,0.643,0.929,0.0,randommail.xyz,0,1
luana@gmx.com,1,13,5,0,0,0,0,0.8,1.0,0.0,gmx.com,0,1
balves@outlook.com,1,18,6,0,0,0,0,1.0,1.0,0.0,outlook.com,1,0
vgomes@gmx.com,1,14,6,0,0,0,0,1.0,1.0,0.0,gmx.com,0,1
support2125@disposablemail.com,0,30,11,1,0,0,0,0.818,0.636,0.364,disposablemail.com,0,1
carlos-rodrigues@bol.com.br,1,27,16,0,0,0,1,0.75,0.938,0.0,bol.com.br,1,0
ana-martins@mailme.one,0,22,11,0,0,0,1,0.727,0.909,0.0,mailme.one,0,1
juliana95@icloud.com,1,20,9,1,0,0,0,0.889,0.778,0.222,icloud.com,1,0
isabela@yaho.com,1,16,7,0,0,0,0,0.857,1.0,0.0,yaho.com,0,1
antonio-pereira@gmx.com,1,23,15,0,0,0,1,0.6,0.933,0.0,gmx.com,0,1
juliana@10minutemail.com,0,24,7,0,0,0,0,0.857,1.0,0.0,10minutemail.com,0,1
m1ixe1.tvd8epnb.@fake-mail.net,0,30,16,1,2,0,0,0.812,0.688,0.188,fake-mail.net,0,1
97896214@mailtemp.org,0,21,8,1,0,0,0,0.875,0.0,1.0,mailtemp.org,0,1
paula_alves@outlok.com,1,22,11,0,0,1,0,0.727,0.909,0.0,outlok.com,0,1
maria@icloud.com,1,16,5,0,0,0,0,0.8,1.0,0.0,icloud.com,1,0
debora_pires@icloud.com,1,23,12,0,0,1,0,0.833,0.917,0.0,icloud.com,1,0
eduardo-rocha@gmail.co,1,22,13,0,0,0,1,0.692,0.923,0.0,gmail.co,0,1
8y1tl9jntssqa@mailinator.com,0,28,13,1,0,0,0,0.846,0.769,0.231,mailinator.com,0,1
sofia-dias@guerrillamail.com,0,28,10,0,0,0,1,0.7,0.9,0.0,guerrillamail.com,0,1
bborges@gmx.com,1,15,7,0,0,0,0,0.857,1.0,0.0,gmx.com,0,1
beatriz@protonmail.com,1,22,7,0,0,0,0,1.0,1.0,0.0,protonmail.com,1,0
rodrigo.ferreira@tempmail.com,0,29,16,0,1,0,0,0.562,0.938,0.0,tempmail.com,0,1
andre_moreira@guerrillamail.com,0,31,13,0,0,1,0,0.692,0.923,0.0,guerrillamail.com,0,1
marcos-rodrigues@outlook.co,1,27,16,0,0,0,1,0.75,0.938,0.0,outlook.co,0,1
pedro32@outlok.com,0,18,7,1,0,0,0,1.0,0.714,0.286,outlok.com,0,1
juliana-rocha@aol.com,1,21,13,0,0,0,1,0.846,0.923,0.0,aol.com,1,0
gabriel@hotmial.com,0,19,7,0,0,0,0,1.0,1.0,0.0,hotmial.com,0,1
aline@randommail.xyz,0,20,5,0,0,0,0,1.0,1.0,0.0,randommail.xyz,0,1
giorgia_ferreira@icloud.com,1,27,16,0,0,1,0,0.5,0.938,0.0,icloud.com,1,0
pedro.leite@mailcatch.com,0,25,11,0,1,0,0,0.818,0.909,0.0,mailcatch.com,0,1
aleite@disposablemail.com,1,25,6,0,0,0,0,0.833,1.0,0.0,disposablemail.com,0,1
maria.lima@mailinator.com,0,25,10,0,1,0,0,0.6,0.9,0.0,mailinator.com,0,1
bruno_vieira@yopmail.com,1,24,12,0,0,1,0,0.833,0.917,0.0,yopmail.com,0,1
carlos931@randommail.xyz,0,24,9,1,0,0,0,1.0,0.667,0.333,randommail.xyz,0,1
help3243@guerrillamail.com,0,26,8,1,0,0,0,0.875,0.5,0.5,guerrillamail.com,0,1
isabela47@yaho.com,1,18,9,1,0,0,0,0.889,0.778,0.222,yaho.com,0,1
joao_oliveira@outlook.com,1,25,13,0,0,1,0,0.692,0.923,0.0,outlook.com,1,0
maria@live.com,1,14,5,0,0,0,0,0.8,1.0,0.0,live.com,1,0
44081570010@mailnow.org,0,23,11,1,0,0,0,0.545,0.0,1.0,mailnow.org,0,1
gustavo@spammail.net,0,20,7,0,0,0,0,1.0,1.0,0.0,spammail.net,0,1
02665984@randommail.xyz,0,23,8,1,0,0,0,0.875,0.0,1.0,randommail.xyz,0,1
felipe@gmaill.com,1,17,6,0,0,0,0,0.833,1.0,0.0,gmaill.com,0,1
eduardo_ferreira@terra.com.br,1,29,16,0,0,1,0,0.562,0.938,0.0,terra.com.br,1,0
msouza@outlook.co,0,17,6,0,0,0,0,1.0,1.0,0.0,outlook.co,0,1
camila-souza.jr@randommail.xyz,1,30,15,0,1,0,1,0.867,0.867,0.0,randommail.xyz,0,1
halves@outlook.co,1,17,6,0,0,0,0,1.0,1.0,0.0,outlook.co,0,1
9i4jxd-9yc@10minutemail.com,0,27,10,1,0,0,1,0.9,0.6,0.3,10minutemail.com,0,1
debora@mailtemp.org,1,19,6,0,0,0,0,1.0,1.0,0.0,mailtemp.org,0,1
693719668@yopmail.com,0,21,9,1,0,0,0,0.667,0.0,1.0,yopmail.com,0,1
mailuser465@fake-mail.net,0,25,11,1,0,0,0,1.0,0.727,0.273,fake-mail.net,0,1
beatriz-mendes@gmail.com,1,24,14,0,0,0,1,0.857,0.929,0.0,gmail.com,1,0
mariana60@yahoo.com,1,19,9,1,0,0,0,0.778,0.778,0.222,yahoo.com,1,0
roberto-barros@icloud.com,1,25,14,0,0,0,1,0.571,0.929,0.0,icloud.com,1,0
eduardo-souza@trashmail.com,0,27,13,0,0,0,1,0.692,0.923,0.0,trashmail.com,0,1
antonio.dias@bol.com.br,1,23,12,0,1,0,0,0.667,0.917,0.0,bol.com.br,1,0
gkmq8dn@mailtemp.org,0,20,7,1,0,0,0,1.0,0.857,0.143,mailtemp.org,0,1
aborges@outlook.co,0,18,7,0,0,0,0,1.0,1.0,0.0,outlook.co,0,1
fernando_leite@aol.com,1,22,14,0,0,1,0,0.786,0.929,0.0,aol.com,1,0
felipe47@mailtemp.org,1,21,8,1,0,0,0,0.875,0.75,0.25,mailtemp.org,0,1
666777835@mailcatch.com,0,23,9,1,0,0,0,0.556,0.0,1.0,mailcatch.com,0,1
gabriel682@disposablemail.com,0,29,10,1,0,0,0,1.0,0.7,0.3,disposablemail.com,0,1
057566841907@yopmail.com,0,24,12,1,0,0,0,0.667,0.0,1.0,yopmail.com,0,1
670079590@mailme.one,0,20,9,1,0,0,0,0.556,0.0,1.0,mailme.one,0,1
debora48@gmail.com,1,18,8,1,0,0,0,1.0,0.75,0.25,gmail.com,1,0
955271887348@tempmail.com,0,25,12,1,0,0,0,0.667,0.0,1.0,tempmail.com,0,1
laura.x@guerrillamail.com,0,25,7,0,1,0,0,0.857,0.857,0.0,guerrillamail.com,0,1
5180117@mailcatch.com,0,21,7,1,0,0,0,0.714,0.0,1.0,mailcatch.com,0,1
lucas.dias@tempmail.com,1,23,10,0,1,0,0,0.8,0.9,0.0,tempmail.com,0,1
clara-moura@protonmail.com,1,26,11,0,0,0,1,0.727,0.909,0.0,protonmail.com,1,0
24207656@10minutemail.com,0,25,8,1,0,0,0,0.75,0.0,1.0,10minutemail.com,0,1
406978048@10minutemail.com,0,26,9,1,0,0,0,0.667,0.0,1.0,10minutemail.com,0,1
aline-nascimento@mailtemp.org,0,29,16,0,0,0,1,0.688,0.938,0.0,mailtemp.org,0,1
ana15@gmx.com,0,13,5,1,0,0,0,0.8,0.6,0.4,gmx.com,0,1
laura16@gmx.com,0,15,7,1,0,0,0,0.857,0.714,0.286,gmx.com,0,1
test89@randommail.xyz,0,21,6,1,0,0,0,0.833,0.667,0.333,randommail.xyz,0,1
support1918@mailcatch.com,0,25,11,1,0,0,0,0.818,0.636,0.364,mailcatch.com,0,1
abc812@spammail.net,0,19,6,1,0,0,0,1.0,0.5,0.5,spammail.net,0,1
calves@hotmail.com,1,18,6,0,0,0,0,1.0,1.0,0.0,hotmail.com,1,0
a.o3qnb1r9xjbs@spammail.net,0,27,14,1,1,0,0,0.929,0.714,0.214,spammail.net,0,1
fernando@gmx.com,1,16,8,0,0,0,0,0.875,1.0,0.0,gmx.com,0,1
contact1723@mailcatch.com,0,25,11,1,0,0,0,0.818,0.636,0.364,mailcatch.com,0,1
sofia@uol.com.br,1,16,5,0,0,0,0,1.0,1.0,0.0,uol.com.br,1,0
rsilva@yopmail.com,0,18,6,0,0,0,0,1.0,1.0,0.0,yopmail.com,0,1
roberto.martins@gmx.com,1,23,15,0,1,0,0,0.733,0.933,0.0,gmx.com,0,1
antonio.souza@icloud.com,1,24,13,0,1,0,0,0.692,0.923,0.0,icloud.com,1,0
ricardo-araujo@mailme.one,0,25,14,0,0,0,1,0.643,0.929,0.0,mailme.one,0,1
eduardo_rocha@hotmail.com,1,25,13,0,0,1,0,0.692,0.923,0.0,hotmail.com,1,0
z69shbgx@randommail.xyz,0,23,8,1,0,0,0,1.0,0.75,0.25,randommail.xyz,0,1
isabela.carvalho@yahoo.com,1,26,16,0,1,0,0,0.75,0.938,0.0,yahoo.com,1,0
rafael958@hotmail.com,1,21,9,1,0,0,0,0.889,0.667,0.333,hotmail.com,1,0
454459024@yopmail.com,0,21,9,1,0,0,0,0.556,0.0,1.0,yopmail.com,0,1
vitoria_rodrigues@mailinator.com,0,32,17,0,0,1,0,0.706,0.941,0.0,mailinator.com,0,1
16689762500@mailinator.com,0,26,11,1,0,0,0,0.727,0.0,1.0,mailinator.com,0,1
mailuser192@mailcatch.com,0,25,11,1,0,0,0,1.0,0.727,0.273,mailcatch.com,0,1
eoliveira@yahoo.com,1,19,9,0,0,0,0,0.778,1.0,0.0,yahoo.com,1,0
lucas-rocha@hotmail.com,1,23,11,0,0,0,1,0.818,0.909,0.0,hotmail.com,1,0
abc934@mailinator.com,0,21,6,1,0,0,0,1.0,0.5,0.5,mailinator.com,0,1
bcosta@hotmial.com,1,18,6,0,0,0,0,1.0,1.0,0.0,hotmial.com,0,1
sofia-rocha@icloud.com,1,22,11,0,0,0,1,0.818,0.909,0.0,icloud.com,1,0
89392@tempmail.com,0,18,5,1,0,0,0,0.8,0.0,1.0,tempmail.com,0,1
maria.mendes@mailtemp.org,0,25,12,0,1,0,0,0.75,0.917,0.0,mailtemp.org,0,1
aferreira@outlook.com,1,21,9,0,0,0,0,0.556,1.0,0.0,outlook.com,1,0
77193496995@mailinator.com,0,26,11,1,0,0,0,0.636,0.0,1.0,mailinator.com,0,1
mmendes@protonmail.com,1,22,7,0,0,0,0,0.714,1.0,0.0,protonmail.com,1,0
maria308@yaho.com,1,17,8,1,0,0,0,0.875,0.625,0.375,yaho.com,0,1
391267819779@mailinator.com,0,27,12,1,0,0,0,0.583,0.0,1.0,mailinator.com,0,1
beatriz.borges@gmaill.com,1,25,14,0,1,0,0,0.786,0.929,0.0,gmaill.com,0,1
2t4oll2g__vn@mailtemp.org,0,25,12,1,0,2,0,0.75,0.583,0.25,mailtemp.org,0,1
gustavo.silva@fake-mail.net,1,27,13,0,1,0,0,0.769,0.923,0.0,fake-mail.net,0,1
sofia_leite@outlook.com,1,23,11,0,0,1,0,0.818,0.909,0.0,outlook.com,1,0
rcosta@outlook.co,1,17,6,0,0,0,0,1.0,1.0,0.0,outlook.co,0,1
admin5971@tempmail.co,0,21,9,1,0,0,0,1.0,0.556,0.444,tempmail.co,0,1
contact3126@mailcatch.com,0,25,11,1,0,0,0,0.818,0.636,0.364,mailcatch.com,0,1
service3264@fake-mail.net,0,25,11,1,0,0,0,0.909,0.636,0.364,fake-mail.net,0,1
dnascimento@outlook.com,1,23,11,0,0,0,0,0.909,1.0,0.0,outlook.com,1,0
esouza@yahoo.com,1,16,6,0,0,0,0,1.0,1.0,0.0,yahoo.com,1,0
luana.rocha@mailnow.org,1,23,11,0,1,0,0,0.818,0.909,0.0,mailnow.org,0,1
ana@outlok.com,1,14,3,0,0,0,0,0.667,1.0,0.0,outlok.com,0,1
fmendes@aol.com,1,15,7,0,0,0,0,0.857,1.0,0.0,aol.com,1,0
mateus.costa@hotmial.com,0,24,12,0,1,0,0,0.75,0.917,0.0,hotmial.com,0,1
eduardo_pires@trashmail.com,0,27,13,0,0,1,0,0.769,0.923,0.0,trashmail.com,0,1
test458@mailtemp.org,0,20,7,1,0,0,0,0.857,0.571,0.429,mailtemp.org,0,1
aline_carvalho@icloud.com,1,25,14,0,0,1,0,0.786,0.929,0.0,icloud.com,1,0
isabela-mendes@terra.com.br,1,27,14,0,0,0,1,0.714,0.929,0.0,terra.com.br,1,0
beatriz102@mailinator.com,0,25,10,1,0,0,0,1.0,0.7,0.3,mailinator.com,0,1
felipe-mendes@fake-mail.net,1,27,13,0,0,0,1,0.769,0.923,0.0,fake-mail.net,0,1
4rzmwdekl93@mailcatch.com,0,25,11,1,0,0,0,1.0,0.727,0.273,mailcatch.com,0,1
rlima@mailtemp.org,0,18,5,0,0,0,0,1.0,1.0,0.0,mailtemp.org,0,1
lalves@spammail.net,1,19,6,0,0,0,0,0.833,1.0,0.0,spammail.net,0,1
mateus@mailtemp.org,0,19,6,0,0,0,0,1.0,1.0,0.0,mailtemp.org,0,1
619187130@mailnow.org,0,21,9,1,0,0,0,0.778,0.0,1.0,mailnow.org,0,1
sofia_assis@gmaill.com,0,22,11,0,0,1,0,0.545,0.909,0.0,gmaill.com,0,1
466921@guerrillamail.com,0,24,6,1,0,0,0,0.833,0.0,1.0,guerrillamail.com,0,1
service5626@mailnow.org,0,23,11,1,0,0,0,0.818,0.636,0.364,mailnow.org,0,1
clara42@gmaill.com,0,18,7,1,0,0,0,0.857,0.714,0.286,gmaill.com,0,1
debora13@terra.com.br,1,21,8,1,0,0,0,1.0,0.75,0.25,terra.com.br,1,0
antonio_dias@hotmial.com,1,24,12,0,0,1,0,0.667,0.917,0.0,hotmial.com,0,1
dnascimento@outlook.co,0,22,11,0,0,0,0,0.909,1.0,0.0,outlook.co,0,1
13554413@mailnow.org,0,20,8,1,0,0,0,0.5,0.0,1.0,mailnow.org,0,1
test499@yopmail.com,0,19,7,1,0,0,0,0.714,0.571,0.429,yopmail.com,0,1
rafael88@outlok.com,1,19,8,1,0,0,0,0.75,0.75,0.25,outlok.com,0,1
snascimento@gmail.com,1,21,11,0,0,0,0,0.818,1.0,0.0,gmail.com,1,0
henrique-freitas@bol.com.br,1,27,16,0,0,0,1,0.75,0.938,0.0,bol.com.br,1,0
aline94@yopmail.com,1,19,7,1,0,0,0,1.0,0.714,0.286,yopmail.com,0,1
lucas@tempmail.com,0,18,5,0,0,0,0,1.0,1.0,0.0,tempmail.com,0,1
737547@disposablemail.com,0,25,6,1,0,0,0,0.667,0.0,1.0,disposablemail.com,0,1
430410137@guerrillamail.com,0,27,9,1,0,0,0,0.556,0.0,1.0,guerrillamail.com,0,1
8264659618@randommail.xyz,0,25,10,1,0,0,0,0.7,0.0,1.0,randommail.xyz,0,1
80631252@mailme.one,0,19,8,1,0,0,0,0.875,0.0,1.0,mailme.one,0,1
nicolas32@yopmail.com,0,21,9,1,0,0,0,1.0,0.778,0.222,yopmail.com,0,1
gabriel44@yahoo.com,1,19,9,1,0,0,0,0.889,0.778,0.222,yahoo.com,1,0
sofia-leite@yahoo.com,1,21,11,0,0,0,1,0.818,0.909,0.0,yahoo.com,1,0
aline794@protonmail.com,1,23,8,1,0,0,0,1.0,0.625,0.375,protonmail.com,1,0
carlos@outlok.com,1,17,6,0,0,0,0,1.0,1.0,0.0,outlok.com,0,1
fernando_borges@yaho.com,1,24,15,0,0,1,0,0.733,0.933,0.0,yaho.com,0,1
paulao345.jr@uol.com.br,1,23,12,1,1,0,0,0.917,0.667,0.25,uol.com.br,1,0
41857807@fake-mail.net,0,22,8,1,0,0,0,0.75,0.0,1.0,fake-mail.net,0,1
carlos_costa@spammail.net,0,25,12,0,0,1,0,0.667,0.917,0.0,spammail.net,0,1
nicolas.rocha@live.com,1,22,13,0,1,0,0,0.769,0.923,0.0,live.com,1,0
service4375@fake-mail.net,0,25,11,1,0,0,0,0.909,0.636,0.364,fake-mail.net,0,1
urb23g.e2_q@disposablemail.com,0,30,11,1,1,1,0,0.909,0.545,0.273,disposablemail.com,0,1
pedro@gmx.com,0,13,5,0,0,0,0,1.0,1.0,0.0,gmx.com,0,1
mailuser826@tempmail.com,0,24,11,1,0,0,0,1.0,0.727,0.273,tempmail.com,0,1
support6141@mailme.one,0,22,11,1,0,0,0,0.818,0.636,0.364,mailme.one,0,1
luana-antunes@gmail.com,1,23,13,0,0,0,1,0.615,0.923,0.0,gmail.com,1,0
cfreitas@terra.com.br,1,21,8,0,0,0,0,1.0,1.0,0.0,terra.com.br,1,0
help8133@mailtemp.org,0,21,8,1,0,0,0,0.875,0.5,0.5,mailtemp.org,0,1
mailuser718@mailinator.com,0,26,11,1,0,0,0,1.0,0.727,0.273,mailinator.com,0,1
carlos.leite@icloud.com,1,23,12,0,1,0,0,0.833,0.917,0.0,icloud.com,1,0
thiago_gomes@outlok.com,0,23,12,0,0,1,0,0.833,0.917,0.0,outlok.com,0,1
test583@mailnow.org,0,19,7,1,0,0,0,0.857,0.571,0.429,mailnow.org,0,1
bdias.x@guerrillamail.com,0,25,7,0,1,0,0,1.0,0.857,0.0,guerrillamail.com,0,1
257042165@10minutemail.com,0,26,9,1,0,0,0,0.778,0.0,1.0,10minutemail.com,0,1
lucas117@gmx.com,1,16,8,1,0,0,0,0.875,0.625,0.375,gmx.com,0,1
gustavo-pires@gmx.com,1,21,13,0,0,0,1,0.923,0.923,0.0,gmx.com,0,1
2p5wpvi06b8@fake-mail.net,0,25,11,1,0,0,0,0.909,0.545,0.455,fake-mail.net,0,1
rafael.rodrigues@gmail.com,1,26,16,0,1,0,0,0.75,0.938,0.0,gmail.com,1,0
v6zscz5ygj@tempmail.com,0,23,10,1,0,0,0,0.9,0.8,0.2,tempmail.com,0,1
aribeiro@disposablemail.com,1,27,8,0,0,0,0,0.75,1.0,0.0,disposablemail.com,0,1
10146709@mailinator.com,0,23,8,1,0,0,0,0.75,0.0,1.0,mailinator.com,0,1
carlos@protonmail.com,1,21,6,0,0,0,0,1.0,1.0,0.0,protonmail.com,1,0
mariana_pereira@outlook.com,1,27,15,0,0,1,0,0.533,0.933,0.0,outlook.com,1,0
442396740473@tempmail.com,0,25,12,1,0,0,0,0.583,0.0,1.0,tempmail.com,0,1
rcarvalho@outlok.com,1,20,9,0,0,0,0,0.778,1.0,0.0,outlok.com,0,1
6470578@mailtemp.org,0,20,7,1,0,0,0,0.857,0.0,1.0,mailtemp.org,0,1
mateus@tempmail.co,1,18,6,0,0,0,0,1.0,1.0,0.0,tempmail.co,0,1
test329@disposablemail.com,0,26,7,1,0,0,0,0.857,0.571,0.429,disposablemail.com,0,1
test673@trashmail.com,0,21,7,1,0,0,0,0.857,0.571,0.429,trashmail.com,0,1
paulao@outlook.com,1,18,6,0,0,0,0,0.833,1.0,0.0,outlook.com,1,0
rafael47@gmx.com,0,16,8,1,0,0,0,0.875,0.75,0.25,gmx.com,0,1
mbarros@mailinator.com,1,22,7,0,0,0,0,0.857,1.0,0.0,mailinator.com,0,1
8garye2kq0b1vw@10minutemail.com,0,31,14,1,0,0,0,1.0,0.714,0.286,10minutemail.com,0,1
4c3iyx95ojw@mailme.one,0,22,11,1,0,0,0,1.0,0.636,0.364,mailme.one,0,1
rmartins@outlok.com,0,19,8,0,0,0,0,0.875,1.0,0.0,outlok.com,0,1
camila-vieira@gmail.co,1,22,13,0,0,0,1,0.692,0.923,0.0,gmail.co,0,1
carlos.freitas@10minutemail.com,1,31,14,0,1,0,0,0.786,0.929,0.0,10minutemail.com,0,1
fsilva@mailnow.org,0,18,6,0,0,0,0,1.0,1.0,0.0,mailnow.org,0,1
joao347@mailcatch.com,0,21,7,1,0,0,0,0.857,0.571,0.429,mailcatch.com,0,1
47118651531@mailcatch.com,0,25,11,1,0,0,0,0.636,0.0,1.0,mailcatch.com,0,1
mailuser866@spammail.net,0,24,11,1,0,0,0,0.909,0.727,0.273,spammail.net,0,1
andre_silva@outlook.com,1,23,11,0,0,1,0,0.909,0.909,0.0,outlook.com,1,0
thiago-mendes@terra.com.br,1,26,13,0,0,0,1,0.923,0.923,0.0,terra.com.br,1,0
60ujrihz@tempmail.com,0,21,8,1,0,0,0,1.0,0.75,0.25,tempmail.com,0,1
marcos.x@outlok.com,1,19,8,0,1,0,0,1.0,0.875,0.0,outlok.com,0,1
gabriel.vieira@outlook.com,1,26,14,0,1,0,0,0.643,0.929,0.0,outlook.com,1,0
felipe_nascimento@hotmail.com,1,29,17,0,0,1,0,0.765,0.941,0.0,hotmail.com,1,0
2wq45.fpj1w9o@mailcatch.com,0,27,13,1,1,0,0,0.923,0.538,0.385,mailcatch.com,0,1
ogbmcs1k@mailtemp.org,0,21,8,1,0,0,0,1.0,0.875,0.125,mailtemp.org,0,1
ho68ma1j@guerrillamail.com,0,26,8,1,0,0,0,1.0,0.625,0.375,guerrillamail.com,0,1
gabriel-cunha@gmaill.com,1,24,13,0,0,0,1,0.923,0.923,0.0,gmaill.com,0,1
test247@randommail.xyz,0,22,7,1,0,0,0,0.857,0.571,0.429,randommail.xyz,0,1
80478580527@tempmail.com,0,24,11,1,0,0,0,0.545,0.0,1.0,tempmail.com,0,1
aline.barros@spammail.net,0,25,12,0,1,0,0,0.833,0.917,0.0,spammail.net,0,1
roberto_cunha@gmaill.com,1,24,13,0,0,1,0,0.846,0.923,0.0,gmaill.com,0,1
c2sw01m4y04lf@mailme.one,0,24,13,1,0,0,0,0.846,0.538,0.462,mailme.one,0,1
ricardo-martins@terra.com.br,1,28,15,0,0,0,1,0.733,0.933,0.0,terra.com.br,1,0
carlos.ferreira@hotmial.com,1,27,15,0,1,0,0,0.667,0.933,0.0,hotmial.com,0,1
luana306@gmail.com,1,18,8,1,0,0,0,0.875,0.625,0.375,gmail.com,1,0
maria@disposablemail.com,0,24,5,0,0,0,0,0.8,1.0,0.0,disposablemail.com,0,1
isabela_mendes.jr@gmaill.com,1,28,17,0,1,1,0,0.765,0.882,0.0,gmaill.com,0,1
37314542343@10minutemail.com,0,28,11,1,0,0,0,0.545,0.0,1.0,10minutemail.com,0,1
mateus_nascimento@mailnow.org,0,29,17,0,0,1,0,0.647,0.941,0.0,mailnow.org,0,1
sofia_moura@bol.com.br,1,22,11,0,0,1,0,0.818,0.909,0.0,bol.com.br,1,0
bruno@gmaill.com,1,16,5,0,0,0,0,1.0,1.0,0.0,gmaill.com,0,1
vitoria.silva@aol.com,1,21,13,0,1,0,0,0.692,0.923,0.0,aol.com,1,0
maria.araujo@hotmail.com,1,24,12,0,1,0,0,0.667,0.917,0.0,hotmail.com,1,0
sofia234@bol.com.br,1,19,8,1,0,0,0,1.0,0.625,0.375,bol.com.br,1,0
test525@mailinator.com,0,22,7,1,0,0,0,0.714,0.571,0.429,mailinator.com,0,1
ssouza@live.com,1,15,6,0,0,0,0,0.833,1.0,0.0,live.com,1,0
sandra98@gmaill.com,1,19,8,1,0,0,0,0.875,0.75,0.25,gmaill.com,0,1
4396629@yopmail.com,0,19,7,1,0,0,0,0.714,0.0,1.0,yopmail.com,0,1
fernando_alves@gmaill.com,0,25,14,0,0,1,0,0.786,0.929,0.0,gmaill.com,0,1
joao@live.com,1,13,4,0,0,0,0,0.75,1.0,0.0,live.com,1,0
lucas794@hotmail.com,1,20,8,1,0,0,0,1.0,0.625,0.375,hotmail.com,1,0
601280@mailinator.com,0,21,6,1,0,0,0,0.833,0.0,1.0,mailinator.com,0,1
mailuser761@mailnow.org,0,23,11,1,0,0,0,1.0,0.727,0.273,mailnow.org,0,1
2e52dy7@spammail.net,0,20,7,1,0,0,0,0.857,0.429,0.571,spammail.net,0,1
gmartins@outlook.com,1,20,8,0,0,0,0,1.0,1.0,0.0,outlook.com,1,0
vitoria@outlook.com,1,19,7,0,0,0,0,0.857,1.0,0.0,outlook.com,1,0
pedro_mendes@yahoo.com,1,22,12,0,0,1,0,0.75,0.917,0.0,yahoo.com,1,0
lucas.costa@terra.com.br,1,24,11,0,1,0,0,0.727,0.909,0.0,terra.com.br,1,0
debora.moreira@spammail.net,0,27,14,0,1,0,0,0.643,0.929,0.0,spammail.net,0,1
fernando.pereira@hotmial.com,1,28,16,0,1,0,0,0.625,0.938,0.0,hotmial.com,0,1
98678339@tempmail.co,0,20,8,1,0,0,0,0.625,0.0,1.0,tempmail.co,0,1
32ju0firqs69ri@yopmail.com,0,26,14,1,0,0,0,0.857,0.643,0.357,yopmail.com,0,1
ricardo-antunes@yaho.com,1,24,15,0,0,0,1,0.8,0.933,0.0,yaho.com,0,1
beatriz26@outlook.co,1,20,9,1,0,0,0,1.0,0.778,0.222,outlook.co,0,1
paula_freitas@yahoo.com,1,23,13,0,0,1,0,0.846,0.923,0.0,yahoo.com,1,0
beatriz@aol.com,1,15,7,0,0,0,0,1.0,1.0,0.0,aol.com,1,0
clara-rodrigues@outlook.com,1,27,15,0,0,0,1,0.8,0.933,0.0,outlook.com,1,0
pborges@mailnow.org,1,19,7,0,0,0,0,1.0,1.0,0.0,mailnow.org,0,1
aline.moura@gmail.com,1,21,11,0,1,0,0,0.909,0.909,0.0,gmail.com,1,0
-m8n8yl6boehvat@mailinator.com,0,30,15,1,0,0,1,0.933,0.733,0.2,mailinator.com,0,1
help9166@guerrillamail.com,0,26,8,1,0,0,0,0.875,0.5,0.5,guerrillamail.com,0,1
nicolas_souza@gmaill.com,1,24,13,0,0,1,0,0.769,0.923,0.0,gmaill.com,0,1
gabriel@outlook.co,1,18,7,0,0,0,0,1.0,1.0,0.0,outlook.co,0,1
3k5ruwp9jxi9b7@mailcatch.com,0,28,14,1,0,0,0,0.929,0.643,0.357,mailcatch.com,0,1
ricardo-mendes@terra.com.br,1,27,14,0,0,0,1,0.786,0.929,0.0,terra.com.br,1,0
pbarros@uol.com.br,1,18,7,0,0,0,0,0.857,1.0,0.0,uol.com.br,1,0
laura.x@gmail.co,1,16,7,0,1,0,0,0.857,0.857,0.0,gmail.co,0,1
user887@spammail.net,0,20,7,1,0,0,0,0.857,0.571,0.429,spammail.net,0,1
bruno.silva@gmaill.com,1,22,11,0,1,0,0,1.0,0.909,0.0,gmaill.com,0,1
luana874@aol.com,1,16,8,1,0,0,0,0.875,0.625,0.375,aol.com,1,0
srodrigues@gmx.com,1,18,10,0,0,0,0,0.8,1.0,0.0,gmx.com,0,1
rbarros@mailtemp.org,0,20,7,0,0,0,0,0.714,1.0,0.0,mailtemp.org,0,1
contact8@mailcatch.com,0,22,8,1,0,0,0,0.75,0.875,0.125,mailcatch.com,0,1
camila51.jr@gmaill.com,1,22,11,1,1,0,0,0.909,0.727,0.182,gmaill.com,0,1
d79uda97zile5y@trashmail.com,0,28,14,1,0,0,0,0.786,0.643,0.357,trashmail.com,0,1
support4991@tempmail.com,0,24,11,1,0,0,0,0.818,0.636,0.364,tempmail.com,0,1
vitoria-santos@outlook.com,1,26,14,0,0,0,1,0.643,0.929,0.0,outlook.com,1,0
aline509@gmail.co,1,17,8,1,0,0,0,1.0,0.625,0.375,gmail.co,0,1
rmartins@uol.com.br,1,19,8,0,0,0,0,0.875,1.0,0.0,uol.com.br,1,0
fpires@hotmail.com,1,18,6,0,0,0,0,1.0,1.0,0.0,hotmail.com,1,0
rodrigo_silva.x@outlook.com,1,27,15,0,1,1,0,0.8,0.867,0.0,outlook.com,1,0
ricardo_dias@mailtemp.org,0,25,12,0,0,1,0,0.667,0.917,0.0,mailtemp.org,0,1
jqycrho7@fake-mail.net,0,22,8,1,0,0,0,1.0,0.875,0.125,fake-mail.net,0,1
.436643blituctvr@mailnow.org,0,28,16,1,1,0,0,0.75,0.562,0.375,mailnow.org,0,1
felipe_pires@gmx.com,1,20,12,0,0,1,0,0.667,0.917,0.0,gmx.com,0,1
roberto-pires@outlok.com,1,24,13,0,0,0,1,0.692,0.923,0.0,outlok.com,0,1
contact8012@tempmail.co,0,23,11,1,0,0,0,0.818,0.636,0.364,tempmail.co,0,1
30196158@mailcatch.com,0,22,8,1,0,0,0,0.875,0.0,1.0,mailcatch.com,0,1
684891141@mailinator.com,0,24,9,1,0,0,0,0.556,0.0,1.0,mailinator.com,0,1
8za0pl8109@disposablemail.com,0,29,10,1,0,0,0,0.8,0.4,0.6,disposablemail.com,0,1
ricardo.rocha@yaho.com,0,22,13,0,1,0,0,0.615,0.923,0.0,yaho.com,0,1
lpereira@gmail.co,0,17,8,0,0,0,0,0.75,1.0,0.0,gmail.co,0,1
thiago.antunes@guerrillamail.com,0,32,14,0,1,0,0,0.786,0.929,0.0,guerrillamail.com,0,1
vcarvalho@gmx.com,0,17,9,0,0,0,0,0.778,1.0,0.0,gmx.com,0,1
gdias@hotmial.com,1,17,5,0,0,0,0,1.0,1.0,0.0,hotmial.com,0,1
giorgia.alves@outlook.com,1,25,13,0,1,0,0,0.769,0.923,0.0,outlook.com,1,0
henrique12@uol.com.br,1,21,10,1,0,0,0,0.9,0.8,0.2,uol.com.br,1,0
vitoria-lima@yopmail.com,1,24,12,0,0,0,1,0.75,0.917,0.0,yopmail.com,0,1
178284464199@guerrillamail.com,0,30,12,1,0,0,0,0.583,0.0,1.0,guerrillamail.com,0,1
felipe362@outlok.com,1,20,9,1,0,0,0,0.889,0.667,0.333,outlok.com,0,1
carlos.rodrigues@hotmail.com,1,28,16,0,1,0,0,0.75,0.938,0.0,hotmail.com,1,0
debora751@yahoo.com,1,19,9,1,0,0,0,1.0,0.667,0.333,yahoo.com,1,0
admin3472@tempmail.com,0,22,9,1,0,0,0,1.0,0.556,0.444,tempmail.com,0,1
help8176@mailme.one,0,19,8,1,0,0,0,1.0,0.5,0.5,mailme.one,0,1
felipe.nascimento@guerrillamail.com,1,35,17,0,1,0,0,0.765,0.941,0.0,guerrillamail.com,0,1
llima@spammail.net,0,18,5,0,0,0,0,0.8,1.0,0.0,spammail.net,0,1
rmoreira@hotmial.com,1,20,8,0,0,0,0,0.75,1.0,0.0,hotmial.com,0,1
andre15.jr@outlok.com,1,21,10,1,1,0,0,0.9,0.7,0.2,outlok.com,0,1
debora.nascimento@yaho.com,1,26,17,0,1,0,0,0.765,0.941,0.0,yaho.com,0,1
ana@uol.com.br,1,14,3,0,0,0,0,0.667,1.0,0.0,uol.com.br,1,0
mariana@spammail.net,0,20,7,0,0,0,0,0.714,1.0,0.0,spammail.net,0,1
gabriel.alves@outlok.com,1,24,13,0,1,0,0,0.769,0.923,0.0,outlok.com,0,1
aline62@protonmail.com,1,22,7,1,0,0,0,1.0,0.714,0.286,protonmail.com,1,0
bpt5leh_w6-vq@disposablemail.com,0,32,13,1,0,1,1,1.0,0.692,0.154,disposablemail.com,0,1
aline904@guerrillamail.com,0,26,8,1,0,0,0,1.0,0.625,0.375,guerrillamail.com,0,1
pedro38@tempmail.co,0,19,7,1,0,0,0,1.0,0.714,0.286,tempmail.co,0,1
luana350@icloud.com,1,19,8,1,0,0,0,0.875,0.625,0.375,icloud.com,1,0
fernando-lima@spammail.net,0,26,13,0,0,0,1,0.846,0.923,0.0,spammail.net,0,1
02vw1g5xg@randommail.xyz,0,24,9,1,0,0,0,0.889,0.556,0.444,randommail.xyz,0,1
sferreira@bol.com.br,1,20,9,0,0,0,0,0.667,1.0,0.0,bol.com.br,1,0
ana.martins@yaho.com,0,20,11,0,1,0,0,0.727,0.909,0.0,yaho.com,0,1
eduardo@outlook.co,1,18,7,0,0,0,0,0.857,1.0,0.0,outlook.co,0,1
msouza@bol.com.br,1,17,6,0,0,0,0,1.0,1.0,0.0,bol.com.br,1,0
user985@mailinator.com,0,22,7,1,0,0,0,1.0,0.571,0.429,mailinator.com,0,1
zzb3ocjz5qd@mailtemp.org,0,24,11,1,0,0,0,0.818,0.818,0.182,mailtemp.org,0,1
sofia-rodrigues@icloud.com,1,26,15,0,0,0,1,0.733,0.933,0.0,icloud.com,1,0
paulao@outlok.com,1,17,6,0,0,0,0,0.833,1.0,0.0,outlok.com,0,1
rnascimento@gmaill.com,1,22,11,0,0,0,0,0.909,1.0,0.0,gmaill.com,0,1
ldias@bol.com.br,1,16,5,0,0,0,0,1.0,1.0,0.0,bol.com.br,1,0
roberto-cunha@live.com,1,22,13,0,0,0,1,0.846,0.923,0.0,live.com,1,0
ricardo-mendes@gmail.co,1,23,14,0,0,0,1,0.786,0.929,0.0,gmail.co,0,1
gustavo656@gmaill.com,1,21,10,1,0,0,0,0.9,0.7,0.3,gmaill.com,0,1
camila532@yaho.com,1,18,9,1,0,0,0,0.889,0.667,0.333,yaho.com,0,1
8jhj1ae889@mailnow.org,0,22,10,1,0,0,0,0.7,0.5,0.5,mailnow.org,0,1
80688598887@mailnow.org,0,23,11,1,0,0,0,0.545,0.0,1.0,mailnow.org,0,1
8119809463@guerrillamail.com,0,28,10,1,0,0,0,0.7,0.0,1.0,guerrillamail.com,0,1
help9050@mailme.one,0,19,8,1,0,0,0,0.875,0.5,0.5,mailme.one,0,1
mailuser909@spammail.net,0,24,11,1,0,0,0,0.909,0.727,0.273,spammail.net,0,1
12604867@mailinator.com,0,23,8,1,0,0,0,0.875,0.0,1.0,mailinator.com,0,1
78444@yopmail.com,0,17,5,1,0,0,0,0.6,0.0,1.0,yopmail.com,0,1
pgomes@gmail.co,1,15,6,0,0,0,0,1.0,1.0,0.0,gmail.co,0,1
lmartins@bol.com.br,1,19,8,0,0,0,0,1.0,1.0,0.0,bol.com.br,1,0
rafael.martins@protonmail.com,1,29,14,0,1,0,0,0.786,0.929,0.0,protonmail.com,1,0
6013599397@tempmail.co,0,22,10,1,0,0,0,0.7,0.0,1.0,tempmail.co,0,1
vitoria.ribeiro@outlook.co,0,26,15,0,1,0,0,0.6,0.933,0.0,outlook.co,0,1
691939@mailnow.org,0,18,6,1,0,0,0,0.667,0.0,1.0,mailnow.org,0,1
example25@mailme.one,0,20,9,1,0,0,0,0.889,0.778,0.222,mailme.one,0,1
contact8835@mailtemp.org,0,24,11,1,0,0,0,0.727,0.636,0.364,mailtemp.org,0,1
48682153443@mailnow.org,0,23,11,1,0,0,0,0.636,0.0,1.0,mailnow.org,0,1
henrique-ferreira@outlook.com,1,29,17,0,0,0,1,0.588,0.941,0.0,outlook.com,1,0
luana.lima@gmx.com,1,18,10,0,1,0,0,0.7,0.9,0.0,gmx.com,0,1
sleite@hotmail.com,1,18,6,0,0,0,0,0.833,1.0,0.0,hotmail.com,1,0
gabriel-pires@aol.com,1,21,13,0,0,0,1,0.769,0.923,0.0,aol.com,1,0
sandra.mendes@bol.com.br,1,24,13,0,1,0,0,0.615,0.923,0.0,bol.com.br,1,0
iw44ip51tgbe@tempmail.com,0,25,12,1,0,0,0,0.833,0.667,0.333,tempmail.com,0,1
clara.antunes@mailcatch.com,0,27,13,0,1,0,0,0.769,0.923,0.0,mailcatch.com,0,1
rodrigo.rocha@outlook.com,1,25,13,0,1,0,0,0.692,0.923,0.0,outlook.com,1,0
mariana.alves@yaho.com,0,22,13,0,1,0,0,0.769,0.923,0.0,yaho.com,0,1
paulao.mendes@spammail.net,1,26,13,0,1,0,0,0.846,0.923,0.0,spammail.net,0,1
-gvmu9ra7@disposablemail.com,0,28,9,1,0,0,1,1.0,0.667,0.222,disposablemail.com,0,1
example221@mailnow.org,0,22,10,1,0,0,0,0.8,0.7,0.3,mailnow.org,0,1
pedro_lima@outlook.co,1,21,10,0,0,1,0,1.0,0.9,0.0,outlook.co,0,1
thiago.ferreira@trashmail.com,1,29,15,0,1,0,0,0.667,0.933,0.0,trashmail.com,0,1
aline-oliveira@gmaill.com,1,25,14,0,0,0,1,0.643,0.929,0.0,gmaill.com,0,1
ana-pires@protonmail.com,1,24,9,0,0,0,1,0.889,0.889,0.0,protonmail.com,1,0
399092483@mailme.one,0,20,9,1,0,0,0,0.667,0.0,1.0,mailme.one,0,1
joao463@yahoo.com,1,17,7,1,0,0,0,0.857,0.571,0.429,yahoo.com,1,0
roberto-barros@aol.com,1,22,14,0,0,0,1,0.571,0.929,0.0,aol.com,1,0
pedro-cunha@live.com,1,20,11,0,0,0,1,1.0,0.909,0.0,live.com,1,0
54148942@disposablemail.com,0,27,8,1,0,0,0,0.75,0.0,1.0,disposablemail.com,0,1
66974292@mailinator.com,0,23,8,1,0,0,0,0.625,0.0,1.0,mailinator.com,0,1
sofia.oliveira@outlok.com,0,25,14,0,1,0,0,0.714,0.929,0.0,outlok.com,0,1
ulyjh_5q7n@disposablemail.com,0,29,10,1,0,1,0,1.0,0.7,0.2,disposablemail.com,0,1
ricardo@yaho.com,1,16,7,0,0,0,0,0.857,1.0,0.0,yaho.com,0,1
rodrigo@mailme.one,1,18,7,0,0,0,0,0.714,1.0,0.0,mailme.one,0,1
mzwty257@tempmail.com,0,21,8,1,0,0,0,1.0,0.625,0.375,tempmail.com,0,1
eduardo-nascimento@yaho.com,1,27,18,0,0,0,1,0.722,0.944,0.0,yaho.com,0,1
mailuser142@guerrillamail.com,0,29,11,1,0,0,0,1.0,0.727,0.273,guerrillamail.com,0,1
lucas21@aol.com,1,15,7,1,0,0,0,1.0,0.714,0.286,aol.com,1,0
927230124@mailcatch.com,0,23,9,1,0,0,0,0.778,0.0,1.0,mailcatch.com,0,1
carlos-carvalho@outlook.com,1,27,15,0,0,0,1,0.6,0.933,0.0,outlook.com,1,0
aline-dias@yahoo.com,1,20,10,0,0,0,1,0.8,0.9,0.0,yahoo.com,1,0
18877630@randommail.xyz,0,23,8,1,0,0,0,0.75,0.0,1.0,randommail.xyz,0,1
camila-martins.x@randommail.xyz,0,31,16,0,1,0,1,0.75,0.875,0.0,randommail.xyz,0,1
719134270@tempmail.com,0,22,9,1,0,0,0,0.778,0.0,1.0,tempmail.com,0,1
fernando_costa@uol.com.br,1,25,14,0,0,1,0,0.786,0.929,0.0,uol.com.br,1,0
vleite@hotmial.com,1,18,6,0,0,0,0,0.833,1.0,0.0,hotmial.com,0,1
mnascimento@aol.com,1,19,11,0,0,0,0,0.818,1.0,0.0,aol.com,1,0
80bt7rol7maytx@tempmail.com,0,27,14,1,0,0,0,0.857,0.714,0.286,tempmail.com,0,1
cfreitas@outlook.co,0,19,8,0,0,0,0,1.0,1.0,0.0,outlook.co,0,1
felipe728@protonmail.com,1,24,9,1,0,0,0,0.889,0.667,0.333,protonmail.com,1,0
isabela-araujo@tempmail.co,0,26,14,0,0,0,1,0.786,0.929,0.0,tempmail.co,0,1
rafael72@outlook.com,1,20,8,1,0,0,0,0.875,0.75,0.25,outlook.com,1,0
marcos77@aol.com,1,16,8,1,0,0,0,0.875,0.75,0.25,aol.com,1,0
5ala-b7ghie3@mailcatch.com,0,26,12,1,0,0,1,0.917,0.667,0.25,mailcatch.com,0,1
257145894@tempmail.co,0,21,9,1,0,0,0,0.778,0.0,1.0,tempmail.co,0,1
k0hf36c0@guerrillamail.com,0,26,8,1,0,0,0,0.875,0.5,0.5,guerrillamail.com,0,1
ana77@outlook.com,1,17,5,1,0,0,0,0.6,0.6,0.4,outlook.com,1,0
maria-leite@protonmail.com,1,26,11,0,0,0,1,0.727,0.909,0.0,protonmail.com,1,0
ghezaox1g@tempmail.co,0,21,9,1,0,0,0,0.889,0.889,0.111,tempmail.co,0,1
562074868@guerrillamail.com,0,27,9,1,0,0,0,0.778,0.0,1.0,guerrillamail.com,0,1
henrique.rodrigues@fake-mail.net,0,32,18,0,1,0,0,0.667,0.944,0.0,fake-mail.net,0,1
rodrigo.moura@yaho.com,1,22,13,0,1,0,0,0.692,0.923,0.0,yaho.com,0,1
luana.oliveira@tempmail.co,0,26,14,0,1,0,0,0.714,0.929,0.0,tempmail.co,0,1
test103@mailinator.com,0,22,7,1,0,0,0,0.857,0.571,0.429,mailinator.com,0,1
help2196@mailtemp.org,0,21,8,1,0,0,0,1.0,0.5,0.5,mailtemp.org,0,1
9g28aadun7@mailinator.com,0,25,10,1,0,0,0,0.9,0.6,0.4,mailinator.com,0,1
bruno.pereira@outlook.co,1,24,13,0,1,0,0,0.769,0.923,0.0,outlook.co,0,1
86802729514@mailinator.com,0,26,11,1,0,0,0,0.818,0.0,1.0,mailinator.com,0,1
85048932@yopmail.com,0,20,8,1,0,0,0,0.875,0.0,1.0,yopmail.com,0,1
7mbkl99kf-kfp4@spammail.net,0,27,14,1,0,0,1,0.714,0.643,0.286,spammail.net,0,1
dantunes@yahoo.com,1,18,8,0,0,0,0,0.875,1.0,0.0,yahoo.com,1,0
vitoria_costa@terra.com.br,1,26,13,0,0,1,0,0.692,0.923,0.0,terra.com.br,1,0
giorgia44@outlok.com,1,20,9,1,0,0,0,0.667,0.778,0.222,outlok.com,0,1
nicolas-pires@tempmail.com,1,26,13,0,0,0,1,0.846,0.923,0.0,tempmail.com,0,1
laura_nascimento@gmail.co,0,25,16,0,0,1,0,0.812,0.938,0.0,gmail.co,0,1
vitoria_moreira@outlook.co,1,26,15,0,0,1,0,0.6,0.933,0.0,outlook.co,0,1
contact7050@mailme.one,0,22,11,1,0,0,0,0.727,0.636,0.364,mailme.one,0,1
936576155@mailnow.org,0,21,9,1,0,0,0,0.667,0.0,1.0,mailnow.org,0,1
abc799@tempmail.co,0,18,6,1,0,0,0,0.833,0.5,0.5,tempmail.co,0,1
mariana-mendes@gmail.co,0,23,14,0,0,0,1,0.643,0.929,0.0,gmail.co,0,1
debora-dias@gmail.co,0,20,11,0,0,0,1,0.818,0.909,0.0,gmail.co,0,1
joao-costa@gmail.co,0,19,10,0,0,0,1,0.7,0.9,0.0,gmail.co,0,1
aoliveira@trashmail.com,0,23,9,0,0,0,0,0.778,1.0,0.0,trashmail.com,0,1
_syr4chfdb@10minutemail.com,0,27,10,1,0,1,0,1.0,0.8,0.1,10minutemail.com,0,1
mariana405@tempmail.co,0,22,10,1,0,0,0,0.8,0.7,0.3,tempmail.co,0,1
paula14@yahoo.com,1,17,7,1,0,0,0,0.857,0.714,0.286,yahoo.com,1,0
antonio913@disposablemail.com,0,29,10,1,0,0,0,0.8,0.7,0.3,disposablemail.com,0,1
vpwymfvtacbl@mailcatch.com,0,26,12,0,0,0,0,0.917,1.0,0.0,mailcatch.com,0,1
abc636@mailinator.com,0,21,6,1,0,0,0,0.833,0.5,0.5,mailinator.com,0,1
thiago42@outlok.com,1,19,8,1,0,0,0,1.0,0.75,0.25,outlok.com,0,1
sandra67@aol.com,1,16,8,1,0,0,0,0.875,0.75,0.25,aol.com,1,0
ana_rodrigues@hotmial.com,1,25,13,0,0,1,0,0.846,0.923,0.0,hotmial.com,0,1
tjr.ie9wb9@mailcatch.com,0,24,10,1,1,0,0,0.9,0.7,0.2,mailcatch.com,0,1
mpires@gmaill.com,1,17,6,0,0,0,0,1.0,1.0,0.0,gmaill.com,0,1
aline-rodrigues.x@outlook.co,0,28,17,0,1,0,1,0.824,0.882,0.0,outlook.co,0,1
aline_nascimento@outlok.com,0,27,16,0,0,1,0,0.688,0.938,0.0,outlok.com,0,1
aline.pereira@hotmail.com,1,25,13,0,1,0,0,0.615,0.923,0.0,hotmail.com,1,0
floig8@mailnow.org,0,18,6,1,0,0,0,1.0,0.833,0.167,mailnow.org,0,1
bruno.alves@gmail.com,1,21,11,0,1,0,0,1.0,0.909,0.0,gmail.com,1,0
felipe.vieira@tempmail.co,1,25,13,0,1,0,0,0.692,0.923,0.0,tempmail.co,0,1
919293627513@mailcatch.com,0,26,12,1,0,0,0,0.583,0.0,1.0,mailcatch.com,0,1
paulao_rodrigues@disposablemail.com,0,35,16,0,0,1,0,0.75,0.938,0.0,disposablemail.com,0,1
aline.lima@gmaill.com,1,21,10,0,1,0,0,0.7,0.9,0.0,gmaill.com,0,1
gustavo.barros@outlok.com,1,25,14,0,1,0,0,0.714,0.929,0.0,outlok.com,0,1
joao80@bol.com.br,1,17,6,1,0,0,0,0.833,0.667,0.333,bol.com.br,1,0
ricardo-moura@yopmail.com,1,25,13,0,0,0,1,0.692,0.923,0.0,yopmail.com,0,1
rafael_dias@hotmial.com,1,23,11,0,0,1,0,0.818,0.909,0.0,hotmial.com,0,1
bruno29@yopmail.com,0,19,7,1,0,0,0,1.0,0.714,0.286,yopmail.com,0,1
ricardo.araujo@live.com,1,23,14,0,1,0,0,0.643,0.929,0.0,live.com,1,0
ricardo_dias@gmail.co,1,21,12,0,0,1,0,0.667,0.917,0.0,gmail.co,0,1
giorgia-costa@yahoo.com,1,23,13,0,0,0,1,0.692,0.923,0.0,yahoo.com,1,0
abc715@fake-mail.net,0,20,6,1,0,0,0,1.0,0.5,0.5,fake-mail.net,0,1
rpereira@terra.com.br,1,21,8,0,0,0,0,0.625,1.0,0.0,terra.com.br,1,0
paulao-antunes@outlok.com,1,25,14,0,0,0,1,0.714,0.929,0.0,outlok.com,0,1
28481@disposablemail.com,0,24,5,1,0,0,0,0.8,0.0,1.0,disposablemail.com,0,1
abc245@guerrillamail.com,0,24,6,1,0,0,0,1.0,0.5,0.5,guerrillamail.com,0,1
76667385508@randommail.xyz,0,26,11,1,0,0,0,0.545,0.0,1.0,randommail.xyz,0,1
dmoreira@outlok.com,1,19,8,0,0,0,0,0.875,1.0,0.0,outlok.com,0,1
sandra@fake-mail.net,1,20,6,0,0,0,0,0.833,1.0,0.0,fake-mail.net,0,1
z.qkxwethv18sm@tempmail.co,0,26,14,1,1,0,0,1.0,0.786,0.143,tempmail.co,0,1
lvieira@gmail.com,1,17,7,0,0,0,0,0.857,1.0,0.0,gmail.com,1,0
paula@yaho.com,1,14,5,0,0,0,0,0.8,1.0,0.0,yaho.com,0,1
mariana@aol.com,1,15,7,0,0,0,0,0.714,1.0,0.0,aol.com,1,0
thiago768@outlook.com,1,21,9,1,0,0,0,1.0,0.667,0.333,outlook.com,1,0
laura-nascimento@icloud.com,1,27,16,0,0,0,1,0.812,0.938,0.0,icloud.com,1,0
paulao.freitas@gmail.co,1,23,14,0,1,0,0,0.857,0.929,0.0,gmail.co,0,1
5qit40jke.wceh@spammail.net,0,27,14,1,1,0,0,0.929,0.714,0.214,spammail.net,0,1
pantunes@disposablemail.com,0,27,8,0,0,0,0,0.875,1.0,0.0,disposablemail.com,0,1
gleite@uol.com.br,1,17,6,0,0,0,0,0.833,1.0,0.0,uol.com.br,1,0
rvieira@uol.com.br,1,18,7,0,0,0,0,0.714,1.0,0.0,uol.com.br,1,0
maria_freitas.x@randommail.xyz,0,30,15,0,1,1,0,0.733,0.867,0.0,randommail.xyz,0,1
nq49dmxs03d@10minutemail.com,0,28,11,1,0,0,0,0.909,0.636,0.364,10minutemail.com,0,1
713945648762@trashmail.com,0,26,12,1,0,0,0,0.75,0.0,1.0,trashmail.com,0,1
lfreitas@mailnow.org,1,20,8,0,0,0,0,1.0,1.0,0.0,mailnow.org,0,1
help8289@10minutemail.com,0,25,8,1,0,0,0,0.875,0.5,0.5,10minutemail.com,0,1
__jrfzey@mailcatch.com,0,22,8,0,0,2,0,0.875,0.75,0.0,mailcatch.com,0,1
admin6411@mailme.one,0,20,9,1,0,0,0,0.889,0.556,0.444,mailme.one,0,1
debora.dias@tempmail.co,0,23,11,0,1,0,0,0.818,0.909,0.0,tempmail.co,0,1
abc737@guerrillamail.com,0,24,6,1,0,0,0,0.833,0.5,0.5,guerrillamail.com,0,1
269261043818@mailtemp.org,0,25,12,1,0,0,0,0.667,0.0,1.0,mailtemp.org,0,1
bruno_cunha@gmaill.com,1,22,11,0,0,1,0,0.818,0.909,0.0,gmaill.com,0,1
ecosta@outlok.com,1,17,6,0,0,0,0,1.0,1.0,0.0,outlok.com,0,1
7346325700@randommail.xyz,0,25,10,1,0,0,0,0.7,0.0,1.0,randommail.xyz,0,1
example253@tempmail.co,0,22,10,1,0,0,0,0.9,0.7,0.3,tempmail.co,0,1
bruno@tempmail.com,0,18,5,0,0,0,0,1.0,1.0,0.0,tempmail.com,0,1
98lf91adpvjyvmj@mailnow.org,0,27,15,1,0,0,0,0.8,0.733,0.267,mailnow.org,0,1
saraujo@live.com,1,16,7,0,0,0,0,0.857,1.0,0.0,live.com,1,0
abc139@yopmail.com,0,18,6,1,0,0,0,1.0,0.5,0.5,yopmail.com,0,1
gustavo_gomes@trashmail.com,1,27,13,0,0,1,0,0.769,0.923,0.0,trashmail.com,0,1
antonio-ferreira@gmail.co,0,25,16,0,0,0,1,0.562,0.938,0.0,gmail.co,0,1
felipe_rocha@tempmail.com,0,25,12,0,0,1,0,0.917,0.917,0.0,tempmail.com,0,1
gustavo_moura@yaho.com,1,22,13,0,0,1,0,0.769,0.923,0.0,yaho.com,0,1
abc156@mailinator.com,0,21,6,1,0,0,0,1.0,0.5,0.5,mailinator.com,0,1
luana@yahoo.com,1,15,5,0,0,0,0,0.8,1.0,0.0,yahoo.com,1,0
lff21adf8kk@mailcatch.com,0,25,11,1,0,0,0,0.727,0.727,0.273,mailcatch.com,0,1
carlos-dias@trashmail.com,0,25,11,0,0,0,1,0.818,0.909,0.0,trashmail.com,0,1
giorgia668@hotmial.com,1,22,10,1,0,0,0,0.7,0.7,0.3,hotmial.com,0,1
pedro_santos@spammail.net,0,25,12,0,0,1,0,0.833,0.917,0.0,spammail.net,0,1
hatndfo6sa8z@trashmail.com,0,26,12,1,0,0,0,0.917,0.833,0.167,trashmail.com,0,1
giorgia_borges@mailcatch.com,0,28,14,0,0,1,0,0.643,0.929,0.0,mailcatch.com,0,1
ana@spammail.net,1,16,3,0,0,0,0,0.667,1.0,0.0,spammail.net,0,1
bmendes@icloud.com,1,18,7,0,0,0,0,0.857,1.0,0.0,icloud.com,1,0
npereira@mailcatch.com,0,22,8,0,0,0,0,0.75,1.0,0.0,mailcatch.com,0,1
f7kbm7whgo@tempmail.co,0,22,10,1,0,0,0,0.9,0.8,0.2,tempmail.co,0,1
mateus.x@aol.com,1,16,8,0,1,0,0,1.0,0.875,0.0,aol.com,1,0
lg8y2wgebec4@mailcatch.com,0,26,12,1,0,0,0,0.833,0.75,0.25,mailcatch.com,0,1
camila_freitas@randommail.xyz,0,29,14,0,0,1,0,0.786,0.929,0.0,randommail.xyz,0,1
camila812@aol.com,1,17,9,1,0,0,0,0.889,0.667,0.333,aol.com,1,0
bcarvalho@outlook.co,1,20,9,0,0,0,0,0.889,1.0,0.0,outlook.co,0,1
nicolas-rodrigues@yaho.com,1,26,17,0,0,0,1,0.765,0.941,0.0,yaho.com,0,1
isabela@protonmail.com,1,22,7,0,0,0,0,0.857,1.0,0.0,protonmail.com,1,0
022925067@tempmail.com,0,22,9,1,0,0,0,0.667,0.0,1.0,tempmail.com,0,1
henrique75.jr@gmaill.com,1,24,13,1,1,0,0,0.846,0.769,0.154,gmaill.com,0,1
joao_oliveira@yaho.com,0,22,13,0,0,1,0,0.692,0.923,0.0,yaho.com,0,1
vlima@yaho.com,1,14,5,0,0,0,0,1.0,1.0,0.0,yaho.com,0,1
mateus901@yahoo.com,1,19,9,1,0,0,0,1.0,0.667,0.333,yahoo.com,1,0
lpires@hotmial.com,0,18,6,0,0,0,0,1.0,1.0,0.0,hotmial.com,0,1
gabriel@aol.com,1,15,7,0,0,0,0,1.0,1.0,0.0,aol.com,1,0
u6mtq82dm7gehn@mailnow.org,0,26,14,1,0,0,0,0.929,0.714,0.286,mailnow.org,0,1
673407@spammail.net,0,19,6,1,0,0,0,0.833,0.0,1.0,spammail.net,0,1
mateus_rodrigues@mailnow.org,0,28,16,0,0,1,0,0.75,0.938,0.0,mailnow.org,0,1
test415@guerrillamail.com,0,25,7,1,0,0,0,0.857,0.571,0.429,guerrillamail.com,0,1
924683120@10minutemail.com,0,26,9,1,0,0,0,0.889,0.0,1.0,10minutemail.com,0,1
marcos.pereira@mailtemp.org,0,27,14,0,1,0,0,0.714,0.929,0.0,mailtemp.org,0,1
maria@tempmail.com,1,18,5,0,0,0,0,0.8,1.0,0.0,tempmail.com,0,1
luana768@outlok.com,1,19,8,1,0,0,0,0.875,0.625,0.375,outlok.com,0,1
felipe-oliveira@gmaill.com,1,26,15,0,0,0,1,0.667,0.933,0.0,gmaill.com,0,1
admin2469@mailtemp.org,0,22,9,1,0,0,0,1.0,0.556,0.444,mailtemp.org,0,1
aborges@10minutemail.com,1,24,7,0,0,0,0,1.0,1.0,0.0,10minutemail.com,0,1
isabela-mendes@outlok.com,1,25,14,0,0,0,1,0.714,0.929,0.0,outlok.com,0,1
mailuser750@mailinator.com,0,26,11,1,0,0,0,1.0,0.727,0.273,mailinator.com,0,1
426530317@tempmail.co,0,21,9,1,0,0,0,0.889,0.0,1.0,tempmail.co,0,1
pedro-silva@icloud.com,1,22,11,0,0,0,1,1.0,0.909,0.0,icloud.com,1,0
avieira@gmail.com,1,17,7,0,0,0,0,0.714,1.0,0.0,gmail.com,1,0
rrdobmyd-n_ano@randommail.xyz,0,29,14,0,0,1,1,0.714,0.857,0.0,randommail.xyz,0,1
fvieira@icloud.com,1,18,7,0,0,0,0,0.857,1.0,0.0,icloud.com,1,0
aline.pires@gmx.com,0,19,11,0,1,0,0,0.818,0.909,0.0,gmx.com,0,1
clara289@mailnow.org,0,20,8,1,0,0,0,0.875,0.625,0.375,mailnow.org,0,1
antonio@uol.com.br,1,18,7,0,0,0,0,0.714,1.0,0.0,uol.com.br,1,0
roberto-moura@uol.com.br,1,24,13,0,0,0,1,0.692,0.923,0.0,uol.com.br,1,0
sandra-antunes@hotmial.com,1,26,14,0,0,0,1,0.643,0.929,0.0,hotmial.com,0,1
7586557@yopmail.com,0,19,7,1,0,0,0,0.571,0.0,1.0,yopmail.com,0,1
eduardo@gmx.com,0,15,7,0,0,0,0,0.857,1.0,0.0,gmx.com,0,1
clara-pereira@randommail.xyz,0,28,13,0,0,0,1,0.615,0.923,0.0,randommail.xyz,0,1
3389020060@randommail.xyz,0,25,10,1,0,0,0,0.6,0.0,1.0,randommail.xyz,0,1
juliana_moreira@10minutemail.com,0,32,15,0,0,1,0,0.733,0.933,0.0,10minutemail.com,0,1
thiago@outlook.com,1,18,6,0,0,0,0,1.0,1.0,0.0,outlook.com,1,0
example567@guerrillamail.com,0,28,10,1,0,0,0,0.9,0.7,0.3,guerrillamail.com,0,1
felipe_araujo@guerrillamail.com,0,31,13,0,0,1,0,0.846,0.923,0.0,guerrillamail.com,0,1
mariana@uol.com.br,1,18,7,0,0,0,0,0.714,1.0,0.0,uol.com.br,1,0
mateus-cunha@randommail.xyz,1,27,12,0,0,0,1,0.833,0.917,0.0,randommail.xyz,0,1
mariana.alves@disposablemail.com,0,32,13,0,1,0,0,0.769,0.923,0.0,disposablemail.com,0,1
srodrigues@tempmail.com,1,23,10,0,0,0,0,0.8,1.0,0.0,tempmail.com,0,1
carlos22@outlook.com,1,20,8,1,0,0,0,0.875,0.75,0.25,outlook.com,1,0
aj.a6702mz@mailme.one,0,21,10,1,1,0,0,0.9,0.5,0.4,mailme.one,0,1
giorgia-silva@outlook.com,1,25,13,0,0,0,1,0.692,0.923,0.0,outlook.com,1,0
ricardo.rocha@gmaill.com,1,24,13,0,1,0,0,0.615,0.923,0.0,gmaill.com,0,1
sofia73@hotmail.com,1,19,7,1,0,0,0,1.0,0.714,0.286,hotmail.com,1,0
98xh27r81ob3@disposablemail.com,0,31,12,1,0,0,0,0.917,0.417,0.583,disposablemail.com,0,1
06243951@mailtemp.org,0,21,8,1,0,0,0,1.0,0.0,1.0,mailtemp.org,0,1
imendes@uol.com.br,1,18,7,0,0,0,0,0.857,1.0,0.0,uol.com.br,1,0
mariana.cunha@randommail.xyz,0,28,13,0,1,0,0,0.692,0.923,0.0,randommail.xyz,0,1
bdias@outlok.com,1,16,5,0,0,0,0,1.0,1.0,0.0,outlok.com,0,1
isabela83@terra.com.br,1,22,9,1,0,0,0,0.889,0.778,0.222,terra.com.br,1,0
dpires@yopmail.com,0,18,6,0,0,0,0,1.0,1.0,0.0,yopmail.com,0,1
x087nn@disposablemail.com,0,25,6,1,0,0,0,0.833,0.5,0.5,disposablemail.com,0,1
camila@icloud.com,1,17,6,0,0,0,0,0.833,1.0,0.0,icloud.com,1,0
vitoria63@tempmail.co,0,21,9,1,0,0,0,0.889,0.778,0.222,tempmail.co,0,1
eduardo-rodrigues@aol.com,1,25,17,0,0,0,1,0.588,0.941,0.0,aol.com,1,0
gustavo.gomes@mailinator.com,0,28,13,0,1,0,0,0.769,0.923,0.0,mailinator.com,0,1
juliana468@aol.com,1,18,10,1,0,0,0,0.9,0.7,0.3,aol.com,1,0
pedro-moura@10minutemail.com,0,28,11,0,0,0,1,0.818,0.909,0.0,10minutemail.com,0,1
eduardo.alves@uol.com.br,1,24,13,0,1,0,0,0.769,0.923,0.0,uol.com.br,1,0
w3rr43ur4mfj@mailcatch.com,0,26,12,1,0,0,0,0.667,0.667,0.333,mailcatch.com,0,1
roberto_mendes@tempmail.co,1,26,14,0,0,1,0,0.714,0.929,0.0,tempmail.co,0,1
sofia.leite@hotmail.com,1,23,11,0,1,0,0,0.818,0.909,0.0,hotmail.com,1,0
vxqe1il46@guerrillamail.com,0,27,9,1,0,0,0,1.0,0.667,0.333,guerrillamail.com,0,1
mariana@yopmail.com,0,19,7,0,0,0,0,0.714,1.0,0.0,yopmail.com,0,1
msantos.x@tempmail.com,0,22,9,0,1,0,0,0.889,0.889,0.0,tempmail.com,0,1
luana@tempmail.co,0,17,5,0,0,0,0,0.8,1.0,0.0,tempmail.co,0,1
felipe.santos@yaho.com,1,22,13,0,1,0,0,0.846,0.923,0.0,yaho.com,0,1
bruno-araujo@gmail.com,1,22,12,0,0,0,1,0.667,0.917,0.0,gmail.com,1,0
pedro_oliveira@gmaill.com,1,25,14,0,0,1,0,0.714,0.929,0.0,gmaill.com,0,1
4278849773@mailinator.com,0,25,10,1,0,0,0,0.6,0.0,1.0,mailinator.com,0,1
522138029205@trashmail.com,0,26,12,1,0,0,0,0.583,0.0,1.0,trashmail.com,0,1
mcarvalho@outlok.com,1,20,9,0,0,0,0,0.889,1.0,0.0,outlok.com,0,1
juliana-souza.x@outlook.co,1,26,15,0,1,0,1,0.8,0.867,0.0,outlook.co,0,1
ep62ltgc3v@mailtemp.org,0,23,10,1,0,0,0,1.0,0.7,0.3,mailtemp.org,0,1
gabriel@bol.com.br,1,18,7,0,0,0,0,1.0,1.0,0.0,bol.com.br,1,0
0028881@yopmail.com,0,19,7,1,0,0,0,0.571,0.0,1.0,yopmail.com,0,1
33876493680@disposablemail.com,0,30,11,1,0,0,0,0.636,0.0,1.0,disposablemail.com,0,1
maria_antunes.x@spammail.net,1,28,15,0,1,1,0,0.8,0.867,0.0,spammail.net,0,1
mbarros@outlok.com,1,18,7,0,0,0,0,0.857,1.0,0.0,outlok.com,0,1
example496@disposablemail.com,0,29,10,1,0,0,0,0.9,0.7,0.3,disposablemail.com,0,1
andre-moura@gmail.co,1,20,11,0,0,0,1,0.818,0.909,0.0,gmail.co,0,1
mh0it4bu4i4cxg@mailme.one,0,25,14,1,0,0,0,0.786,0.714,0.286,mailme.one,0,1
aline_martins@yopmail.com,0,25,13,0,0,1,0,0.769,0.923,0.0,yopmail.com,0,1
55502397609@trashmail.com,0,25,11,1,0,0,0,0.636,0.0,1.0,trashmail.com,0,1
cbarros@hotmail.com,1,19,7,0,0,0,0,0.857,1.0,0.0,hotmail.com,1,0
4213754@trashmail.com,0,21,7,1,0,0,0,0.857,0.0,1.0,trashmail.com,0,1
support7462@disposablemail.com,0,30,11,1,0,0,0,0.909,0.636,0.364,disposablemail.com,0,1
bruno.rodrigues@mailme.one,0,26,15,0,1,0,0,0.733,0.933,0.0,mailme.one,0,1
ricardo-moreira.jr@gmail.com,1,28,18,0,1,0,1,0.611,0.889,0.0,gmail.com,1,0
301024@tempmail.co,0,18,6,1,0,0,0,0.833,0.0,1.0,tempmail.co,0,1
bzyiyn62u8z1@mailcatch.com,0,26,12,1,0,0,0,0.833,0.667,0.333,mailcatch.com,0,1
carlos@aol.com,1,14,6,0,0,0,0,1.0,1.0,0.0,aol.com,1,0
57841001@mailme.one,0,19,8,1,0,0,0,0.75,0.0,1.0,mailme.one,0,1
nicolas-rocha@outlook.com,1,25,13,0,0,0,1,0.769,0.923,0.0,outlook.com,1,0
aline45@gmaill.com,1,18,7,1,0,0,0,1.0,0.714,0.286,gmaill.com,0,1
roberto.vieira@hotmail.com,1,26,14,0,1,0,0,0.643,0.929,0.0,hotmail.com,1,0
vitoria-barros@uol.com.br,1,25,14,0,0,0,1,0.643,0.929,0.0,uol.com.br,1,0
mariana_barros@live.com,1,23,14,0,0,1,0,0.643,0.929,0.0,live.com,1,0
camila38@outlook.com,1,20,8,1,0,0,0,0.875,0.75,0.25,outlook.com,1,0
isabela368@mailme.one,0,21,10,1,0,0,0,0.9,0.7,0.3,mailme.one,0,1
abc737@mailinator.com,0,21,6,1,0,0,0,0.833,0.5,0.5,mailinator.com,0,1
670333529726@yopmail.com,0,24,12,1,0,0,0,0.583,0.0,1.0,yopmail.com,0,1
camila_araujo.jr@gmail.co,0,25,16,0,1,1,0,0.688,0.875,0.0,gmail.co,0,1
antonio-costa@protonmail.com,1,28,13,0,0,0,1,0.615,0.923,0.0,protonmail.com,1,0
example717@randommail.xyz,0,25,10,1,0,0,0,0.8,0.7,0.3,randommail.xyz,0,1
761231554@mailtemp.org,0,22,9,1,0,0,0,0.778,0.0,1.0,mailtemp.org,0,1
2006419944@mailme.one,0,21,10,1,0,0,0,0.6,0.0,1.0,mailme.one,0,1
help4879@guerrillamail.com,0,26,8,1,0,0,0,1.0,0.5,0.5,guerrillamail.com,0,1
vitoria240@protonmail.com,1,25,10,1,0,0,0,0.9,0.7,0.3,protonmail.com,1,0
laraujo@hotmial.com,1,19,7,0,0,0,0,0.857,1.0,0.0,hotmial.com,0,1
maria64@aol.com,1,15,7,1,0,0,0,0.857,0.714,0.286,aol.com,1,0
ricardo-moura@outlook.com,1,25,13,0,0,0,1,0.692,0.923,0.0,outlook.com,1,0
mariana.antunes.x@outlook.com,1,29,17,0,2,0,0,0.647,0.882,0.0,outlook.com,1,0
support1114@randommail.xyz,0,26,11,1,0,0,0,0.727,0.636,0.364,randommail.xyz,0,1
nicolas501@mailme.one,0,21,10,1,0,0,0,1.0,0.7,0.3,mailme.one,0,1
mateus-dias@uol.com.br,1,22,11,0,0,0,1,0.818,0.909,0.0,uol.com.br,1,0
893782090@randommail.xyz,0,24,9,1,0,0,0,0.667,0.0,1.0,randommail.xyz,0,1
rodrigo_carvalho@gmaill.com,1,27,16,0,0,1,0,0.688,0.938,0.0,gmaill.com,0,1
antonio_leite@live.com,1,22,13,0,0,1,0,0.615,0.923,0.0,live.com,1,0
debora@yaho.com,1,15,6,0,0,0,0,1.0,1.0,0.0,yaho.com,0,1
k9xddf56v@spammail.net,0,22,9,1,0,0,0,0.889,0.667,0.333,spammail.net,0,1
368425940@spammail.net,0,22,9,1,0,0,0,0.889,0.0,1.0,spammail.net,0,1
2681848556@mailinator.com,0,25,10,1,0,0,0,0.6,0.0,1.0,mailinator.com,0,1
vitoria@icloud.com,1,18,7,0,0,0,0,0.857,1.0,0.0,icloud.com,1,0
marcos-pires@randommail.xyz,1,27,12,0,0,0,1,0.833,0.917,0.0,randommail.xyz,0,1
u0fiyhq3y8uq@guerrillamail.com,0,30,12,1,0,0,0,0.75,0.75,0.25,guerrillamail.com,0,1
314030395453@spammail.net,0,25,12,1,0,0,0,0.5,0.0,1.0,spammail.net,0,1
eduardo41@yaho.com,1,18,9,1,0,0,0,0.889,0.778,0.222,yaho.com,0,1
259148179485@10minutemail.com,0,29,12,1,0,0,0,0.583,0.0,1.0,10minutemail.com,0,1
15oe_5mq@guerrillamail.com,0,26,8,1,0,1,0,0.875,0.5,0.375,guerrillamail.com,0,1
9uw8pdwxezih@trashmail.com,0,26,12,1,0,0,0,0.917,0.833,0.167,trashmail.com,0,1
ricardo-cunha@yaho.com,1,22,13,0,0,0,1,0.769,0.923,0.0,yaho.com,0,1
mateus-ribeiro@hotmail.com,1,26,14,0,0,0,1,0.786,0.929,0.0,hotmail.com,1,0
maria.nascimento@bol.com.br,1,27,16,0,1,0,0,0.688,0.938,0.0,bol.com.br,1,0
gsantos@10minutemail.com,0,24,7,0,0,0,0,0.857,1.0,0.0,10minutemail.com,0,1
thiago98@gmaill.com,1,19,8,1,0,0,0,1.0,0.75,0.25,gmaill.com,0,1
paulao_rodrigues@hotmial.com,1,28,16,0,0,1,0,0.75,0.938,0.0,hotmial.com,0,1
help5713@tempmail.com,0,21,8,1,0,0,0,1.0,0.5,0.5,tempmail.com,0,1
isabela70@yahoo.com,1,19,9,1,0,0,0,0.889,0.778,0.222,yahoo.com,1,0
giorgia_ferreira@outlok.com,1,27,16,0,0,1,0,0.5,0.938,0.0,outlok.com,0,1
antonio_assis@terra.com.br,1,26,13,0,0,1,0,0.538,0.923,0.0,terra.com.br,1,0
camila-alves@terra.com.br,1,25,12,0,0,0,1,0.75,0.917,0.0,terra.com.br,1,0
carlos.gomes@gmail.com,1,22,12,0,1,0,0,0.833,0.917,0.0,gmail.com,1,0
abc713@guerrillamail.com,0,24,6,1,0,0,0,1.0,0.5,0.5,guerrillamail.com,0,1
crocha@yopmail.com,0,18,6,0,0,0,0,0.833,1.0,0.0,yopmail.com,0,1
sandra@gmail.com,1,16,6,0,0,0,0,0.833,1.0,0.0,gmail.com,1,0
cf-zqw68v38wvu@mailnow.org,0,26,14,1,0,0,1,0.786,0.643,0.286,mailnow.org,0,1
fernando.x@aol.com,1,18,10,0,1,0,0,0.9,0.9,0.0,aol.com,1,0
mailuser620@10minutemail.com,0,28,11,1,0,0,0,1.0,0.727,0.273,10minutemail.com,0,1
nicolas-freitas@mailinator.com,0,30,15,0,0,0,1,0.8,0.933,0.0,mailinator.com,0,1
gustavo447@yaho.com,1,19,10,1,0,0,0,0.9,0.7,0.3,yaho.com,0,1
thiago-freitas@mailnow.org,0,26,14,0,0,0,1,0.786,0.929,0.0,mailnow.org,0,1
eferreira@outlook.co,1,20,9,0,0,0,0,0.556,1.0,0.0,outlook.co,0,1
mailuser336@mailtemp.org,0,24,11,1,0,0,0,0.909,0.727,0.273,mailtemp.org,0,1
laura-cunha@icloud.com,1,22,11,0,0,0,1,0.727,0.909,0.0,icloud.com,1,0
9rbkb4o1oz@guerrillamail.com,0,28,10,1,0,0,0,0.8,0.7,0.3,guerrillamail.com,0,1
paula-moreira@live.com,1,22,13,0,0,0,1,0.769,0.923,0.0,live.com,1,0
giorgia@yaho.com,1,16,7,0,0,0,0,0.714,1.0,0.0,yaho.com,0,1
gustavo_freitas@gmaill.com,1,26,15,0,0,1,0,0.8,0.933,0.0,gmaill.com,0,1
ta1l-109f@mailtemp.org,0,22,9,1,0,0,1,0.889,0.444,0.444,mailtemp.org,0,1
carlos840@mailinator.com,0,24,9,1,0,0,0,1.0,0.667,0.333,mailinator.com,0,1
roberto.leite@gmail.com,1,23,13,0,1,0,0,0.615,0.923,0.0,gmail.com,1,0
juliana_oliveira@mailnow.org,1,28,16,0,0,1,0,0.688,0.938,0.0,mailnow.org,0,1
carlos@disposablemail.com,0,25,6,0,0,0,0,1.0,1.0,0.0,disposablemail.com,0,1
camila@outlook.com,1,18,6,0,0,0,0,0.833,1.0,0.0,outlook.com,1,0
pgomes@gmx.com,1,14,6,0,0,0,0,1.0,1.0,0.0,gmx.com,0,1
456536295646@fake-mail.net,0,26,12,1,0,0,0,0.5,0.0,1.0,fake-mail.net,0,1
moliveira@mailcatch.com,1,23,9,0,0,0,0,0.889,1.0,0.0,mailcatch.com,0,1
vitoria.freitas@outlook.co,1,26,15,0,1,0,0,0.667,0.933,0.0,outlook.co,0,1
laura44@mailnow.org,0,19,7,1,0,0,0,0.714,0.714,0.286,mailnow.org,0,1
felipe@gmail.com,1,16,6,0,0,0,0,0.833,1.0,0.0,gmail.com,1,0
vitoria.leite@hotmial.com,0,25,13,0,1,0,0,0.692,0.923,0.0,hotmial.com,0,1
calves@yaho.com,0,15,6,0,0,0,0,1.0,1.0,0.0,yaho.com,0,1
6692253744@spammail.net,0,23,10,1,0,0,0,0.7,0.0,1.0,spammail.net,0,1
vitoria90@hotmail.com,1,21,9,1,0,0,0,0.889,0.778,0.222,hotmail.com,1,0
v1e6w0bmed@tempmail.co,0,22,10,1,0,0,0,0.9,0.7,0.3,tempmail.co,0,1
debora@protonmail.com,1,21,6,0,0,0,0,1.0,1.0,0.0,protonmail.com,1,0
joao.jr@gmaill.com,1,18,7,0,1,0,0,0.714,0.857,0.0,gmaill.com,0,1
nicolas.lima@guerrillamail.com,0,30,12,0,1,0,0,0.75,0.917,0.0,guerrillamail.com,0,1
lucas@outlok.com,0,16,5,0,0,0,0,1.0,1.0,0.0,outlok.com,0,1
68603205784@mailtemp.org,0,24,11,1,0,0,0,0.727,0.0,1.0,mailtemp.org,0,1
pg1gke8@tempmail.co,0,19,7,1,0,0,0,0.857,0.714,0.286,tempmail.co,0,1
aline.alves@gmail.co,0,20,11,0,1,0,0,0.727,0.909,0.0,gmail.co,0,1
fernando@yahoo.com,1,18,8,0,0,0,0,0.875,1.0,0.0,yahoo.com,1,0
onyii7wm3@fake-mail.net,0,23,9,1,0,0,0,0.889,0.778,0.222,fake-mail.net,0,1
aline.moura@gmail.co,1,20,11,0,1,0,0,0.909,0.909,0.0,gmail.co,0,1
beatriz-freitas@guerrillamail.com,0,33,15,0,0,0,1,0.667,0.933,0.0,guerrillamail.com,0,1
d.k0k6cv@mailcatch.com,0,22,8,1,1,0,0,0.875,0.625,0.25,mailcatch.com,0,1
luana-nascimento.x@uol.com.br,1,29,18,0,1,0,1,0.778,0.889,0.0,uol.com.br,1,0
mariana-mendes@yopmail.com,1,26,14,0,0,0,1,0.643,0.929,0.0,yopmail.com,0,1
h4fl7q15whqmn@tempmail.co,0,25,13,1,0,0,0,0.846,0.692,0.308,tempmail.co,0,1
ul9sn43t.-am@mailnow.org,0,24,12,1,1,0,1,1.0,0.583,0.25,mailnow.org,0,1
contact2321@trashmail.com,0,25,11,1,0,0,0,0.727,0.636,0.364,trashmail.com,0,1
eduardo139@outlook.co,1,21,10,1,0,0,0,0.9,0.7,0.3,outlook.co,0,1
sandra_borges@icloud.com,1,24,13,0,0,1,0,0.769,0.923,0.0,icloud.com,1,0
52897469813@mailcatch.com,0,25,11,1,0,0,0,0.818,0.0,1.0,mailcatch.com,0,1
example822@mailinator.com,0,25,10,1,0,0,0,0.8,0.7,0.3,mailinator.com,0,1
example797@tempmail.co,0,22,10,1,0,0,0,0.8,0.7,0.3,tempmail.co,0,1
jdias@icloud.com,1,16,5,0,0,0,0,1.0,1.0,0.0,icloud.com,1,0
3719165@mailme.one,0,18,7,1,0,0,0,0.857,0.0,1.0,mailme.one,0,1
paula_ferreira.x@hotmial.com,1,28,16,0,1,1,0,0.688,0.875,0.0,hotmial.com,0,1
example225@tempmail.com,0,23,10,1,0,0,0,0.8,0.7,0.3,tempmail.com,0,1
pedro_antunes@yaho.com,0,22,13,0,0,1,0,0.846,0.923,0.0,yaho.com,0,1
7944953592@mailtemp.org,0,23,10,1,0,0,0,0.6,0.0,1.0,mailtemp.org,0,1
beatriz-silva@hotmial.com,1,25,13,0,0,0,1,0.846,0.923,0.0,hotmial.com,0,1
service8763@mailtemp.org,0,24,11,1,0,0,0,0.909,0.636,0.364,mailtemp.org,0,1
aline85@gmx.com,0,15,7,1,0,0,0,1.0,0.714,0.286,gmx.com,0,1
beatriz39@protonmail.com,1,24,9,1,0,0,0,1.0,0.778,0.222,protonmail.com,1,0
lucas.moura@live.com,1,20,11,0,1,0,0,0.818,0.909,0.0,live.com,1,0
28045588@10minutemail.com,0,25,8,1,0,0,0,0.625,0.0,1.0,10minutemail.com,0,1
paulao-cunha@gmx.com,1,20,12,0,0,0,1,0.75,0.917,0.0,gmx.com,0,1
esantos@yahoo.com,1,17,7,0,0,0,0,0.857,1.0,0.0,yahoo.com,1,0
bruno@gmail.com,1,15,5,0,0,0,0,1.0,1.0,0.0,gmail.com,1,0
gabriel.silva@hotmial.com,1,25,13,0,1,0,0,0.769,0.923,0.0,hotmial.com,0,1
juliana@spammail.net,1,20,7,0,0,0,0,0.857,1.0,0.0,spammail.net,0,1
ana_leite@outlook.com,1,21,9,0,0,1,0,0.778,0.889,0.0,outlook.com,1,0
586828475689@mailnow.org,0,24,12,1,0,0,0,0.583,0.0,1.0,mailnow.org,0,1
hc0okrcw9ibg@disposablemail.com,0,31,12,1,0,0,0,0.917,0.833,0.167,disposablemail.com,0,1
bbarros@disposablemail.com,0,26,7,0,0,0,0,0.714,1.0,0.0,disposablemail.com,0,1
lucas_nascimento@mailtemp.org,0,29,16,0,0,1,0,0.75,0.938,0.0,mailtemp.org,0,1
ana.gomes@gmail.co,1,18,9,0,1,0,0,0.889,0.889,0.0,gmail.co,0,1
carlos@yaho.com,1,15,6,0,0,0,0,1.0,1.0,0.0,yaho.com,0,1
isabela.oliveira@guerrillamail.com,0,34,16,0,1,0,0,0.625,0.938,0.0,guerrillamail.com,0,1
432875446@yopmail.com,0,21,9,1,0,0,0,0.778,0.0,1.0,yopmail.com,0,1
6ar1ar6ufcm@10minutemail.com,0,28,11,1,0,0,0,0.727,0.727,0.273,10minutemail.com,0,1
henrique_araujo.x@hotmial.com,1,29,17,0,1,1,0,0.765,0.882,0.0,hotmial.com,0,1
7226923@yopmail.com,0,19,7,1,0,0,0,0.714,0.0,1.0,yopmail.com,0,1
6058866@trashmail.com,0,21,7,1,0,0,0,0.571,0.0,1.0,trashmail.com,0,1
lucas_barros@tempmail.co,1,24,12,0,0,1,0,0.75,0.917,0.0,tempmail.co,0,1
thiago.antunes@outlook.co,1,25,14,0,1,0,0,0.786,0.929,0.0,outlook.co,0,1
antonio-borges@hotmial.com,1,26,14,0,0,0,1,0.786,0.929,0.0,hotmial.com,0,1
paulao_rocha@outlook.co,0,23,12,0,0,1,0,0.75,0.917,0.0,outlook.co,0,1
gustavo-alves@gmail.com,1,23,13,0,0,0,1,0.769,0.923,0.0,gmail.com,1,0
ana-freitas@hotmail.com,1,23,11,0,0,0,1,0.818,0.909,0.0,hotmail.com,1,0
andre_moura@mailinator.com,0,26,11,0,0,1,0,0.818,0.909,0.0,mailinator.com,0,1
paula.araujo@hotmail.com,1,24,12,0,1,0,0,0.667,0.917,0.0,hotmail.com,1,0
1rizk7c5kb3@fake-mail.net,0,25,11,1,0,0,0,0.909,0.636,0.364,fake-mail.net,0,1
gustavo67@hotmail.com,1,21,9,1,0,0,0,1.0,0.778,0.222,hotmail.com,1,0
aline-rodrigues@randommail.xyz,0,30,15,0,0,0,1,0.8,0.933,0.0,randommail.xyz,0,1
jrjkb5tytp3cjtwx@mailme.one,0,27,16,1,0,0,0,0.75,0.875,0.125,mailme.one,0,1
eduardo_borges@protonmail.com,1,29,14,0,0,1,0,0.714,0.929,0.0,protonmail.com,1,0
camila.barros@tempmail.com,1,26,13,0,1,0,0,0.769,0.923,0.0,tempmail.com,0,1
rcarvalho@randommail.xyz,0,24,9,0,0,0,0,0.778,1.0,0.0,randommail.xyz,0,1
juliana_santos@hotmial.com,1,26,14,0,0,1,0,0.714,0.929,0.0,hotmial.com,0,1
luana@protonmail.com,1,20,5,0,0,0,0,0.8,1.0,0.0,protonmail.com,1,0
clara_cunha@icloud.com,1,22,11,0,0,1,0,0.727,0.909,0.0,icloud.com,1,0
marcos.leite@guerrillamail.com,0,30,12,0,1,0,0,0.917,0.917,0.0,guerrillamail.com,0,1
felipe.assis@mailtemp.org,0,25,12,0,1,0,0,0.667,0.917,0.0,mailtemp.org,0,1
mateus.nascimento@gmail.com,1,27,17,0,1,0,0,0.647,0.941,0.0,gmail.com,1,0
pmoreira@yahoo.com,1,18,8,0,0,0,0,0.875,1.0,0.0,yahoo.com,1,0
eduardo.lima.jr@gmail.com,1,25,15,0,2,0,0,0.733,0.867,0.0,gmail.com,1,0
scunha@yahoo.com,1,16,6,0,0,0,0,1.0,1.0,0.0,yahoo.com,1,0
sofia21@terra.com.br,1,20,7,1,0,0,0,1.0,0.714,0.286,terra.com.br,1,0
juliana_ribeiro@gmx.com,1,23,15,0,0,1,0,0.733,0.933,0.0,gmx.com,0,1
mateus-silva@yahoo.com,1,22,12,0,0,0,1,0.833,0.917,0.0,yahoo.com,1,0
aline_araujo@hotmial.com,1,24,12,0,0,1,0,0.833,0.917,0.0,hotmial.com,0,1
rafael.barros@terra.com.br,1,26,13,0,1,0,0,0.692,0.923,0.0,terra.com.br,1,0
henrique_rocha@hotmial.com,1,26,14,0,0,1,0,0.786,0.929,0.0,hotmial.com,0,1
felipe@hotmial.com,1,18,6,0,0,0,0,0.833,1.0,0.0,hotmial.com,0,1
sofia@protonmail.com,1,20,5,0,0,0,0,1.0,1.0,0.0,protonmail.com,1,0
aline-martins.x@hotmial.com,1,27,15,0,1,0,1,0.8,0.867,0.0,hotmial.com,0,1
andre@outlok.com,1,16,5,0,0,0,0,1.0,1.0,0.0,outlok.com,0,1
example268@trashmail.com,0,24,10,1,0,0,0,0.9,0.7,0.3,trashmail.com,0,1
clara69@mailnow.org,1,19,7,1,0,0,0,0.857,0.714,0.286,mailnow.org,0,1
rodrigo19@gmaill.com,1,20,9,1,0,0,0,0.778,0.778,0.222,gmaill.com,0,1
carlos@hotmail.com,1,18,6,0,0,0,0,1.0,1.0,0.0,hotmail.com,1,0
05122708@fake-mail.net,0,22,8,1,0,0,0,0.75,0.0,1.0,fake-mail.net,0,1
dcjvfgb3djodmfdu@mailnow.org,0,28,16,1,0,0,0,0.688,0.938,0.062,mailnow.org,0,1
v-mi95y7pfb@mailme.one,0,22,11,1,0,0,1,1.0,0.636,0.273,mailme.one,0,1
clara_gomes@icloud.com,1,22,11,0,0,1,0,0.909,0.909,0.0,icloud.com,1,0
mateus.nascimento@icloud.com,1,28,17,0,1,0,0,0.647,0.941,0.0,icloud.com,1,0
sofia833@outlook.com,1,20,8,1,0,0,0,0.875,0.625,0.375,outlook.com,1,0
nicolas.costa@gmaill.com,1,24,13,0,1,0,0,0.692,0.923,0.0,gmaill.com,0,1
joao-mendes@mailinator.com,1,26,11,0,0,0,1,0.818,0.909,0.0,mailinator.com,0,1
camila_antunes@outlook.co,1,25,14,0,0,1,0,0.786,0.929,0.0,outlook.co,0,1
dpires@gmaill.com,1,17,6,0,0,0,0,1.0,1.0,0.0,gmaill.com,0,1
sandra42@hotmial.com,1,20,8,1,0,0,0,0.875,0.75,0.25,hotmial.com,0,1
felipe351.jr@outlok.com,1,23,12,1,1,0,0,0.917,0.667,0.25,outlok.com,0,1
2159887748@disposablemail.com,0,29,10,1,0,0,0,0.7,0.0,1.0,disposablemail.com,0,1
7sq1h700bkivab.5@disposablemail.com,0,35,16,1,1,0,0,0.812,0.562,0.375,disposablemail.com,0,1
ricardo34@tempmail.co,0,21,9,1,0,0,0,0.889,0.778,0.222,tempmail.co,0,1
68551514586@spammail.net,0,24,11,1,0,0,0,0.455,0.0,1.0,spammail.net,0,1
thiago35@outlook.co,1,19,8,1,0,0,0,1.0,0.75,0.25,outlook.co,0,1
roberto_gomes@icloud.com,1,24,13,0,0,1,0,0.692,0.923,0.0,icloud.com,1,0
715322101@spammail.net,0,22,9,1,0,0,0,0.667,0.0,1.0,spammail.net,0,1
3dvibz8aemps4@10minutemail.com,0,30,13,1,0,0,0,1.0,0.769,0.231,10minutemail.com,0,1
fgfmz9u8fkwc@mailinator.com,0,27,12,1,0,0,0,0.833,0.833,0.167,mailinator.com,0,1
sofia@gmx.com,1,13,5,0,0,0,0,1.0,1.0,0.0,gmx.com,0,1
debora-moura@icloud.com,1,23,12,0,0,0,1,0.75,0.917,0.0,icloud.com,1,0
andre33@guerrillamail.com,1,25,7,1,0,0,0,0.857,0.714,0.286,guerrillamail.com,0,1
lucas.antunes@hotmail.com,1,25,13,0,1,0,0,0.692,0.923,0.0,hotmail.com,1,0
4gwt6d05h@trashmail.com,0,23,9,1,0,0,0,1.0,0.556,0.444,trashmail.com,0,1
support3167@yopmail.com,0,23,11,1,0,0,0,0.909,0.636,0.364,yopmail.com,0,1
ana.moura@randommail.xyz,0,24,9,0,1,0,0,0.778,0.889,0.0,randommail.xyz,0,1
example480@10minutemail.com,0,27,10,1,0,0,0,0.9,0.7,0.3,10minutemail.com,0,1
lucas-lima@trashmail.com,0,24,10,0,0,0,1,0.8,0.9,0.0,trashmail.com,0,1
53457310414@mailinator.com,0,26,11,1,0,0,0,0.545,0.0,1.0,mailinator.com,0,1
sandra_antunes@gmail.co,1,23,14,0,0,1,0,0.643,0.929,0.0,gmail.co,0,1
isabela84@yahoo.com,1,19,9,1,0,0,0,0.889,0.778,0.222,yahoo.com,1,0
luana.oliveira.jr@icloud.com,1,28,17,0,2,0,0,0.647,0.882,0.0,icloud.com,1,0
thiago.souza@outlook.com,1,24,12,0,1,0,0,0.833,0.917,0.0,outlook.com,1,0
76355009@mailinator.com,0,23,8,1,0,0,0,0.75,0.0,1.0,mailinator.com,0,1
example509@mailcatch.com,0,24,10,1,0,0,0,0.9,0.7,0.3,mailcatch.com,0,1
paulao_cunha@mailme.one,0,23,12,0,0,1,0,0.75,0.917,0.0,mailme.one,0,1
henrique.ferreira@outlook.com,1,29,17,0,1,0,0,0.588,0.941,0.0,outlook.com,1,0
mateus_alves@hotmial.com,1,24,12,0,0,1,0,0.75,0.917,0.0,hotmial.com,0,1
caraujo@gmail.co,0,16,7,0,0,0,0,0.857,1.0,0.0,gmail.co,0,1
luana_mendes@outlok.com,1,23,12,0,0,1,0,0.75,0.917,0.0,outlok.com,0,1
lucas_rocha@aol.com,1,19,11,0,0,1,0,0.818,0.909,0.0,aol.com,1,0
pribeiro@mailinator.com,1,23,8,0,0,0,0,0.75,1.0,0.0,mailinator.com,0,1
387497@mailme.one,0,17,6,1,0,0,0,0.833,0.0,1.0,mailme.one,0,1
mailuser913@tempmail.co,0,23,11,1,0,0,0,1.0,0.727,0.273,tempmail.co,0,1
944574456618@spammail.net,0,25,12,1,0,0,0,0.583,0.0,1.0,spammail.net,0,1
giorgia@icloud.com,1,18,7,0,0,0,0,0.714,1.0,0.0,icloud.com,1,0
carlos_santos@icloud.com,1,24,13,0,0,1,0,0.692,0.923,0.0,icloud.com,1,0
57023346929@mailnow.org,0,23,11,1,0,0,0,0.727,0.0,1.0,mailnow.org,0,1
sofia36@yahoo.com,1,17,7,1,0,0,0,1.0,0.714,0.286,yahoo.com,1,0
clara-gomes@yopmail.com,0,23,11,0,0,0,1,0.909,0.909,0.0,yopmail.com,0,1
jk-2_cq6mnjskrgf@randommail.xyz,0,31,16,1,0,1,1,0.875,0.75,0.125,randommail.xyz,0,1
10761190@mailinator.com,0,23,8,1,0,0,0,0.625,0.0,1.0,mailinator.com,0,1
6xh9m0@tempmail.com,0,19,6,1,0,0,0,1.0,0.5,0.5,tempmail.com,0,1
maria-rocha@yopmail.com,0,23,11,0,0,0,1,0.727,0.909,0.0,yopmail.com,0,1
amendes@aol.com,1,15,7,0,0,0,0,0.857,1.0,0.0,aol.com,1,0
aline.barros@live.com,1,21,12,0,1,0,0,0.833,0.917,0.0,live.com,1,0
428887526117@yopmail.com,0,24,12,1,0,0,0,0.583,0.0,1.0,yopmail.com,0,1
rrodrigues@icloud.com,1,21,10,0,0,0,0,0.8,1.0,0.0,icloud.com,1,0
gdias@protonmail.com,1,20,5,0,0,0,0,1.0,1.0,0.0,protonmail.com,1,0
rodrigo@gmail.co,1,16,7,0,0,0,0,0.714,1.0,0.0,gmail.co,0,1
0ahi1ywt3@mailtemp.org,0,22,9,1,0,0,0,1.0,0.667,0.333,mailtemp.org,0,1
abc166@fake-mail.net,0,20,6,1,0,0,0,0.833,0.5,0.5,fake-mail.net,0,1
nicolas.ribeiro@outlok.com,1,26,15,0,1,0,0,0.733,0.933,0.0,outlok.com,0,1
abc363@spammail.net,0,19,6,1,0,0,0,0.833,0.5,0.5,spammail.net,0,1
qlrbbyby77@tempmail.com,0,23,10,1,0,0,0,0.6,0.8,0.2,tempmail.com,0,1
p46agyggfm@randommail.xyz,0,25,10,1,0,0,0,0.8,0.8,0.2,randommail.xyz,0,1
andre-carvalho@gmail.com,1,24,14,0,0,0,1,0.786,0.929,0.0,gmail.com,1,0
abc719@mailinator.com,0,21,6,1,0,0,0,1.0,0.5,0.5,mailinator.com,0,1
ricardo_costa@gmaill.com,0,24,13,0,0,1,0,0.692,0.923,0.0,gmaill.com,0,1
eduardo295@gmail.com,1,20,10,1,0,0,0,0.9,0.7,0.3,gmail.com,1,0
joao_oliveira@gmail.co,1,22,13,0,0,1,0,0.692,0.923,0.0,gmail.co,0,1
132997@mailnow.org,0,18,6,1,0,0,0,0.833,0.0,1.0,mailnow.org,0,1
isabela74@yopmail.com,1,21,9,1,0,0,0,0.889,0.778,0.222,yopmail.com,0,1
3650207@yopmail.com,0,19,7,1,0,0,0,0.857,0.0,1.0,yopmail.com,0,1
mateus-pires@hotmial.com,0,24,12,0,0,0,1,0.833,0.917,0.0,hotmial.com,0,1
sofia.alves@bol.com.br,1,22,11,0,1,0,0,0.818,0.909,0.0,bol.com.br,1,0
gribeiro@guerrillamail.com,0,26,8,0,0,0,0,0.75,1.0,0.0,guerrillamail.com,0,1
bvieira@hotmail.com,1,19,7,0,0,0,0,0.857,1.0,0.0,hotmail.com,1,0
eduardo_oliveira@outlook.com,1,28,16,0,0,1,0,0.625,0.938,0.0,outlook.com,1,0
fernando-mendes@aol.com,1,23,15,0,0,0,1,0.667,0.933,0.0,aol.com,1,0
juliana_martins.x@disposablemail.com,0,36,17,0,1,1,0,0.765,0.882,0.0,disposablemail.com,0,1
thiago.santos@mailnow.org,0,25,13,0,1,0,0,0.692,0.923,0.0,mailnow.org,0,1
2711121@mailtemp.org,0,20,7,1,0,0,0,0.429,0.0,1.0,mailtemp.org,0,1
gfreitas@gmaill.com,0,19,8,0,0,0,0,1.0,1.0,0.0,gmaill.com,0,1
93823909@fake-mail.net,0,22,8,1,0,0,0,0.625,0.0,1.0,fake-mail.net,0,1
ncosta@yahoo.com,1,16,6,0,0,0,0,1.0,1.0,0.0,yahoo.com,1,0
andre-leite@yopmail.com,1,23,11,0,0,0,1,0.818,0.909,0.0,yopmail.com,0,1
contact3607@mailcatch.com,0,25,11,1,0,0,0,0.818,0.636,0.364,mailcatch.com,0,1
_4y_tovyzyrsj@yopmail.com,0,25,13,1,0,2,0,0.769,0.769,0.077,yopmail.com,0,1
camila-pereira@outlok.com,0,25,14,0,0,0,1,0.643,0.929,0.0,outlok.com,0,1
maria289@live.com,1,17,8,1,0,0,0,0.875,0.625,0.375,live.com,1,0
henrique_carvalho@trashmail.com,0,31,17,0,0,1,0,0.765,0.941,0.0,trashmail.com,0,1
eazvw7njkhvy@tempmail.co,0,24,12,1,0,0,0,0.917,0.917,0.083,tempmail.co,0,1
191161019@randommail.xyz,0,24,9,1,0,0,0,0.444,0.0,1.0,randommail.xyz,0,1
andre.costa@gmail.co,1,20,11,0,1,0,0,0.909,0.909,0.0,gmail.co,0,1
gabriel.rocha@mailinator.com,0,28,13,0,1,0,0,0.846,0.923,0.0,mailinator.com,0,1
lborges@protonmail.com,1,22,7,0,0,0,0,1.0,1.0,0.0,protonmail.com,1,0
gustavo_alves@hotmial.com,1,25,13,0,0,1,0,0.769,0.923,0.0,hotmial.com,0,1
7406046402@mailinator.com,0,25,10,1,0,0,0,0.5,0.0,1.0,mailinator.com,0,1
844904861512@mailnow.org,0,24,12,1,0,0,0,0.667,0.0,1.0,mailnow.org,0,1
help8257@fake-mail.net,0,22,8,1,0,0,0,1.0,0.5,0.5,fake-mail.net,0,1
758892619@tempmail.co,0,21,9,1,0,0,0,0.778,0.0,1.0,tempmail.co,0,1
6090705@randommail.xyz,0,22,7,1,0,0,0,0.714,0.0,1.0,randommail.xyz,0,1
mailuser292@randommail.xyz,0,26,11,1,0,0,0,0.909,0.727,0.273,randommail.xyz,0,1
ricardo@yopmail.com,1,19,7,0,0,0,0,0.857,1.0,0.0,yopmail.com,0,1
00289124787@randommail.xyz,0,26,11,1,0,0,0,0.636,0.0,1.0,randommail.xyz,0,1
5q2efhazmiq5p@fake-mail.net,0,27,13,1,0,0,0,0.846,0.769,0.231,fake-mail.net,0,1
camila-mendes.jr@mailme.one,0,27,16,0,1,0,1,0.812,0.875,0.0,mailme.one,0,1
vitoria966@outlook.co,1,21,10,1,0,0,0,0.8,0.7,0.3,outlook.co,0,1
bruno973@live.com,1,17,8,1,0,0,0,1.0,0.625,0.375,live.com,1,0
example153@mailnow.org,0,22,10,1,0,0,0,0.9,0.7,0.3,mailnow.org,0,1
zq_uz8t4v7z_z_y7@mailnow.org,0,28,16,1,0,3,0,0.625,0.562,0.25,mailnow.org,0,1
06268010@mailcatch.com,0,22,8,1,0,0,0,0.625,0.0,1.0,mailcatch.com,0,1
debora59@outlook.com,1,20,8,1,0,0,0,1.0,0.75,0.25,outlook.com,1,0
601473328@fake-mail.net,0,23,9,1,0,0,0,0.889,0.0,1.0,fake-mail.net,0,1
801129282933@spammail.net,0,25,12,1,0,0,0,0.5,0.0,1.0,spammail.net,0,1
rafael-leite@mailnow.org,0,24,12,0,0,0,1,0.667,0.917,0.0,mailnow.org,0,1
rvieira@outlook.com,1,19,7,0,0,0,0,0.714,1.0,0.0,outlook.com,1,0
paula.santos.x@fake-mail.net,1,28,14,0,2,0,0,0.714,0.857,0.0,fake-mail.net,0,1
mailuser377@mailme.one,0,22,11,1,0,0,0,0.909,0.727,0.273,mailme.one,0,1
.s69x6-9.qktgh@fake-mail.net,0,28,14,1,2,0,1,0.786,0.5,0.286,fake-mail.net,0,1
maria.lima@yahoo.com,1,20,10,0,1,0,0,0.6,0.9,0.0,yahoo.com,1,0
66298653558@mailnow.org,0,23,11,1,0,0,0,0.545,0.0,1.0,mailnow.org,0,1
aribeiro@protonmail.com,1,23,8,0,0,0,0,0.75,1.0,0.0,protonmail.com,1,0
eduardo149@icloud.com,1,21,10,1,0,0,0,0.9,0.7,0.3,icloud.com,1,0
paulao678@hotmial.com,1,21,9,1,0,0,0,0.889,0.667,0.333,hotmial.com,0,1
lucas.rodrigues@bol.com.br,1,26,15,0,1,0,0,0.8,0.933,0.0,bol.com.br,1,0
lgomes@mailme.one,0,17,6,0,0,0,0,1.0,1.0,0.0,mailme.one,0,1
ana_mendes@mailtemp.org,1,23,10,0,0,1,0,0.7,0.9,0.0,mailtemp.org,0,1
antonio-oliveira@uol.com.br,1,27,16,0,0,0,1,0.625,0.938,0.0,uol.com.br,1,0
psilva@gmail.co,1,15,6,0,0,0,0,1.0,1.0,0.0,gmail.co,0,1
contact9649@trashmail.com,0,25,11,1,0,0,0,0.727,0.636,0.364,trashmail.com,0,1
joao@protonmail.com,1,19,4,0,0,0,0,0.75,1.0,0.0,protonmail.com,1,0
beatriz99@mailcatch.com,1,23,9,1,0,0,0,0.889,0.778,0.222,mailcatch.com,0,1
51057836868@mailme.one,0,22,11,1,0,0,0,0.636,0.0,1.0,mailme.one,0,1
giorgia-martins@gmail.com,1,25,15,0,0,0,1,0.667,0.933,0.0,gmail.com,1,0
juliana.alves@gmail.co,1,22,13,0,1,0,0,0.769,0.923,0.0,gmail.co,0,1
rodrigo_araujo@10minutemail.com,0,31,14,0,0,1,0,0.643,0.929,0.0,10minutemail.com,0,1
thiago-santos@gmail.co,1,22,13,0,0,0,1,0.692,0.923,0.0,gmail.co,0,1
78721@mailnow.org,0,17,5,1,0,0,0,0.8,0.0,1.0,mailnow.org,0,1
gustavo.moreira@tempmail.com,0,28,15,0,1,0,0,0.8,0.933,0.0,tempmail.com,0,1
andre@gmail.co,1,14,5,0,0,0,0,1.0,1.0,0.0,gmail.co,0,1
26955266001@tempmail.com,0,24,11,1,0,0,0,0.545,0.0,1.0,tempmail.com,0,1
gustavo_santos.jr@gmail.co,0,26,17,0,1,1,0,0.706,0.882,0.0,gmail.co,0,1
086518514@disposablemail.com,0,28,9,1,0,0,0,0.667,0.0,1.0,disposablemail.com,0,1
hvieira@yahoo.com,1,17,7,0,0,0,0,0.857,1.0,0.0,yahoo.com,1,0
ana_oliveira@tempmail.co,0,24,12,0,0,1,0,0.75,0.917,0.0,tempmail.co,0,1
mailuser406@yopmail.com,0,23,11,1,0,0,0,1.0,0.727,0.273,yopmail.com,0,1
9746668325@mailtemp.org,0,23,10,1,0,0,0,0.8,0.0,1.0,mailtemp.org,0,1
hf72byncs583@tempmail.com,0,25,12,1,0,0,0,1.0,0.583,0.417,tempmail.com,0,1
-a_syiq5w@spammail.net,0,22,9,1,0,1,1,1.0,0.667,0.111,spammail.net,0,1
k32rgwhgxm@tempmail.co,0,22,10,1,0,0,0,0.9,0.8,0.2,tempmail.co,0,1
rodrigo-alves@yahoo.com,1,23,13,0,0,0,1,0.846,0.923,0.0,yahoo.com,1,0
11182657@fake-mail.net,0,22,8,1,0,0,0,0.75,0.0,1.0,fake-mail.net,0,1
aline775@mailme.one,0,19,8,1,0,0,0,0.875,0.625,0.375,mailme.one,0,1
9273222@mailinator.com,0,22,7,1,0,0,0,0.571,0.0,1.0,mailinator.com,0,1
gustavo15@gmail.com,1,19,9,1,0,0,0,1.0,0.778,0.222,gmail.com,1,0
6153796303@randommail.xyz,0,25,10,1,0,0,0,0.7,0.0,1.0,randommail.xyz,0,1
thiago.oliveira@uol.com.br,1,26,15,0,1,0,0,0.733,0.933,0.0,uol.com.br,1,0
726ew7lrkht@yopmail.com,0,23,11,1,0,0,0,0.909,0.636,0.364,yopmail.com,0,1
sleite@randommail.xyz,1,21,6,0,0,0,0,0.833,1.0,0.0,randommail.xyz,0,1
fernando.jr@gmx.com,1,19,11,0,1,0,0,0.818,0.909,0.0,gmx.com,0,1
mateus22@icloud.com,1,19,8,1,0,0,0,0.875,0.75,0.25,icloud.com,1,0
juliana_freitas@yahoo.com,1,25,15,0,0,1,0,0.8,0.933,0.0,yahoo.com,1,0
gabriel.pires@gmail.com,1,23,13,0,1,0,0,0.769,0.923,0.0,gmail.com,1,0
felipe@protonmail.com,1,21,6,0,0,0,0,0.833,1.0,0.0,protonmail.com,1,0
andre-martins@yaho.com,1,22,13,0,0,0,1,0.769,0.923,0.0,yaho.com,0,1
411503766968@trashmail.com,0,26,12,1,0,0,0,0.75,0.0,1.0,trashmail.com,0,1
marcos715@outlook.co,0,20,9,1,0,0,0,1.0,0.667,0.333,outlook.co,0,1
paulao_pires@gmail.com,1,22,12,0,0,1,0,0.833,0.917,0.0,gmail.com,1,0
40712875@yopmail.com,0,20,8,1,0,0,0,0.875,0.0,1.0,yopmail.com,0,1
bruno_oliveira@outlook.co,1,25,14,0,0,1,0,0.786,0.929,0.0,outlook.co,0,1
abc447@trashmail.com,0,20,6,1,0,0,0,0.833,0.5,0.5,trashmail.com,0,1
apereira@hotmail.com,1,20,8,0,0,0,0,0.625,1.0,0.0,hotmail.com,1,0
mariana_silva@outlook.com,1,25,13,0,0,1,0,0.692,0.923,0.0,outlook.com,1,0
paula_pires@uol.com.br,1,22,11,0,0,1,0,0.818,0.909,0.0,uol.com.br,1,0
13412@guerrillamail.com,0,23,5,1,0,0,0,0.8,0.0,1.0,guerrillamail.com,0,1
test46@tempmail.com,0,19,6,1,0,0,0,0.833,0.667,0.333,tempmail.com,0,1
00359859596@disposablemail.com,0,30,11,1,0,0,0,0.545,0.0,1.0,disposablemail.com,0,1
isabela866@gmail.co,1,19,10,1,0,0,0,0.8,0.7,0.3,gmail.co,0,1
gustavo_santos@gmx.com,1,22,14,0,0,1,0,0.643,0.929,0.0,gmx.com,0,1
paula-martins@mailcatch.com,1,27,13,0,0,0,1,0.846,0.923,0.0,mailcatch.com,0,1
andre.pires@hotmail.com,1,23,11,0,1,0,0,0.818,0.909,0.0,hotmail.com,1,0
service2576@mailme.one,0,22,11,1,0,0,0,0.909,0.636,0.364,mailme.one,0,1
1gxskouzx@randommail.xyz,0,24,9,1,0,0,0,0.889,0.889,0.111,randommail.xyz,0,1
lucas_moreira@yopmail.com,1,25,13,0,0,1,0,0.846,0.923,0.0,yopmail.com,0,1
rafael-ferreira@yopmail.com,0,27,15,0,0,0,1,0.467,0.933,0.0,yopmail.com,0,1
beatriz-lima@gmaill.com,0,23,12,0,0,0,1,0.833,0.917,0.0,gmaill.com,0,1
rodrigo@outlook.com,1,19,7,0,0,0,0,0.714,1.0,0.0,outlook.com,1,0
luana-freitas@outlook.co,1,24,13,0,0,0,1,0.846,0.923,0.0,outlook.co,0,1
rv5ij3jl9tdcc5@disposablemail.com,0,33,14,1,0,0,0,0.786,0.714,0.286,disposablemail.com,0,1
rafael.silva@gmaill.com,1,23,12,0,1,0,0,0.75,0.917,0.0,gmaill.com,0,1
ldkbp81vm4feis@mailme.one,0,25,14,1,0,0,0,1.0,0.786,0.214,mailme.one,0,1
rafael-martins@outlook.co,0,25,14,0,0,0,1,0.786,0.929,0.0,outlook.co,0,1
gcosta@bol.com.br,1,17,6,0,0,0,0,1.0,1.0,0.0,bol.com.br,1,0
5865939@yopmail.com,0,19,7,1,0,0,0,0.714,0.0,1.0,yopmail.com,0,1
32618857@mailnow.org,0,20,8,1,0,0,0,0.875,0.0,1.0,mailnow.org,0,1
ccarvalho@outlok.com,1,20,9,0,0,0,0,0.778,1.0,0.0,outlok.com,0,1
debora@gmail.com,1,16,6,0,0,0,0,1.0,1.0,0.0,gmail.com,1,0
lucas.pires@aol.com,1,19,11,0,1,0,0,0.909,0.909,0.0,aol.com,1,0
646029536167@mailme.one,0,23,12,1,0,0,0,0.75,0.0,1.0,mailme.one,0,1
maria-lima@spammail.net,0,23,10,0,0,0,1,0.6,0.9,0.0,spammail.net,0,1
lucas622@uol.com.br,1,19,8,1,0,0,0,0.875,0.625,0.375,uol.com.br,1,0
pedro_assis@yaho.com,1,20,11,0,0,1,0,0.818,0.909,0.0,yaho.com,0,1
service2217@tempmail.com,0,24,11,1,0,0,0,0.818,0.636,0.364,tempmail.com,0,1
gustavo.dias@terra.com.br,1,25,12,0,1,0,0,0.833,0.917,0.0,terra.com.br,1,0
mariana31@gmail.co,1,18,9,1,0,0,0,0.778,0.778,0.222,gmail.co,0,1
mateus@gmaill.com,1,17,6,0,0,0,0,1.0,1.0,0.0,gmaill.com,0,1
gustavo.leite@uol.com.br,1,24,13,0,1,0,0,0.846,0.923,0.0,uol.com.br,1,0
sandra935@uol.com.br,1,20,9,1,0,0,0,0.889,0.667,0.333,uol.com.br,1,0
paula.souza@10minutemail.com,1,28,11,0,1,0,0,0.727,0.909,0.0,10minutemail.com,0,1
user876@trashmail.com,0,21,7,1,0,0,0,1.0,0.571,0.429,trashmail.com,0,1
eduardo.nascimento@gmaill.com,1,29,18,0,1,0,0,0.722,0.944,0.0,gmaill.com,0,1
example441@mailtemp.org,0,23,10,1,0,0,0,0.8,0.7,0.3,mailtemp.org,0,1
mateus_ferreira@aol.com,1,23,15,0,0,1,0,0.667,0.933,0.0,aol.com,1,0
iribeiro@hotmail.com,1,20,8,0,0,0,0,0.625,1.0,0.0,hotmail.com,1,0
roberto_dias@gmail.com,1,22,12,0,0,1,0,0.833,0.917,0.0,gmail.com,1,0
rj09weew0oz2@mailnow.org,0,24,12,1,0,0,0,0.75,0.667,0.333,mailnow.org,0,1
camila910@gmaill.com,0,20,9,1,0,0,0,0.889,0.667,0.333,gmaill.com,0,1
pedro530@mailnow.org,0,20,8,1,0,0,0,1.0,0.625,0.375,mailnow.org,0,1
clara-souza.x@outlook.com,1,25,13,0,1,0,1,0.846,0.846,0.0,outlook.com,1,0
bruno_costa@terra.com.br,1,24,11,0,0,1,0,0.909,0.909,0.0,terra.com.br,1,0
tmoura@outlook.com,1,18,6,0,0,0,0,1.0,1.0,0.0,outlook.com,1,0
juliana_silva@outlok.com,1,24,13,0,0,1,0,0.692,0.923,0.0,outlok.com,0,1
mariana@yahoo.com,1,17,7,0,0,0,0,0.714,1.0,0.0,yahoo.com,1,0
nicolas.dias@yopmail.com,1,24,12,0,1,0,0,0.75,0.917,0.0,yopmail.com,0,1
rafael134@live.com,1,18,9,1,0,0,0,0.889,0.667,0.333,live.com,1,0
684518@mailnow.org,0,18,6,1,0,0,0,0.833,0.0,1.0,mailnow.org,0,1
help3083@mailinator.com,0,23,8,1,0,0,0,0.875,0.5,0.5,mailinator.com,0,1
andre-cunha@mailme.one,0,22,11,0,0,0,1,0.818,0.909,0.0,mailme.one,0,1
mailuser64@mailme.one,0,21,10,1,0,0,0,1.0,0.8,0.2,mailme.one,0,1
449129432470@tempmail.co,0,24,12,1,0,0,0,0.583,0.0,1.0,tempmail.co,0,1
49324@mailcatch.com,0,19,5,1,0,0,0,0.8,0.0,1.0,mailcatch.com,0,1
flima.jr@tempmail.com,0,21,8,0,1,0,0,1.0,0.875,0.0,tempmail.com,0,1
marcos.ribeiro@uol.com.br,1,25,14,0,1,0,0,0.714,0.929,0.0,uol.com.br,1,0
325457@mailtemp.org,0,19,6,1,0,0,0,0.833,0.0,1.0,mailtemp.org,0,1
2a-f_6ovebew@spammail.net,0,25,12,1,0,1,1,0.917,0.667,0.167,spammail.net,0,1
lucas_martins@terra.com.br,1,26,13,0,0,1,0,0.846,0.923,0.0,terra.com.br,1,0
carlos-ribeiro@yaho.com,1,23,14,0,0,0,1,0.714,0.929,0.0,yaho.com,0,1
mateus-oliveira@outlook.co,1,26,15,0,0,0,1,0.8,0.933,0.0,outlook.co,0,1
aline_leite@gmx.com,1,19,11,0,0,1,0,0.636,0.909,0.0,gmx.com,0,1
aline11@outlook.com,1,19,7,1,0,0,0,0.857,0.714,0.286,outlook.com,1,0
fernando98@mailme.one,1,21,10,1,0,0,0,0.9,0.8,0.2,mailme.one,0,1
gabriel_carvalho@outlook.com,1,28,16,0,0,1,0,0.75,0.938,0.0,outlook.com,1,0
rfgx9i0@fake-mail.net,0,21,7,1,0,0,0,1.0,0.714,0.286,fake-mail.net,0,1
730869407@tempmail.co,0,21,9,1,0,0,0,0.778,0.0,1.0,tempmail.co,0,1
9e82i5x65um@fake-mail.net,0,25,11,1,0,0,0,0.909,0.455,0.545,fake-mail.net,0,1
juliana@outlok.com,1,18,7,0,0,0,0,0.857,1.0,0.0,outlok.com,0,1
vitoria-leite@protonmail.com,1,28,13,0,0,0,1,0.692,0.923,0.0,protonmail.com,1,0
abc958@yopmail.com,0,18,6,1,0,0,0,1.0,0.5,0.5,yopmail.com,0,1
69667501@mailinator.com,0,23,8,1,0,0,0,0.75,0.0,1.0,mailinator.com,0,1
mmoreira@icloud.com,1,19,8,0,0,0,0,0.75,1.0,0.0,icloud.com,1,0
87241455@mailme.one,0,19,8,1,0,0,0,0.75,0.0,1.0,mailme.one,0,1
camila.leite@gmail.co,1,21,12,0,1,0,0,0.667,0.917,0.0,gmail.co,0,1
6839430@spammail.net,0,20,7,1,0,0,0,0.857,0.0,1.0,spammail.net,0,1
debora295@terra.com.br,1,22,9,1,0,0,0,1.0,0.667,0.333,terra.com.br,1,0
1659092@mailtemp.org,0,20,7,1,0,0,0,0.857,0.0,1.0,mailtemp.org,0,1
antonio@yaho.com,1,16,7,0,0,0,0,0.714,1.0,0.0,yaho.com,0,1
paula.silva@mailinator.com,0,26,11,0,1,0,0,0.727,0.909,0.0,mailinator.com,0,1
antonio@trashmail.com,0,21,7,0,0,0,0,0.714,1.0,0.0,trashmail.com,0,1
avk6neiv@10minutemail.com,0,25,8,1,0,0,0,0.875,0.875,0.125,10minutemail.com,0,1
6-zmqq145dn@mailcatch.com,0,25,11,1,0,0,1,0.909,0.545,0.364,mailcatch.com,0,1
gustavo.vieira@yahoo.com,1,24,14,0,1,0,0,0.786,0.929,0.0,yahoo.com,1,0
mfreitas.jr@yopmail.com,1,23,11,0,1,0,0,0.909,0.909,0.0,yopmail.com,0,1
aline833@mailcatch.com,1,22,8,1,0,0,0,0.875,0.625,0.375,mailcatch.com,0,1
aline39@mailinator.com,1,22,7,1,0,0,0,1.0,0.714,0.286,mailinator.com,0,1
fernando-araujo@bol.com.br,1,26,15,0,0,0,1,0.667,0.933,0.0,bol.com.br,1,0
bruno@icloud.com,1,16,5,0,0,0,0,1.0,1.0,0.0,icloud.com,1,0
vitoria4@bol.com.br,1,19,8,1,0,0,0,0.875,0.875,0.125,bol.com.br,1,0
henrique@guerrillamail.com,0,26,8,0,0,0,0,0.875,1.0,0.0,guerrillamail.com,0,1
rodrigo-antunes@terra.com.br,1,28,15,0,0,0,1,0.8,0.933,0.0,terra.com.br,1,0
juliana.rocha@protonmail.com,1,28,13,0,1,0,0,0.846,0.923,0.0,protonmail.com,1,0
nicolas.dias@aol.com,1,20,12,0,1,0,0,0.75,0.917,0.0,aol.com,1,0
fsouza@hotmial.com,1,18,6,0,0,0,0,1.0,1.0,0.0,hotmial.com,0,1
vitoria.ferreira@gmx.com,0,24,16,0,1,0,0,0.562,0.938,0.0,gmx.com,0,1
19574033415@10minutemail.com,0,28,11,1,0,0,0,0.636,0.0,1.0,10minutemail.com,0,1
debora_rocha@yahoo.com,1,22,12,0,0,1,0,0.75,0.917,0.0,yahoo.com,1,0
321372471@guerrillamail.com,0,27,9,1,0,0,0,0.556,0.0,1.0,guerrillamail.com,0,1
fborges@mailinator.com,0,22,7,0,0,0,0,1.0,1.0,0.0,mailinator.com,0,1
mferreira@uol.com.br,1,20,9,0,0,0,0,0.667,1.0,0.0,uol.com.br,1,0
rsantos@randommail.xyz,0,22,7,0,0,0,0,0.857,1.0,0.0,randommail.xyz,0,1
rfreitas@mailinator.com,0,23,8,0,0,0,0,0.875,1.0,0.0,mailinator.com,0,1
laura9@hotmail.com,1,18,6,1,0,0,0,0.833,0.833,0.167,hotmail.com,1,0
eduardo11@gmaill.com,0,20,9,1,0,0,0,0.778,0.778,0.222,gmaill.com,0,1
roberto-freitas.jr@gmx.com,1,26,18,0,1,0,1,0.667,0.889,0.0,gmx.com,0,1
nicolas@gmx.com,0,15,7,0,0,0,0,1.0,1.0,0.0,gmx.com,0,1
mateus_gomes@yaho.com,0,21,12,0,0,1,0,0.75,0.917,0.0,yaho.com,0,1
andre-barros@bol.com.br,1,23,12,0,0,0,1,0.75,0.917,0.0,bol.com.br,1,0
help3718@fake-mail.net,0,22,8,1,0,0,0,1.0,0.5,0.5,fake-mail.net,0,1
274500452588@tempmail.co,0,24,12,1,0,0,0,0.5,0.0,1.0,tempmail.co,0,1
mailuser905@yopmail.com,0,23,11,1,0,0,0,1.0,0.727,0.273,yopmail.com,0,1
547340@mailcatch.com,0,20,6,1,0,0,0,0.833,0.0,1.0,mailcatch.com,0,1
lk7ybzga@mailcatch.com,0,22,8,1,0,0,0,1.0,0.875,0.125,mailcatch.com,0,1
m.p.-o5s@disposablemail.com,0,27,8,1,2,0,1,0.875,0.5,0.125,disposablemail.com,0,1
pedro@gmaill.com,0,16,5,0,0,0,0,1.0,1.0,0.0,gmaill.com,0,1
402376627@yopmail.com,0,21,9,1,0,0,0,0.667,0.0,1.0,yopmail.com,0,1
39879@trashmail.com,0,19,5,1,0,0,0,0.8,0.0,1.0,trashmail.com,0,1
687787197765@10minutemail.com,0,29,12,1,0,0,0,0.5,0.0,1.0,10minutemail.com,0,1
help6175@tempmail.co,0,20,8,1,0,0,0,1.0,0.5,0.5,tempmail.co,0,1
lucas803@gmx.com,1,16,8,1,0,0,0,1.0,0.625,0.375,gmx.com,0,1
-k8nt42u6v-m@spammail.net,0,25,12,1,0,0,2,0.917,0.5,0.333,spammail.net,0,1
carlos-rocha.jr@gmaill.com,1,26,15,0,1,0,1,0.667,0.867,0.0,gmaill.com,0,1
945630687@mailnow.org,0,21,9,1,0,0,0,0.889,0.0,1.0,mailnow.org,0,1
mateus@mailme.one,0,17,6,0,0,0,0,1.0,1.0,0.0,mailme.one,0,1
.3aa03a3x.@mailnow.org,0,22,10,1,2,0,0,0.5,0.4,0.4,mailnow.org,0,1
pmoreira@mailnow.org,1,20,8,0,0,0,0,0.875,1.0,0.0,mailnow.org,0,1
clara.rocha@hotmail.com,1,23,11,0,1,0,0,0.636,0.909,0.0,hotmail.com,1,0
fernando.dias@yahoo.com,1,23,13,0,1,0,0,0.769,0.923,0.0,yahoo.com,1,0
ana.lima@outlook.com,1,20,8,0,1,0,0,0.75,0.875,0.0,outlook.com,1,0
524472289@fake-mail.net,0,23,9,1,0,0,0,0.667,0.0,1.0,fake-mail.net,0,1
henrique-costa@gmx.com,1,22,14,0,0,0,1,0.929,0.929,0.0,gmx.com,0,1
rodrigo.mendes@icloud.com,1,25,14,0,1,0,0,0.714,0.929,0.0,icloud.com,1,0
gcarvalho@yaho.com,0,18,9,0,0,0,0,0.889,1.0,0.0,yaho.com,0,1
78137888309@tempmail.co,0,23,11,1,0,0,0,0.545,0.0,1.0,tempmail.co,0,1
service4076@guerrillamail.com,0,29,11,1,0,0,0,0.909,0.636,0.364,guerrillamail.com,0,1
2478407@mailme.one,0,18,7,1,0,0,0,0.714,0.0,1.0,mailme.one,0,1
pedro_mendes@outlook.co,1,23,12,0,0,1,0,0.75,0.917,0.0,outlook.co,0,1
luana235.jr@gmaill.com,1,22,11,1,1,0,0,0.909,0.636,0.273,gmaill.com,0,1
marcos.martins@aol.com,1,22,14,0,1,0,0,0.714,0.929,0.0,aol.com,1,0
aaraujo@terra.com.br,1,20,7,0,0,0,0,0.714,1.0,0.0,terra.com.br,1,0
joao.antunes@gmail.co,1,21,12,0,1,0,0,0.75,0.917,0.0,gmail.co,0,1
fernando_borges@yahoo.com,1,25,15,0,0,1,0,0.733,0.933,0.0,yahoo.com,1,0
bruno594@hotmial.com,1,20,8,1,0,0,0,1.0,0.625,0.375,hotmial.com,0,1
eduardo_santos@hotmial.com,0,26,14,0,0,1,0,0.714,0.929,0.0,hotmial.com,0,1
luana-martins@gmail.co,1,22,13,0,0,0,1,0.769,0.923,0.0,gmail.co,0,1
mateus_nascimento@gmaill.com,1,28,17,0,0,1,0,0.647,0.941,0.0,gmaill.com,0,1
fernando-barros@bol.com.br,1,26,15,0,0,0,1,0.667,0.933,0.0,bol.com.br,1,0
4yeo6ppywh8@fake-mail.net,0,25,11,1,0,0,0,0.818,0.727,0.273,fake-mail.net,0,1
mateus-carvalho@outlok.com,0,26,15,0,0,0,1,0.867,0.933,0.0,outlok.com,0,1
vitoria-santos@mailcatch.com,1,28,14,0,0,0,1,0.643,0.929,0.0,mailcatch.com,0,1
0345034@yopmail.com,0,19,7,1,0,0,0,0.571,0.0,1.0,yopmail.com,0,1
ana24@spammail.net,0,18,5,1,0,0,0,0.8,0.6,0.4,spammail.net,0,1
roberto@yopmail.com,1,19,7,0,0,0,0,0.714,1.0,0.0,yopmail.com,0,1
thiago@trashmail.com,1,20,6,0,0,0,0,1.0,1.0,0.0,trashmail.com,0,1
fsantos@spammail.net,0,20,7,0,0,0,0,0.857,1.0,0.0,spammail.net,0,1
juliana-costa@guerrillamail.com,0,31,13,0,0,0,1,0.846,0.923,0.0,guerrillamail.com,0,1
juliana20@gmaill.com,1,20,9,1,0,0,0,0.889,0.778,0.222,gmaill.com,0,1
alirpdgz2s@guerrillamail.com,0,28,10,1,0,0,0,1.0,0.9,0.1,guerrillamail.com,0,1
henrique@yaho.com,1,17,8,0,0,0,0,0.875,1.0,0.0,yaho.com,0,1
vitoria.pereira@outlook.co,1,26,15,0,1,0,0,0.6,0.933,0.0,outlook.co,0,1
maria.pires@yahoo.com,1,21,11,0,1,0,0,0.727,0.909,0.0,yahoo.com,1,0
antonio_martins@gmail.com,1,25,15,0,0,1,0,0.6,0.933,0.0,gmail.com,1,0
1gz--92j_q4@mailtemp.org,0,24,11,1,0,1,2,0.909,0.364,0.364,mailtemp.org,0,1
of83gaedmlav3@tempmail.co,0,25,13,1,0,0,0,0.846,0.769,0.231,tempmail.co,0,1
3747783904@spammail.net,0,23,10,1,0,0,0,0.6,0.0,1.0,spammail.net,0,1
felipe-alves@protonmail.com,1,27,12,0,0,0,1,0.75,0.917,0.0,protonmail.com,1,0
57358921@mailnow.org,0,20,8,1,0,0,0,0.875,0.0,1.0,mailnow.org,0,1
132069@mailtemp.org,0,19,6,1,0,0,0,1.0,0.0,1.0,mailtemp.org,0,1
044258275@yopmail.com,0,21,9,1,0,0,0,0.667,0.0,1.0,yopmail.com,0,1
ricardo-assis@hotmail.com,1,25,13,0,0,0,1,0.615,0.923,0.0,hotmail.com,1,0
gustavo-vieira@trashmail.com,0,28,14,0,0,0,1,0.786,0.929,0.0,trashmail.com,0,1
mailuser276@spammail.net,0,24,11,1,0,0,0,1.0,0.727,0.273,spammail.net,0,1
plhs95twbqhsm@10minutemail.com,0,30,13,1,0,0,0,0.846,0.846,0.154,10minutemail.com,0,1
mrocha@uol.com.br,1,17,6,0,0,0,0,1.0,1.0,0.0,uol.com.br,1,0
fz0b-1-usv@yopmail.com,0,22,10,1,0,0,2,0.9,0.6,0.2,yopmail.com,0,1
sofia-borges@randommail.xyz,1,27,12,0,0,0,1,0.833,0.917,0.0,randommail.xyz,0,1
camila@trashmail.com,0,20,6,0,0,0,0,0.833,1.0,0.0,trashmail.com,0,1
pdhdi7o64tmptam@10minutemail.com,0,32,15,1,0,0,0,0.733,0.8,0.2,10minutemail.com,0,1
gnascimento@outlook.com,1,23,11,0,0,0,0,0.909,1.0,0.0,outlook.com,1,0
henrique.lima@yahoo.com,1,23,13,0,1,0,0,0.846,0.923,0.0,yahoo.com,1,0
beatriz51@aol.com,1,17,9,1,0,0,0,1.0,0.778,0.222,aol.com,1,0
cborges@outlook.com,1,19,7,0,0,0,0,1.0,1.0,0.0,outlook.com,1,0
pedro91@10minutemail.com,0,24,7,1,0,0,0,1.0,0.714,0.286,10minutemail.com,0,1
bruno.assis@outlook.co,1,22,11,0,1,0,0,0.818,0.909,0.0,outlook.co,0,1
maria20@hotmial.com,1,19,7,1,0,0,0,0.857,0.714,0.286,hotmial.com,0,1
luana-alves@outlok.com,1,22,11,0,0,0,1,0.727,0.909,0.0,outlok.com,0,1
andre.rodrigues@mailnow.org,0,27,15,0,1,0,0,0.733,0.933,0.0,mailnow.org,0,1
yo3hli32bs5my@disposablemail.com,0,32,13,1,0,0,0,0.846,0.692,0.308,disposablemail.com,0,1
support7819@trashmail.com,0,25,11,1,0,0,0,0.909,0.636,0.364,trashmail.com,0,1
rborges@randommail.xyz,1,22,7,0,0,0,0,0.857,1.0,0.0,randommail.xyz,0,1
0713080227@fake-mail.net,0,24,10,1,0,0,0,0.6,0.0,1.0,fake-mail.net,0,1
joao593@hotmail.com,1,19,7,1,0,0,0,0.857,0.571,0.429,hotmail.com,1,0
fernando77@yaho.com,1,19,10,1,0,0,0,0.8,0.8,0.2,yaho.com,0,1
beatriz.moreira@outlok.com,1,26,15,0,1,0,0,0.667,0.933,0.0,outlok.com,0,1
89259900638@disposablemail.com,0,30,11,1,0,0,0,0.636,0.0,1.0,disposablemail.com,0,1
869896898824@fake-mail.net,0,26,12,1,0,0,0,0.417,0.0,1.0,fake-mail.net,0,1
paulao-pereira@terra.com.br,1,27,14,0,0,0,1,0.643,0.929,0.0,terra.com.br,1,0
d-irygksbowm2pt6@trashmail.com,0,30,16,1,0,0,1,1.0,0.812,0.125,trashmail.com,0,1
xxdlv-_azwi1e.@mailcatch.com,0,28,14,1,1,1,1,0.929,0.714,0.071,mailcatch.com,0,1
aline.nascimento@hotmail.com,1,28,16,0,1,0,0,0.688,0.938,0.0,hotmail.com,1,0
vitoria-araujo@live.com,1,23,14,0,0,0,1,0.643,0.929,0.0,live.com,1,0
ug4zifgyotm7l@guerrillamail.com,0,31,13,1,0,0,0,0.923,0.846,0.154,guerrillamail.com,0,1
jpires@uol.com.br,1,17,6,0,0,0,0,1.0,1.0,0.0,uol.com.br,1,0
felipe_ferreira@tempmail.com,1,28,15,0,0,1,0,0.533,0.933,0.0,tempmail.com,0,1
test433@mailinator.com,0,22,7,1,0,0,0,0.714,0.571,0.429,mailinator.com,0,1
service6785@tempmail.com,0,24,11,1,0,0,0,0.909,0.636,0.364,tempmail.com,0,1
aline90@uol.com.br,1,18,7,1,0,0,0,1.0,0.714,0.286,uol.com.br,1,0
marcos@aol.com,1,14,6,0,0,0,0,1.0,1.0,0.0,aol.com,1,0
3097268630@mailinator.com,0,25,10,1,0,0,0,0.7,0.0,1.0,mailinator.com,0,1
camila.santos@bol.com.br,1,24,13,0,1,0,0,0.769,0.923,0.0,bol.com.br,1,0
gustavo_oliveira@yaho.com,0,25,16,0,0,1,0,0.75,0.938,0.0,yaho.com,0,1
10208963@fake-mail.net,0,22,8,1,0,0,0,0.875,0.0,1.0,fake-mail.net,0,1
crr6tx.45vx38c@spammail.net,0,27,14,1,1,0,0,0.786,0.571,0.357,spammail.net,0,1
117556947@mailme.one,0,20,9,1,0,0,0,0.667,0.0,1.0,mailme.one,0,1
luana59@tempmail.com,0,20,7,1,0,0,0,0.857,0.714,0.286,tempmail.com,0,1
bcosta@uol.com.br,1,17,6,0,0,0,0,1.0,1.0,0.0,uol.com.br,1,0
774151013214@yopmail.com,0,24,12,1,0,0,0,0.583,0.0,1.0,yopmail.com,0,1
fernando-alves@mailme.one,1,25,14,0,0,0,1,0.786,0.929,0.0,mailme.one,0,1
msouza@yahoo.com,1,16,6,0,0,0,0,1.0,1.0,0.0,yahoo.com,1,0
felipe_barros@tempmail.com,0,26,13,0,0,1,0,0.846,0.923,0.0,tempmail.com,0,1
fttmpa-p56mqr@disposablemail.com,0,32,13,1,0,0,1,0.769,0.769,0.154,disposablemail.com,0,1
t66kfg7i2hvi@disposablemail.com,0,31,12,1,0,0,0,0.833,0.667,0.333,disposablemail.com,0,1
j6iarue8g3@mailme.one,0,21,10,1,0,0,0,1.0,0.7,0.3,mailme.one,0,1
mateus-souza@gmail.com,1,22,12,0,0,0,1,0.75,0.917,0.0,gmail.com,1,0
bpereira@mailtemp.org,1,21,8,0,0,0,0,0.75,1.0,0.0,mailtemp.org,0,1
thiago-dias@gmx.com,0,19,11,0,0,0,1,0.818,0.909,0.0,gmx.com,0,1
ecunha@gmail.com,1,16,6,0,0,0,0,1.0,1.0,0.0,gmail.com,1,0
paulao_rocha@protonmail.com,1,27,12,0,0,1,0,0.75,0.917,0.0,protonmail.com,1,0
beatriz49@spammail.net,1,22,9,1,0,0,0,1.0,0.778,0.222,spammail.net,0,1
2881103428@disposablemail.com,0,29,10,1,0,0,0,0.6,0.0,1.0,disposablemail.com,0,1
debora-alves@uol.com.br,1,23,12,0,0,0,1,0.833,0.917,0.0,uol.com.br,1,0
rodrigo.pires@gmx.com,1,21,13,0,1,0,0,0.692,0.923,0.0,gmx.com,0,1
felipe-silva@hotmial.com,1,24,12,0,0,0,1,0.75,0.917,0.0,hotmial.com,0,1
sandra.rocha@mailme.one,0,23,12,0,1,0,0,0.75,0.917,0.0,mailme.one,0,1
andre_araujo@hotmial.com,1,24,12,0,0,1,0,0.75,0.917,0.0,hotmial.com,0,1
vitoria-dias@gmaill.com,1,23,12,0,0,0,1,0.75,0.917,0.0,gmaill.com,0,1
132552901294@10minutemail.com,0,29,12,1,0,0,0,0.583,0.0,1.0,10minutemail.com,0,1
user293@randommail.xyz,0,22,7,1,0,0,0,1.0,0.571,0.429,randommail.xyz,0,1
mariana_santos@gmaill.com,1,25,14,0,0,1,0,0.643,0.929,0.0,gmaill.com,0,1
joao_pereira@live.com,1,21,12,0,0,1,0,0.667,0.917,0.0,live.com,1,0
thiago43@icloud.com,1,19,8,1,0,0,0,1.0,0.75,0.25,icloud.com,1,0
tnascimento@spammail.net,0,24,11,0,0,0,0,0.818,1.0,0.0,spammail.net,0,1
132672@tempmail.co,0,18,6,1,0,0,0,0.833,0.0,1.0,tempmail.co,0,1
maria.moura@10minutemail.com,1,28,11,0,1,0,0,0.636,0.909,0.0,10minutemail.com,0,1
hmoreira@uol.com.br,1,19,8,0,0,0,0,0.875,1.0,0.0,uol.com.br,1,0
help7293@10minutemail.com,0,25,8,1,0,0,0,1.0,0.5,0.5,10minutemail.com,0,1
roberto-nascimento@gmx.com,1,26,18,0,0,0,1,0.667,0.944,0.0,gmx.com,0,1
3151702220@mailcatch.com,0,24,10,1,0,0,0,0.6,0.0,1.0,mailcatch.com,0,1
sofia@spammail.net,1,18,5,0,0,0,0,1.0,1.0,0.0,spammail.net,0,1
eduardo.gomes@outlook.co,1,24,13,0,1,0,0,0.769,0.923,0.0,outlook.co,0,1
juliana-lima@mailcatch.com,0,26,12,0,0,0,1,0.667,0.917,0.0,mailcatch.com,0,1
test523@10minutemail.com,0,24,7,1,0,0,0,0.857,0.571,0.429,10minutemail.com,0,1
n2z7mb41g@mailcatch.com,0,23,9,1,0,0,0,1.0,0.556,0.444,mailcatch.com,0,1
giorgia-alves@randommail.xyz,0,28,13,0,0,0,1,0.769,0.923,0.0,randommail.xyz,0,1
8008019377@guerrillamail.com,0,28,10,1,0,0,0,0.6,0.0,1.0,guerrillamail.com,0,1
felipe_vieira@gmaill.com,0,24,13,0,0,1,0,0.692,0.923,0.0,gmaill.com,0,1
dgomes@mailcatch.com,0,20,6,0,0,0,0,1.0,1.0,0.0,mailcatch.com,0,1
juliana-ferreira@disposablemail.com,0,35,16,0,0,0,1,0.625,0.938,0.0,disposablemail.com,0,1
felipe.x@yaho.com,1,17,8,0,1,0,0,0.875,0.875,0.0,yaho.com,0,1
sandra-freitas@outlook.com,1,26,14,0,0,0,1,0.714,0.929,0.0,outlook.com,1,0
roberto@hotmail.com,1,19,7,0,0,0,0,0.714,1.0,0.0,hotmail.com,1,0
antonio.x@outlook.co,1,20,9,0,1,0,0,0.778,0.889,0.0,outlook.co,0,1
4e7ycs1ked@spammail.net,0,23,10,1,0,0,0,0.9,0.7,0.3,spammail.net,0,1
mk3fy1ou5gnrmp@mailcatch.com,0,28,14,1,0,0,0,0.929,0.786,0.214,mailcatch.com,0,1
806445@disposablemail.com,0,25,6,1,0,0,0,0.833,0.0,1.0,disposablemail.com,0,1
juliana-cunha@protonmail.com,1,28,13,0,0,0,1,0.692,0.923,0.0,protonmail.com,1,0
bruno591@yaho.com,1,17,8,1,0,0,0,1.0,0.625,0.375,yaho.com,0,1
nqbvr081i1ccm@mailme.one,0,24,13,1,0,0,0,0.846,0.692,0.308,mailme.one,0,1
eduardo@randommail.xyz,1,22,7,0,0,0,0,0.857,1.0,0.0,randommail.xyz,0,1
ana.pires@bol.com.br,1,20,9,0,1,0,0,0.889,0.889,0.0,bol.com.br,1,0
7999940202@yopmail.com,0,22,10,1,0,0,0,0.5,0.0,1.0,yopmail.com,0,1
pedro438@icloud.com,1,19,8,1,0,0,0,1.0,0.625,0.375,icloud.com,1,0
felipe.moreira@mailme.one,1,25,14,0,1,0,0,0.714,0.929,0.0,mailme.one,0,1
76552844543@yopmail.com,0,23,11,1,0,0,0,0.636,0.0,1.0,yopmail.com,0,1
felipe.silva@gmail.co,1,21,12,0,1,0,0,0.75,0.917,0.0,gmail.co,0,1
abc690@mailtemp.org,0,19,6,1,0,0,0,1.0,0.5,0.5,mailtemp.org,0,1
help8752@mailnow.org,0,20,8,1,0,0,0,1.0,0.5,0.5,mailnow.org,0,1
tfrx245gbxzqin@mailinator.com,0,29,14,1,0,0,0,0.929,0.786,0.214,mailinator.com,0,1
07444854815@tempmail.co,0,23,11,1,0,0,0,0.545,0.0,1.0,tempmail.co,0,1
lucas.borges@outlok.com,1,23,12,0,1,0,0,0.917,0.917,0.0,outlok.com,0,1
6642971775@mailnow.org,0,22,10,1,0,0,0,0.7,0.0,1.0,mailnow.org,0,1
paula_borges@gmx.com,1,20,12,0,0,1,0,0.917,0.917,0.0,gmx.com,0,1
858287@randommail.xyz,0,21,6,1,0,0,0,0.667,0.0,1.0,randommail.xyz,0,1
maria@outlok.com,1,16,5,0,0,0,0,0.8,1.0,0.0,outlok.com,0,1
ipereira@gmaill.com,1,19,8,0,0,0,0,0.625,1.0,0.0,gmaill.com,0,1
joao-rocha@gmaill.com,0,21,10,0,0,0,1,0.7,0.9,0.0,gmaill.com,0,1
mcunha@outlok.com,1,17,6,0,0,0,0,1.0,1.0,0.0,outlok.com,0,1
525380683@mailme.one,0,20,9,1,0,0,0,0.667,0.0,1.0,mailme.one,0,1
isabela@hotmial.com,1,19,7,0,0,0,0,0.857,1.0,0.0,hotmial.com,0,1
carlos_pereira@gmail.com,1,24,14,0,0,1,0,0.714,0.929,0.0,gmail.com,1,0
noliveira@outlok.com,1,20,9,0,0,0,0,0.889,1.0,0.0,outlok.com,0,1
service5473@randommail.xyz,0,26,11,1,0,0,0,0.909,0.636,0.364,randommail.xyz,0,1
332403@tempmail.com,0,19,6,1,0,0,0,0.667,0.0,1.0,tempmail.com,0,1
tnascimento@yaho.com,1,20,11,0,0,0,0,0.818,1.0,0.0,yaho.com,0,1
mateus@gmail.co,0,15,6,0,0,0,0,1.0,1.0,0.0,gmail.co,0,1
i_kbjmvwx9_iv4@mailnow.org,0,26,14,1,0,2,0,0.786,0.714,0.143,mailnow.org,0,1
nicolas714@gmaill.com,1,21,10,1,0,0,0,1.0,0.7,0.3,gmaill.com,0,1
41960840@mailinator.com,0,23,8,1,0,0,0,0.75,0.0,1.0,mailinator.com,0,1
roliveira@protonmail.com,1,24,9,0,0,0,0,0.778,1.0,0.0,protonmail.com,1,0
paulao.dias@uol.com.br,1,22,11,0,1,0,0,0.818,0.909,0.0,uol.com.br,1,0
736437700@mailinator.com,0,24,9,1,0,0,0,0.556,0.0,1.0,mailinator.com,0,1
ricardo-rocha@mailnow.org,0,25,13,0,0,0,1,0.615,0.923,0.0,mailnow.org,0,1
pedro-rocha@hotmial.com,1,23,11,0,0,0,1,0.818,0.909,0.0,hotmial.com,0,1
vitoria.leite@gmail.co,1,22,13,0,1,0,0,0.692,0.923,0.0,gmail.co,0,1
debora_gomes@hotmail.com,1,24,12,0,0,1,0,0.833,0.917,0.0,hotmail.com,1,0
38170704032@tempmail.com,0,24,11,1,0,0,0,0.636,0.0,1.0,tempmail.com,0,1
pedro_leite@icloud.com,1,22,11,0,0,1,0,0.818,0.909,0.0,icloud.com,1,0
andre_pires@aol.com,1,19,11,0,0,1,0,0.818,0.909,0.0,aol.com,1,0
ana-costa.x@trashmail.com,0,25,11,0,1,0,1,0.818,0.818,0.0,trashmail.com,0,1
nicolas_mendes@gmail.com,1,24,14,0,0,1,0,0.786,0.929,0.0,gmail.com,1,0
vitoria@gmx.com,1,15,7,0,0,0,0,0.857,1.0,0.0,gmx.com,0,1
eduardo-pereira@disposablemail.com,0,34,15,0,0,0,1,0.6,0.933,0.0,disposablemail.com,0,1
luana_souza@trashmail.com,0,25,11,0,0,1,0,0.727,0.909,0.0,trashmail.com,0,1
felipe@gmx.com,1,14,6,0,0,0,0,0.833,1.0,0.0,gmx.com,0,1
glima@aol.com,1,13,5,0,0,0,0,1.0,1.0,0.0,aol.com,1,0
34977772170@disposablemail.com,0,30,11,1,0,0,0,0.636,0.0,1.0,disposablemail.com,0,1
debora.silva@gmail.com,1,22,12,0,1,0,0,0.917,0.917,0.0,gmail.com,1,0
antonio@hotmial.com,1,19,7,0,0,0,0,0.714,1.0,0.0,hotmial.com,0,1
irodrigues@mailcatch.com,0,24,10,0,0,0,0,0.8,1.0,0.0,mailcatch.com,0,1
43418005@tempmail.com,0,21,8,1,0,0,0,0.75,0.0,1.0,tempmail.com,0,1
ricardo-rodrigues@live.com,1,26,17,0,0,0,1,0.647,0.941,0.0,live.com,1,0
glima@gmx.com,0,13,5,0,0,0,0,1.0,1.0,0.0,gmx.com,0,1
user136@spammail.net,0,20,7,1,0,0,0,1.0,0.571,0.429,spammail.net,0,1
aline@outlook.co,1,16,5,0,0,0,0,1.0,1.0,0.0,outlook.co,0,1
giorgia7.x@yaho.com,0,19,10,1,1,0,0,0.8,0.8,0.1,yaho.com,0,1
w9c4i45nqztx7ea@mailcatch.com,0,29,15,1,0,0,0,0.933,0.667,0.333,mailcatch.com,0,1
antonio@outlook.co,0,18,7,0,0,0,0,0.714,1.0,0.0,outlook.co,0,1
paula_moreira@bol.com.br,1,24,13,0,0,1,0,0.769,0.923,0.0,bol.com.br,1,0
sofia@tempmail.com,0,18,5,0,0,0,0,1.0,1.0,0.0,tempmail.com,0,1
bfreitas@yaho.com,1,17,8,0,0,0,0,1.0,1.0,0.0,yaho.com,0,1
asilva@live.com,1,15,6,0,0,0,0,0.833,1.0,0.0,live.com,1,0
support2752@mailme.one,0,22,11,1,0,0,0,0.818,0.636,0.364,mailme.one,0,1
juliana85.x@gmx.com,1,19,11,1,1,0,0,0.909,0.727,0.182,gmx.com,0,1
sofia-rodrigues@yaho.com,1,24,15,0,0,0,1,0.733,0.933,0.0,yaho.com,0,1
thiago398@mailcatch.com,0,23,9,1,0,0,0,1.0,0.667,0.333,mailcatch.com,0,1
8769033@guerrillamail.com,0,25,7,1,0,0,0,0.857,0.0,1.0,guerrillamail.com,0,1
laura-cunha@gmx.com,1,19,11,0,0,0,1,0.727,0.909,0.0,gmx.com,0,1
ab40ooba@mailcatch.com,0,22,8,1,0,0,0,0.625,0.75,0.25,mailcatch.com,0,1
antonio-vieira@randommail.xyz,0,29,14,0,0,0,1,0.643,0.929,0.0,randommail.xyz,0,1
acosta@gmail.co,1,15,6,0,0,0,0,0.833,1.0,0.0,gmail.co,0,1
mailuser211@spammail.net,0,24,11,1,0,0,0,0.909,0.727,0.273,spammail.net,0,1
paula_silva@uol.com.br,1,22,11,0,0,1,0,0.727,0.909,0.0,uol.com.br,1,0
carlos440@disposablemail.com,1,28,9,1,0,0,0,0.889,0.667,0.333,disposablemail.com,0,1
henrique.pereira@hotmail.com,1,28,16,0,1,0,0,0.625,0.938,0.0,hotmail.com,1,0
luana75@icloud.com,1,18,7,1,0,0,0,0.857,0.714,0.286,icloud.com,1,0
mariana.carvalho@fake-mail.net,0,30,16,0,1,0,0,0.688,0.938,0.0,fake-mail.net,0,1
gustavo.oliveira@bol.com.br,1,27,16,0,1,0,0,0.75,0.938,0.0,bol.com.br,1,0
mateus-freitas@gmail.co,1,23,14,0,0,0,1,0.714,0.929,0.0,gmail.co,0,1
paraujo@yopmail.com,0,19,7,0,0,0,0,0.857,1.0,0.0,yopmail.com,0,1
89375262@mailnow.org,0,20,8,1,0,0,0,0.875,0.0,1.0,mailnow.org,0,1
sferreira@hotmail.com,1,21,9,0,0,0,0,0.667,1.0,0.0,hotmail.com,1,0
54327427025@mailnow.org,0,23,11,1,0,0,0,0.545,0.0,1.0,mailnow.org,0,1
contact9639@randommail.xyz,0,26,11,1,0,0,0,0.727,0.636,0.364,randommail.xyz,0,1
5888200321@mailme.one,0,21,10,1,0,0,0,0.6,0.0,1.0,mailme.one,0,1
rafael90@gmx.com,1,16,8,1,0,0,0,0.875,0.75,0.25,gmx.com,0,1
6416268@mailinator.com,0,22,7,1,0,0,0,0.714,0.0,1.0,mailinator.com,0,1
sandra-cunha.jr@outlook.co,0,26,15,0,1,0,1,0.733,0.867,0.0,outlook.co,0,1
mfreitas@guerrillamail.com,0,26,8,0,0,0,0,1.0,1.0,0.0,guerrillamail.com,0,1
mateus_alves@aol.com,1,20,12,0,0,1,0,0.75,0.917,0.0,aol.com,1,0
luana.leite@yaho.com,1,20,11,0,1,0,0,0.727,0.909,0.0,yaho.com,0,1
luana341@gmaill.com,0,19,8,1,0,0,0,0.875,0.625,0.375,gmaill.com,0,1
bruno.leite@outlok.com,1,22,11,0,1,0,0,0.909,0.909,0.0,outlok.com,0,1
rafael-araujo.x@hotmial.com,1,27,15,0,1,0,1,0.733,0.867,0.0,hotmial.com,0,1
support2756@disposablemail.com,0,30,11,1,0,0,0,0.909,0.636,0.364,disposablemail.com,0,1
camila-mendes@fake-mail.net,0,27,13,0,0,0,1,0.769,0.923,0.0,fake-mail.net,0,1
lucas.barros.x@outlook.com,1,26,14,0,2,0,0,0.714,0.857,0.0,outlook.com,1,0
sofia977@hotmial.com,1,20,8,1,0,0,0,0.875,0.625,0.375,hotmial.com,0,1
5-qgjvdgn9ei21@fake-mail.net,0,28,14,1,0,0,1,0.929,0.643,0.286,fake-mail.net,0,1
carlos_ribeiro@hotmail.com,1,26,14,0,0,1,0,0.714,0.929,0.0,hotmail.com,1,0
roberto.freitas.jr@disposablemail.com,1,37,18,0,2,0,0,0.611,0.889,0.0,disposablemail.com,0,1
lucas8@hotmial.com,1,18,6,1,0,0,0,1.0,0.833,0.167,hotmial.com,0,1
fcarvalho@tempmail.co,0,21,9,0,0,0,0,0.889,1.0,0.0,tempmail.co,0,1
camila670@yopmail.com,0,21,9,1,0,0,0,0.889,0.667,0.333,yopmail.com,0,1
rafael.moreira@hotmial.com,1,26,14,0,1,0,0,0.643,0.929,0.0,hotmial.com,0,1
test563@mailnow.org,0,19,7,1,0,0,0,0.857,0.571,0.429,mailnow.org,0,1
example195@10minutemail.com,0,27,10,1,0,0,0,0.9,0.7,0.3,10minutemail.com,0,1
rodrigo-rodrigues@icloud.com,1,28,17,0,0,0,1,0.529,0.941,0.0,icloud.com,1,0
mateus_assis@hotmail.com,1,24,12,0,0,1,0,0.667,0.917,0.0,hotmail.com,1,0
lalves@disposablemail.com,1,25,6,0,0,0,0,0.833,1.0,0.0,disposablemail.com,0,1
debora-silva@disposablemail.com,0,31,12,0,0,0,1,0.917,0.917,0.0,disposablemail.com,0,1
ricardo_santos@mailnow.org,0,26,14,0,0,1,0,0.714,0.929,0.0,mailnow.org,0,1
admin6805@mailcatch.com,0,23,9,1,0,0,0,1.0,0.556,0.444,mailcatch.com,0,1
342271284@trashmail.com,0,23,9,1,0,0,0,0.667,0.0,1.0,trashmail.com,0,1
acunha@gmx.com,1,14,6,0,0,0,0,0.833,1.0,0.0,gmx.com,0,1
sandra.rodrigues@mailnow.org,1,28,16,0,1,0,0,0.688,0.938,0.0,mailnow.org,0,1
maria_pereira@hotmial.com,1,25,13,0,0,1,0,0.538,0.923,0.0,hotmial.com,0,1
apires@spammail.net,0,19,6,0,0,0,0,1.0,1.0,0.0,spammail.net,0,1
7317115@trashmail.com,0,21,7,1,0,0,0,0.571,0.0,1.0,trashmail.com,0,1
maria_rocha@tempmail.com,0,24,11,0,0,1,0,0.727,0.909,0.0,tempmail.com,0,1
fernando@gmail.co,1,17,8,0,0,0,0,0.875,1.0,0.0,gmail.co,0,1
maria18@outlook.co,1,18,7,1,0,0,0,0.857,0.714,0.286,outlook.co,0,1
j790nlu6h2fow@tempmail.co,0,25,13,1,0,0,0,1.0,0.615,0.385,tempmail.co,0,1
roberto-lima@tempmail.com,0,25,12,0,0,0,1,0.833,0.917,0.0,tempmail.com,0,1
bruno294@uol.com.br,1,19,8,1,0,0,0,1.0,0.625,0.375,uol.com.br,1,0
gustavo-moreira@icloud.com,1,26,15,0,0,0,1,0.8,0.933,0.0,icloud.com,1,0
sandra_lima@bol.com.br,1,22,11,0,0,1,0,0.818,0.909,0.0,bol.com.br,1,0
antonio.rodrigues@uol.com.br,1,28,17,0,1,0,0,0.706,0.941,0.0,uol.com.br,1,0
eduardo72@hotmail.com,1,21,9,1,0,0,0,0.889,0.778,0.222,hotmail.com,1,0
fgomes@outlok.com,1,17,6,0,0,0,0,1.0,1.0,0.0,outlok.com,0,1
5629483524@spammail.net,0,23,10,1,0,0,0,0.7,0.0,1.0,spammail.net,0,1
paulao.oliveira@live.com,1,24,15,0,1,0,0,0.667,0.933,0.0,live.com,1,0
debora.vieira@hotmial.com,0,25,13,0,1,0,0,0.692,0.923,0.0,hotmial.com,0,1
sandra.souza@bol.com.br,1,23,12,0,1,0,0,0.75,0.917,0.0,bol.com.br,1,0
admin378@disposablemail.com,0,27,8,1,0,0,0,1.0,0.625,0.375,disposablemail.com,0,1
marcos.lima@outlook.co,0,22,11,0,1,0,0,0.818,0.909,0.0,outlook.co,0,1
213414537@tempmail.co,0,21,9,1,0,0,0,0.667,0.0,1.0,tempmail.co,0,1
foliveira@outlook.com,1,21,9,0,0,0,0,0.889,1.0,0.0,outlook.com,1,0
pmendes@yahoo.com,1,17,7,0,0,0,0,0.857,1.0,0.0,yahoo.com,1,0
marcos_mendes@protonmail.com,1,28,13,0,0,1,0,0.769,0.923,0.0,protonmail.com,1,0
paulao.souza@mailcatch.com,0,26,12,0,1,0,0,0.667,0.917,0.0,mailcatch.com,0,1
user891@trashmail.com,0,21,7,1,0,0,0,1.0,0.571,0.429,trashmail.com,0,1
paula.x@hotmail.com,1,19,7,0,1,0,0,0.857,0.857,0.0,hotmail.com,1,0
aline42@live.com,1,16,7,1,0,0,0,1.0,0.714,0.286,live.com,1,0
joao50@yahoo.com,1,16,6,1,0,0,0,0.833,0.667,0.333,yahoo.com,1,0
cmendes@guerrillamail.com,0,25,7,0,0,0,0,0.857,1.0,0.0,guerrillamail.com,0,1
124389763@yopmail.com,0,21,9,1,0,0,0,0.889,0.0,1.0,yopmail.com,0,1
71496750@randommail.xyz,0,23,8,1,0,0,0,0.875,0.0,1.0,randommail.xyz,0,1
mgomes@randommail.xyz,0,21,6,0,0,0,0,0.833,1.0,0.0,randommail.xyz,0,1
19zagi3np@mailtemp.org,0,22,9,1,0,0,0,1.0,0.667,0.333,mailtemp.org,0,1
2uk5u.p7a7@guerrillamail.com,0,28,10,1,1,0,0,0.8,0.5,0.4,guerrillamail.com,0,1
021_qtb9z8v@tempmail.com,0,24,11,1,0,1,0,1.0,0.455,0.455,tempmail.com,0,1
j9j2xa5v-94xl3v@trashmail.com,0,29,15,1,0,0,1,0.733,0.533,0.4,trashmail.com,0,1
paulao-moreira@gmail.co,1,23,14,0,0,0,1,0.714,0.929,0.0,gmail.co,0,1
mateus106@outlook.com,1,21,9,1,0,0,0,1.0,0.667,0.333,outlook.com,1,0
juliana.carvalho@outlok.com,1,27,16,0,1,0,0,0.75,0.938,0.0,outlok.com,0,1
mz.beai1@mailme.one,0,19,8,1,1,0,0,1.0,0.75,0.125,mailme.one,0,1
68864561858@mailcatch.com,0,25,11,1,0,0,0,0.455,0.0,1.0,mailcatch.com,0,1
534441@mailnow.org,0,18,6,1,0,0,0,0.667,0.0,1.0,mailnow.org,0,1
ana.ribeiro@outlook.com,1,23,11,0,1,0,0,0.727,0.909,0.0,outlook.com,1,0
eduardo.ferreira@outlok.com,1,27,16,0,1,0,0,0.562,0.938,0.0,outlok.com,0,1
marcos@gmx.com,1,14,6,0,0,0,0,1.0,1.0,0.0,gmx.com,0,1
user166@guerrillamail.com,0,25,7,1,0,0,0,0.857,0.571,0.429,guerrillamail.com,0,1
rodrigo-silva@outlook.com,1,25,13,0,0,0,1,0.769,0.923,0.0,outlook.com,1,0
534581@10minutemail.com,0,23,6,1,0,0,0,0.833,0.0,1.0,10minutemail.com,0,1
5280215@guerrillamail.com,0,25,7,1,0,0,0,0.714,0.0,1.0,guerrillamail.com,0,1
128739860@yopmail.com,0,21,9,1,0,0,0,0.889,0.0,1.0,yopmail.com,0,1
w8plhl-n1@fake-mail.net,0,23,9,1,0,0,1,0.889,0.667,0.222,fake-mail.net,0,1
mariana.silva@hotmial.com,1,25,13,0,1,0,0,0.692,0.923,0.0,hotmial.com,0,1
ricardo@gmaill.com,1,18,7,0,0,0,0,0.857,1.0,0.0,gmaill.com,0,1
isabela-rocha@outlook.co,1,24,13,0,0,0,1,0.846,0.923,0.0,outlook.co,0,1
henrique.leite@gmx.com,1,22,14,0,1,0,0,0.714,0.929,0.0,gmx.com,0,1
rodrigo303.jr@gmail.com,1,23,13,1,1,0,0,0.692,0.692,0.231,gmail.com,1,0
0162984261@mailinator.com,0,25,10,1,0,0,0,0.7,0.0,1.0,mailinator.com,0,1
giorgia-ferreira@uol.com.br,1,27,16,0,0,0,1,0.5,0.938,0.0,uol.com.br,1,0
jsantos@live.com,1,16,7,0,0,0,0,0.857,1.0,0.0,live.com,1,0
paula.vieira@live.com,1,21,12,0,1,0,0,0.75,0.917,0.0,live.com,1,0
470517@mailcatch.com,0,20,6,1,0,0,0,0.833,0.0,1.0,mailcatch.com,0,1
sofia_silva@uol.com.br,1,22,11,0,0,1,0,0.727,0.909,0.0,uol.com.br,1,0
service5811@tempmail.co,0,23,11,1,0,0,0,0.818,0.636,0.364,tempmail.co,0,1
4z7j8hwe2c7mv@randommail.xyz,0,28,13,1,0,0,0,0.923,0.615,0.385,randommail.xyz,0,1
andre_antunes@live.com,1,22,13,0,0,1,0,0.692,0.923,0.0,live.com,1,0
marcos.gomes@mailtemp.org,0,25,12,0,1,0,0,0.75,0.917,0.0,mailtemp.org,0,1
_fs1we4m@mailme.one,0,19,8,1,0,1,0,1.0,0.625,0.25,mailme.one,0,1
thiago_santos@gmx.com,1,21,13,0,0,1,0,0.692,0.923,0.0,gmx.com,0,1
ricardo.moreira@outlook.co,1,26,15,0,1,0,0,0.6,0.933,0.0,outlook.co,0,1
joao_nascimento@disposablemail.com,0,34,15,0,0,1,0,0.733,0.933,0.0,disposablemail.com,0,1
user307@mailcatch.com,0,21,7,1,0,0,0,1.0,0.571,0.429,mailcatch.com,0,1
mariana-lima@uol.com.br,1,23,12,0,0,0,1,0.583,0.917,0.0,uol.com.br,1,0
ana_ferreira@bol.com.br,1,23,12,0,0,1,0,0.583,0.917,0.0,bol.com.br,1,0
2407469910@yopmail.com,0,22,10,1,0,0,0,0.7,0.0,1.0,yopmail.com,0,1
paulao-leite@disposablemail.com,1,31,12,0,0,0,1,0.75,0.917,0.0,disposablemail.com,0,1
paulao.dias@bol.com.br,1,22,11,0,1,0,0,0.818,0.909,0.0,bol.com.br,1,0
.fh7wbx.vltysd1p@tempmail.com,0,29,16,1,2,0,0,0.938,0.75,0.125,tempmail.com,0,1
marcos.cunha@gmail.co,1,21,12,0,1,0,0,0.833,0.917,0.0,gmail.co,0,1
clara859@mailtemp.org,0,21,8,1,0,0,0,0.875,0.625,0.375,mailtemp.org,0,1
05708@mailnow.org,0,17,5,1,0,0,0,0.8,0.0,1.0,mailnow.org,0,1
roberto91@gmx.com,1,17,9,1,0,0,0,0.778,0.778,0.222,gmx.com,0,1
-dp5rz.ld@10minutemail.com,0,26,9,1,1,0,1,0.889,0.667,0.111,10minutemail.com,0,1
ifreitas@hotmail.com,1,20,8,0,0,0,0,0.875,1.0,0.0,hotmail.com,1,0
paulao-antunes@terra.com.br,1,27,14,0,0,0,1,0.714,0.929,0.0,terra.com.br,1,0
thiago.pires@outlok.com,0,23,12,0,1,0,0,0.917,0.917,0.0,outlok.com,0,1
mailuser618@trashmail.com,0,25,11,1,0,0,0,1.0,0.727,0.273,trashmail.com,0,1
carlos_leite@hotmial.com,0,24,12,0,0,1,0,0.833,0.917,0.0,hotmial.com,0,1
aline150@terra.com.br,1,21,8,1,0,0,0,1.0,0.625,0.375,terra.com.br,1,0
114943427445@guerrillamail.com,0,30,12,1,0,0,0,0.583,0.0,1.0,guerrillamail.com,0,1
gabriel.ribeiro@outlok.com,0,26,15,0,1,0,0,0.6,0.933,0.0,outlok.com,0,1
joao_leite@outlook.co,1,21,10,0,0,1,0,0.8,0.9,0.0,outlook.co,0,1
camila-vieira@outlok.com,0,24,13,0,0,0,1,0.692,0.923,0.0,outlok.com,0,1
service6554@mailme.one,0,22,11,1,0,0,0,0.818,0.636,0.364,mailme.one,0,1
roberto42@tempmail.com,1,22,9,1,0,0,0,0.778,0.778,0.222,tempmail.com,0,1
rodrigo_pereira@outlok.com,1,26,15,0,0,1,0,0.6,0.933,0.0,outlok.com,0,1
nicolas_borges@gmail.co,1,23,14,0,0,1,0,0.857,0.929,0.0,gmail.co,0,1
86649000@randommail.xyz,0,23,8,1,0,0,0,0.625,0.0,1.0,randommail.xyz,0,1
camila95@outlook.co,1,19,8,1,0,0,0,0.875,0.75,0.25,outlook.co,0,1
5991322078@mailcatch.com,0,24,10,1,0,0,0,0.8,0.0,1.0,mailcatch.com,0,1
494328164@disposablemail.com,0,28,9,1,0,0,0,0.778,0.0,1.0,disposablemail.com,0,1
service2975@randommail.xyz,0,26,11,1,0,0,0,0.909,0.636,0.364,randommail.xyz,0,1
roberto.rodrigues.jr@yahoo.com,1,30,20,0,2,0,0,0.6,0.9,0.0,yahoo.com,1,0
mariana-nascimento@uol.com.br,1,29,18,0,0,0,1,0.611,0.944,0.0,uol.com.br,1,0
mariana_rocha@disposablemail.com,1,32,13,0,0,1,0,0.692,0.923,0.0,disposablemail.com,0,1
1376707@mailinator.com,0,22,7,1,0,0,0,0.714,0.0,1.0,mailinator.com,0,1
40797267427@trashmail.com,0,25,11,1,0,0,0,0.545,0.0,1.0,trashmail.com,0,1
aline-nascimento@outlook.co,0,27,16,0,0,0,1,0.688,0.938,0.0,outlook.co,0,1
laura57@icloud.com,1,18,7,1,0,0,0,0.857,0.714,0.286,icloud.com,1,0
x64biw@tempmail.com,0,19,6,1,0,0,0,1.0,0.667,0.333,tempmail.com,0,1
giorgia@outlook.com,1,19,7,0,0,0,0,0.714,1.0,0.0,outlook.com,1,0
beatriz-souza@outlook.co,1,24,13,0,0,0,1,0.846,0.923,0.0,outlook.co,0,1
example333@10minutemail.com,0,27,10,1,0,0,0,0.7,0.7,0.3,10minutemail.com,0,1
carlos.araujo@hotmail.com,1,25,13,0,1,0,0,0.692,0.923,0.0,hotmail.com,1,0
684962125496@mailme.one,0,23,12,1,0,0,0,0.583,0.0,1.0,mailme.one,0,1
gf2fxx9xjue6ih@mailtemp.org,0,27,14,1,0,0,0,0.786,0.786,0.214,mailtemp.org,0,1
034701@trashmail.com,0,20,6,1,0,0,0,0.833,0.0,1.0,trashmail.com,0,1
henrique_moreira@bol.com.br,1,27,16,0,0,1,0,0.688,0.938,0.0,bol.com.br,1,0
user543@mailnow.org,0,19,7,1,0,0,0,1.0,0.571,0.429,mailnow.org,0,1
luana53@hotmail.com,1,19,7,1,0,0,0,0.857,0.714,0.286,hotmail.com,1,0
rodrigo@yahoo.com,1,17,7,0,0,0,0,0.714,1.0,0.0,yahoo.com,1,0
sofia.alves@uol.com.br,1,22,11,0,1,0,0,0.818,0.909,0.0,uol.com.br,1,0
giorgia.barros@tempmail.com,0,27,14,0,1,0,0,0.571,0.929,0.0,tempmail.com,0,1
nicolas@gmail.co,1,16,7,0,0,0,0,1.0,1.0,0.0,gmail.co,0,1
arsjt-or@mailinator.com,0,23,8,0,0,0,1,0.875,0.875,0.0,mailinator.com,0,1
csantos@mailtemp.org,0,20,7,0,0,0,0,0.857,1.0,0.0,mailtemp.org,0,1
paula-ferreira.jr@gmx.com,1,25,17,0,1,0,1,0.647,0.882,0.0,gmx.com,0,1
nicolas-alves@disposablemail.com,0,32,13,0,0,0,1,0.769,0.923,0.0,disposablemail.com,0,1
hgomes@hotmial.com,1,18,6,0,0,0,0,1.0,1.0,0.0,hotmial.com,0,1
aline_silva@yopmail.com,0,23,11,0,0,1,0,0.727,0.909,0.0,yopmail.com,0,1
paulao.souza@aol.com,1,20,12,0,1,0,0,0.667,0.917,0.0,aol.com,1,0
np8kaiwjwxyo@yopmail.com,0,24,12,1,0,0,0,0.917,0.917,0.083,yopmail.com,0,1
nmoura@gmail.co,1,15,6,0,0,0,0,1.0,1.0,0.0,gmail.co,0,1
6h52mj13m7pc5@disposablemail.com,0,32,13,1,0,0,0,0.846,0.462,0.538,disposablemail.com,0,1
9982810588@guerrillamail.com,0,28,10,1,0,0,0,0.6,0.0,1.0,guerrillamail.com,0,1
juliana-pereira@yaho.com,1,24,15,0,0,0,1,0.667,0.933,0.0,yaho.com,0,1
maria-silva@icloud.com,1,22,11,0,0,0,1,0.727,0.909,0.0,icloud.com,1,0
aline.assis@mailme.one,0,22,11,0,1,0,0,0.636,0.909,0.0,mailme.one,0,1
antonio-mendes@hotmial.com,1,26,14,0,0,0,1,0.714,0.929,0.0,hotmial.com,0,1
3582914@mailcatch.com,0,21,7,1,0,0,0,1.0,0.0,1.0,mailcatch.com,0,1
rribeiro@mailme.one,0,19,8,0,0,0,0,0.625,1.0,0.0,mailme.one,0,1
qd2fwxjx@randommail.xyz,0,23,8,1,0,0,0,0.875,0.875,0.125,randommail.xyz,0,1
784716329@10minutemail.com,0,26,9,1,0,0,0,0.889,0.0,1.0,10minutemail.com,0,1
paula.mendes@spammail.net,0,25,12,0,1,0,0,0.833,0.917,0.0,spammail.net,0,1
lucas@bol.com.br,1,16,5,0,0,0,0,1.0,1.0,0.0,bol.com.br,1,0
carlos82@yaho.com,0,17,8,1,0,0,0,1.0,0.75,0.25,yaho.com,0,1
aline84@outlook.com,1,19,7,1,0,0,0,1.0,0.714,0.286,outlook.com,1,0
beatriz_pires@gmaill.com,1,24,13,0,0,1,0,0.769,0.923,0.0,gmaill.com,0,1
carlos_barros.jr@terra.com.br,1,29,16,0,1,1,0,0.625,0.875,0.0,terra.com.br,1,0
clara33@hotmial.com,1,19,7,1,0,0,0,0.714,0.714,0.286,hotmial.com,0,1
example376@yopmail.com,0,22,10,1,0,0,0,0.9,0.7,0.3,yopmail.com,0,1
luana_leite@yahoo.com,1,21,11,0,0,1,0,0.727,0.909,0.0,yahoo.com,1,0
rodrigo-pereira@yopmail.com,0,27,15,0,0,0,1,0.6,0.933,0.0,yopmail.com,0,1
vltx1ppv@spammail.net,0,21,8,1,0,0,0,0.75,0.875,0.125,spammail.net,0,1
juliana_martins@protonmail.com,1,30,15,0,0,1,0,0.733,0.933,0.0,protonmail.com,1,0
mateus_pereira@bol.com.br,1,25,14,0,0,1,0,0.714,0.929,0.0,bol.com.br,1,0
joao-leite@icloud.com,1,21,10,0,0,0,1,0.8,0.9,0.0,icloud.com,1,0
juliana_moreira@mailnow.org,1,27,15,0,0,1,0,0.733,0.933,0.0,mailnow.org,0,1
sofia_silva@live.com,1,20,11,0,0,1,0,0.727,0.909,0.0,live.com,1,0
95g2-d4-_1f@mailinator.com,0,26,11,1,0,1,2,0.909,0.273,0.455,mailinator.com,0,1
luana.silva@mailinator.com,0,26,11,0,1,0,0,0.727,0.909,0.0,mailinator.com,0,1
roberto@outlok.com,1,18,7,0,0,0,0,0.714,1.0,0.0,outlok.com,0,1
833670@spammail.net,0,19,6,1,0,0,0,0.833,0.0,1.0,spammail.net,0,1
mmoura@gmaill.com,1,17,6,0,0,0,0,0.833,1.0,0.0,gmaill.com,0,1
eduardo394@outlook.com,1,22,10,1,0,0,0,0.9,0.7,0.3,outlook.com,1,0
sandra_mendes@disposablemail.com,0,32,13,0,0,1,0,0.615,0.923,0.0,disposablemail.com,0,1
carlos324@fake-mail.net,0,23,9,1,0,0,0,1.0,0.667,0.333,fake-mail.net,0,1
gmendes@hotmail.com,1,19,7,0,0,0,0,0.857,1.0,0.0,hotmail.com,1,0
bruno26@aol.com,1,15,7,1,0,0,0,1.0,0.714,0.286,aol.com,1,0
gmoura@protonmail.com,1,21,6,0,0,0,0,1.0,1.0,0.0,protonmail.com,1,0
aline@gmail.com,1,15,5,0,0,0,0,1.0,1.0,0.0,gmail.com,1,0
nicolas.nascimento@outlook.co,1,29,18,0,1,0,0,0.611,0.944,0.0,outlook.co,0,1
fernando_borges.jr@outlook.com,1,30,18,0,1,1,0,0.722,0.889,0.0,outlook.com,1,0
9667460941@mailtemp.org,0,23,10,1,0,0,0,0.6,0.0,1.0,mailtemp.org,0,1
marcos-martins@outlook.co,0,25,14,0,0,0,1,0.714,0.929,0.0,outlook.co,0,1
77856@10minutemail.com,0,22,5,1,0,0,0,0.8,0.0,1.0,10minutemail.com,0,1
clara@terra.com.br,1,18,5,0,0,0,0,0.8,1.0,0.0,terra.com.br,1,0
amoura@gmail.co,1,15,6,0,0,0,0,0.833,1.0,0.0,gmail.co,0,1
camila.martins@tempmail.co,1,26,14,0,1,0,0,0.714,0.929,0.0,tempmail.co,0,1
felipe.costa@guerrillamail.com,0,30,12,0,1,0,0,0.917,0.917,0.0,guerrillamail.com,0,1
laura@yopmail.com,0,17,5,0,0,0,0,0.8,1.0,0.0,yopmail.com,0,1
rafael730@outlok.com,1,20,9,1,0,0,0,0.889,0.667,0.333,outlok.com,0,1
lucas@yopmail.com,0,17,5,0,0,0,0,1.0,1.0,0.0,yopmail.com,0,1
bruno_vieira@hotmial.com,1,24,12,0,0,1,0,0.833,0.917,0.0,hotmial.com,0,1
mariana-leite@gmail.com,1,23,13,0,0,0,1,0.692,0.923,0.0,gmail.com,1,0
7532591873@fake-mail.net,0,24,10,1,0,0,0,0.7,0.0,1.0,fake-mail.net,0,1
5ezkjs7mq@tempmail.co,0,21,9,1,0,0,0,1.0,0.778,0.222,tempmail.co,0,1
luana.jr@gmx.com,0,16,8,0,1,0,0,0.875,0.875,0.0,gmx.com,0,1
3205906@10minutemail.com,0,24,7,1,0,0,0,0.857,0.0,1.0,10minutemail.com,0,1
aline395@trashmail.com,0,22,8,1,0,0,0,1.0,0.625,0.375,trashmail.com,0,1
mnascimento@yahoo.com,1,21,11,0,0,0,0,0.818,1.0,0.0,yahoo.com,1,0
41942961@randommail.xyz,0,23,8,1,0,0,0,0.625,0.0,1.0,randommail.xyz,0,1
mateus.rocha@gmail.co,1,21,12,0,1,0,0,0.917,0.917,0.0,gmail.co,0,1
paula972@outlook.co,1,19,8,1,0,0,0,0.875,0.625,0.375,outlook.co,0,1
paula.ribeiro@gmaill.com,1,24,13,0,1,0,0,0.769,0.923,0.0,gmaill.com,0,1
isabela_antunes.jr@10minutemail.com,1,35,18,0,1,1,0,0.722,0.889,0.0,10minutemail.com,0,1
r6zebcvf6fovk@guerrillamail.com,0,31,13,1,0,0,0,0.769,0.846,0.154,guerrillamail.com,0,1
pborges@outlok.com,1,18,7,0,0,0,0,1.0,1.0,0.0,outlok.com,0,1
753589268634@mailnow.org,0,24,12,1,0,0,0,0.667,0.0,1.0,mailnow.org,0,1
vitoria.souza@guerrillamail.com,1,31,13,0,1,0,0,0.769,0.923,0.0,guerrillamail.com,0,1
gabriel-alves.x@spammail.net,0,28,15,0,1,0,1,0.8,0.867,0.0,spammail.net,0,1
mailuser889@mailinator.com,0,26,11,1,0,0,0,0.909,0.727,0.273,mailinator.com,0,1
example841@tempmail.com,0,23,10,1,0,0,0,0.9,0.7,0.3,tempmail.com,0,1
879809478@mailtemp.org,0,22,9,1,0,0,0,0.556,0.0,1.0,mailtemp.org,0,1
fernando-gomes@randommail.xyz,0,29,14,0,0,0,1,0.786,0.929,0.0,randommail.xyz,0,1
paula36.x@gmail.co,1,18,9,1,1,0,0,0.889,0.667,0.222,gmail.co,0,1
vitoria.silva@protonmail.com,1,28,13,0,1,0,0,0.692,0.923,0.0,protonmail.com,1,0
ana12@hotmail.com,1,17,5,1,0,0,0,0.8,0.6,0.4,hotmail.com,1,0
example207@tempmail.co,0,22,10,1,0,0,0,0.9,0.7,0.3,tempmail.co,0,1
80701474@mailme.one,0,19,8,1,0,0,0,0.625,0.0,1.0,mailme.one,0,1
marcos-araujo@outlook.co,0,24,13,0,0,0,1,0.692,0.923,0.0,outlook.co,0,1
08022179@mailinator.com,0,23,8,1,0,0,0,0.75,0.0,1.0,mailinator.com,0,1
fsp8ybzm4y@randommail.xyz,0,25,10,1,0,0,0,0.9,0.8,0.2,randommail.xyz,0,1
luana@10minutemail.com,0,22,5,0,0,0,0,0.8,1.0,0.0,10minutemail.com,0,1
725650045@tempmail.co,0,21,9,1,0,0,0,0.667,0.0,1.0,tempmail.co,0,1
aline_carvalho@bol.com.br,1,25,14,0,0,1,0,0.786,0.929,0.0,bol.com.br,1,0
felipe.barros.x@yaho.com,1,24,15,0,2,0,0,0.8,0.867,0.0,yaho.com,0,1
rodrigo_souza@randommail.xyz,0,28,13,0,0,1,0,0.769,0.923,0.0,randommail.xyz,0,1
lucas-pereira@tempmail.com,1,26,13,0,0,0,1,0.769,0.923,0.0,tempmail.com,0,1
joao.pires@bol.com.br,1,21,10,0,1,0,0,0.9,0.9,0.0,bol.com.br,1,0
ana-ferreira@disposablemail.com,1,31,12,0,0,0,1,0.583,0.917,0.0,disposablemail.com,0,1
tpseywr7oxnw@tempmail.co,0,24,12,1,0,0,0,0.917,0.917,0.083,tempmail.co,0,1
sofia658@icloud.com,1,19,8,1,0,0,0,1.0,0.625,0.375,icloud.com,1,0
isabela_rodrigues@tempmail.co,0,29,17,0,0,1,0,0.706,0.941,0.0,tempmail.co,0,1
paula@outlook.com,1,17,5,0,0,0,0,0.8,1.0,0.0,outlook.com,1,0
andre@trashmail.com,0,19,5,0,0,0,0,1.0,1.0,0.0,trashmail.com,0,1
mateus-nascimento@hotmail.com,1,29,17,0,0,0,1,0.647,0.941,0.0,hotmail.com,1,0
aassis@mailinator.com,0,21,6,0,0,0,0,0.5,1.0,0.0,mailinator.com,0,1
57525028657@mailnow.org,0,23,11,1,0,0,0,0.545,0.0,1.0,mailnow.org,0,1
fernando1@mailinator.com,1,24,9,1,0,0,0,0.889,0.889,0.111,mailinator.com,0,1
aantunes@yaho.com,1,17,8,0,0,0,0,0.75,1.0,0.0,yaho.com,0,1
gabriel.nascimento@hotmial.com,1,30,18,0,1,0,0,0.778,0.944,0.0,hotmial.com,0,1
beatriz-cunha@spammail.net,0,26,13,0,0,0,1,0.923,0.923,0.0,spammail.net,0,1
21ihyaukl@trashmail.com,0,23,9,1,0,0,0,1.0,0.778,0.222,trashmail.com,0,1
6roczq1fzx@spammail.net,0,23,10,1,0,0,0,0.9,0.8,0.2,spammail.net,0,1
debora-borges@mailtemp.org,0,26,13,0,0,0,1,0.692,0.923,0.0,mailtemp.org,0,1
henrique-mendes@outlook.com,1,27,15,0,0,0,1,0.733,0.933,0.0,outlook.com,1,0
beatriz755@yaho.com,1,19,10,1,0,0,0,0.9,0.7,0.3,yaho.com,0,1
fernando-pereira@yahoo.com,1,26,16,0,0,0,1,0.625,0.938,0.0,yahoo.com,1,0
v1kgvxlobiclw2@yopmail.com,0,26,14,1,0,0,0,0.857,0.857,0.143,yopmail.com,0,1
aline43@mailcatch.com,0,21,7,1,0,0,0,1.0,0.714,0.286,mailcatch.com,0,1
fernando-vieira@yahoo.com,1,25,15,0,0,0,1,0.667,0.933,0.0,yahoo.com,1,0
vua1s040s9ob@mailcatch.com,0,26,12,1,0,0,0,0.833,0.583,0.417,mailcatch.com,0,1
maria82@mailnow.org,0,19,7,1,0,0,0,0.857,0.714,0.286,mailnow.org,0,1
thiago16.x@gmaill.com,0,21,10,1,1,0,0,1.0,0.7,0.2,gmaill.com,0,1
rodrigo16@gmaill.com,0,20,9,1,0,0,0,0.778,0.778,0.222,gmaill.com,0,1
paula12@fake-mail.net,0,21,7,1,0,0,0,0.857,0.714,0.286,fake-mail.net,0,1
felipe_lima@protonmail.com,1,26,11,0,0,1,0,0.727,0.909,0.0,protonmail.com,1,0
19070964088@trashmail.com,0,25,11,1,0,0,0,0.636,0.0,1.0,trashmail.com,0,1
q3q5pcnil8472q@10minutemail.com,0,31,14,1,0,0,0,0.857,0.571,0.429,10minutemail.com,0,1
henrique64@live.com,1,19,10,1,0,0,0,0.9,0.8,0.2,live.com,1,0
laura_santos@live.com,1,21,12,0,0,1,0,0.75,0.917,0.0,live.com,1,0
eduardo-assis@mailtemp.org,0,26,13,0,0,0,1,0.692,0.923,0.0,mailtemp.org,0,1
gustavo@uol.com.br,1,18,7,0,0,0,0,1.0,1.0,0.0,uol.com.br,1,0
abc157@tempmail.co,0,18,6,1,0,0,0,1.0,0.5,0.5,tempmail.co,0,1
antonio-cunha@yaho.com,1,22,13,0,0,0,1,0.692,0.923,0.0,yaho.com,0,1
laura-moura@gmail.co,0,20,11,0,0,0,1,0.636,0.909,0.0,gmail.co,0,1
jaraujo@gmail.co,1,16,7,0,0,0,0,0.714,1.0,0.0,gmail.co,0,1
mariana25@10minutemail.com,0,26,9,1,0,0,0,0.778,0.778,0.222,10minutemail.com,0,1
beatriz-silva@outlok.com,1,24,13,0,0,0,1,0.846,0.923,0.0,outlok.com,0,1
user847@spammail.net,0,20,7,1,0,0,0,1.0,0.571,0.429,spammail.net,0,1
3d3zb28mcl@mailme.one,0,21,10,1,0,0,0,0.9,0.6,0.4,mailme.one,0,1
6088180@mailnow.org,0,19,7,1,0,0,0,0.571,0.0,1.0,mailnow.org,0,1
rafael-silva@outlook.co,1,23,12,0,0,0,1,0.75,0.917,0.0,outlook.co,0,1
pedro12@hotmail.com,1,19,7,1,0,0,0,1.0,0.714,0.286,hotmail.com,1,0
luana_pereira@gmail.co,1,22,13,0,0,1,0,0.692,0.923,0.0,gmail.co,0,1
roberto810@terra.com.br,1,23,10,1,0,0,0,0.8,0.7,0.3,terra.com.br,1,0
411728@tempmail.com,0,19,6,1,0,0,0,0.833,0.0,1.0,tempmail.com,0,1
lucas-rodrigues@live.com,1,24,15,0,0,0,1,0.8,0.933,0.0,live.com,1,0
fernando_antunes@hotmial.com,1,28,16,0,0,1,0,0.688,0.938,0.0,hotmial.com,0,1
eduardo-carvalho@yaho.com,0,25,16,0,0,0,1,0.688,0.938,0.0,yaho.com,0,1
emoreira@bol.com.br,1,19,8,0,0,0,0,0.75,1.0,0.0,bol.com.br,1,0
laura16@gmail.co,0,16,7,1,0,0,0,0.857,0.714,0.286,gmail.co,0,1
126304916395@trashmail.com,0,26,12,1,0,0,0,0.667,0.0,1.0,trashmail.com,0,1
clara1@gmaill.com,1,17,6,1,0,0,0,0.833,0.833,0.167,gmaill.com,0,1
contact8267@tempmail.com,0,24,11,1,0,0,0,0.818,0.636,0.364,tempmail.com,0,1
isabela42@hotmail.com,1,21,9,1,0,0,0,0.889,0.778,0.222,hotmail.com,1,0
613144600@guerrillamail.com,0,27,9,1,0,0,0,0.556,0.0,1.0,guerrillamail.com,0,1
sp5ooa9c@trashmail.com,0,22,8,1,0,0,0,0.875,0.75,0.25,trashmail.com,0,1
roberto-assis@hotmail.com,1,25,13,0,0,0,1,0.692,0.923,0.0,hotmail.com,1,0
luana_santos@hotmial.com,1,24,12,0,0,1,0,0.667,0.917,0.0,hotmial.com,0,1
9208251339@mailcatch.com,0,24,10,1,0,0,0,0.7,0.0,1.0,mailcatch.com,0,1
pedro-lima.jr@gmx.com,1,21,13,0,1,0,1,0.923,0.846,0.0,gmx.com,0,1
joao@icloud.com,1,15,4,0,0,0,0,0.75,1.0,0.0,icloud.com,1,0
aline.carvalho.x@gmail.com,1,26,16,0,2,0,0,0.75,0.875,0.0,gmail.com,1,0
thiago@yahoo.com,1,16,6,0,0,0,0,1.0,1.0,0.0,yahoo.com,1,0
paula@gmx.com,1,13,5,0,0,0,0,0.8,1.0,0.0,gmx.com,0,1
luana221@gmaill.com,1,19,8,1,0,0,0,0.75,0.625,0.375,gmaill.com,0,1
ricardo.barros@mailnow.org,0,26,14,0,1,0,0,0.643,0.929,0.0,mailnow.org,0,1
paulao_araujo@mailtemp.org,0,26,13,0,0,1,0,0.615,0.923,0.0,mailtemp.org,0,1
688843@mailinator.com,0,21,6,1,0,0,0,0.667,0.0,1.0,mailinator.com,0,1
gl_rjtjrt2v2.@10minutemail.com,0,30,13,1,1,1,0,0.692,0.692,0.154,10minutemail.com,0,1
lucas@spammail.net,0,18,5,0,0,0,0,1.0,1.0,0.0,spammail.net,0,1
gustavo.nascimento@gmx.com,1,26,18,0,1,0,0,0.722,0.944,0.0,gmx.com,0,1
mailuser394@fake-mail.net,0,25,11,1,0,0,0,1.0,0.727,0.273,fake-mail.net,0,1
bruno_alves@outlook.com,1,23,11,0,0,1,0,1.0,0.909,0.0,outlook.com,1,0
rodrigo67@gmaill.com,0,20,9,1,0,0,0,0.778,0.778,0.222,gmaill.com,0,1
14291534@mailtemp.org,0,21,8,1,0,0,0,0.75,0.0,1.0,mailtemp.org,0,1
mribeiro@yaho.com,1,17,8,0,0,0,0,0.75,1.0,0.0,yaho.com,0,1
juliana_rocha@icloud.com,1,24,13,0,0,1,0,0.846,0.923,0.0,icloud.com,1,0
18n.1nz2z@tempmail.com,0,22,9,1,1,0,0,0.667,0.444,0.444,tempmail.com,0,1
99864376@spammail.net,0,21,8,1,0,0,0,0.75,0.0,1.0,spammail.net,0,1
qg6tuq54x1i548@trashmail.com,0,28,14,1,0,0,0,0.786,0.5,0.5,trashmail.com,0,1
232791916348@disposablemail.com,0,31,12,1,0,0,0,0.667,0.0,1.0,disposablemail.com,0,1
clara_martins@mailtemp.org,0,26,13,0,0,1,0,0.769,0.923,0.0,mailtemp.org,0,1
mariana.souza@mailcatch.com,0,27,13,0,1,0,0,0.769,0.923,0.0,mailcatch.com,0,1
nicolas-nascimento@gmail.com,1,28,18,0,0,0,1,0.611,0.944,0.0,gmail.com,1,0
yk3fdj2qsvl@tempmail.co,0,23,11,1,0,0,0,1.0,0.818,0.182,tempmail.co,0,1
acarvalho@mailtemp.org,0,22,9,0,0,0,0,0.778,1.0,0.0,mailtemp.org,0,1
958733641@yopmail.com,0,21,9,1,0,0,0,0.889,0.0,1.0,yopmail.com,0,1
antonio_mendes@yopmail.com,0,26,14,0,0,1,0,0.714,0.929,0.0,yopmail.com,0,1
support9297@randommail.xyz,0,26,11,1,0,0,0,0.818,0.636,0.364,randommail.xyz,0,1
mateus_cunha.x@gmx.com,1,22,14,0,1,1,0,0.857,0.857,0.0,gmx.com,0,1
cribeiro@yahoo.com,1,18,8,0,0,0,0,0.75,1.0,0.0,yahoo.com,1,0
maria_moreira@bol.com.br,1,24,13,0,0,1,0,0.538,0.923,0.0,bol.com.br,1,0
prodrigues@hotmial.com,1,22,10,0,0,0,0,0.9,1.0,0.0,hotmial.com,0,1
rafael-lima@icloud.com,1,22,11,0,0,0,1,0.727,0.909,0.0,icloud.com,1,0
gustavo77@hotmail.com,1,21,9,1,0,0,0,0.889,0.778,0.222,hotmail.com,1,0
aline852@mailinator.com,1,23,8,1,0,0,0,1.0,0.625,0.375,mailinator.com,0,1
test721@trashmail.com,0,21,7,1,0,0,0,0.857,0.571,0.429,trashmail.com,0,1
rodrigo76@yaho.com,0,18,9,1,0,0,0,0.778,0.778,0.222,yaho.com,0,1
spereira@outlook.co,1,19,8,0,0,0,0,0.75,1.0,0.0,outlook.co,0,1
laura-araujo@trashmail.com,1,26,12,0,0,0,1,0.583,0.917,0.0,trashmail.com,0,1
000115050@trashmail.com,0,23,9,1,0,0,0,0.333,0.0,1.0,trashmail.com,0,1
thiago.rodrigues@mailme.one,0,27,16,0,1,0,0,0.75,0.938,0.0,mailme.one,0,1
tcunha@hotmial.com,0,18,6,0,0,0,0,1.0,1.0,0.0,hotmial.com,0,1
gustavo-assis@yaho.com,0,22,13,0,0,0,1,0.692,0.923,0.0,yaho.com,0,1
luana89@yaho.com,0,16,7,1,0,0,0,0.857,0.714,0.286,yaho.com,0,1
gghohs5@tempmail.com,0,20,7,1,0,0,0,0.714,0.857,0.143,tempmail.com,0,1
user777@mailtemp.org,0,20,7,1,0,0,0,0.714,0.571,0.429,mailtemp.org,0,1
8265087@tempmail.com,0,20,7,1,0,0,0,0.857,0.0,1.0,tempmail.com,0,1
maria-martins@gmail.com,1,23,13,0,0,0,1,0.615,0.923,0.0,gmail.com,1,0
joao.moreira@hotmial.com,1,24,12,0,1,0,0,0.667,0.917,0.0,hotmial.com,0,1
sandra-alves@bol.com.br,1,23,12,0,0,0,1,0.75,0.917,0.0,bol.com.br,1,0
roberto@mailinator.com,0,22,7,0,0,0,0,0.714,1.0,0.0,mailinator.com,0,1
djis318a1mz@yopmail.com,0,23,11,1,0,0,0,0.909,0.636,0.364,yopmail.com,0,1
grodrigues@bol.com.br,1,21,10,0,0,0,0,0.8,1.0,0.0,bol.com.br,1,0
pht102f2ld524@mailinator.com,0,28,13,1,0,0,0,0.846,0.462,0.538,mailinator.com,0,1
fvieira@randommail.xyz,0,22,7,0,0,0,0,0.857,1.0,0.0,randommail.xyz,0,1
5950125118@guerrillamail.com,0,28,10,1,0,0,0,0.6,0.0,1.0,guerrillamail.com,0,1
debora.barros@gmail.co,1,22,13,0,1,0,0,0.615,0.923,0.0,gmail.co,0,1
pedro-borges@yopmail.com,1,24,12,0,0,0,1,0.75,0.917,0.0,yopmail.com,0,1
antonio_souza@hotmial.com,1,25,13,0,0,1,0,0.692,0.923,0.0,hotmial.com,0,1
lucas.lima@protonmail.com,1,25,10,0,1,0,0,0.8,0.9,0.0,protonmail.com,1,0
nrodrigues@yahoo.com,1,20,10,0,0,0,0,0.9,1.0,0.0,yahoo.com,1,0
569581@fake-mail.net,0,20,6,1,0,0,0,0.833,0.0,1.0,fake-mail.net,0,1
paula_araujo@trashmail.com,0,26,12,0,0,1,0,0.667,0.917,0.0,trashmail.com,0,1
luana.gomes@protonmail.com,1,26,11,0,1,0,0,0.909,0.909,0.0,protonmail.com,1,0
60245568@10minutemail.com,0,25,8,1,0,0,0,0.75,0.0,1.0,10minutemail.com,0,1
mateus_dias@aol.com,1,19,11,0,0,1,0,0.818,0.909,0.0,aol.com,1,0
lucas.ferreira@yaho.com,0,23,14,0,1,0,0,0.714,0.929,0.0,yaho.com,0,1
nicolas@tempmail.co,1,19,7,0,0,0,0,1.0,1.0,0.0,tempmail.co,0,1
krkioi4l8@10minutemail.com,0,26,9,1,0,0,0,0.778,0.778,0.222,10minutemail.com,0,1
help7228@tempmail.co,0,20,8,1,0,0,0,0.875,0.5,0.5,tempmail.co,0,1
343436@mailtemp.org,0,19,6,1,0,0,0,0.5,0.0,1.0,mailtemp.org,0,1
sofia.ferreira@fake-mail.net,0,28,14,0,1,0,0,0.571,0.929,0.0,fake-mail.net,0,1
fn-sqeov2gi5vo@tempmail.co,0,26,14,1,0,0,1,0.857,0.786,0.143,tempmail.co,0,1
isabela_ferreira.x@gmail.co,0,27,18,0,1,1,0,0.611,0.889,0.0,gmail.co,0,1
ana62@outlook.com,1,17,5,1,0,0,0,0.8,0.6,0.4,outlook.com,1,0
67534377@mailinator.com,0,23,8,1,0,0,0,0.625,0.0,1.0,mailinator.com,0,1
on9szj2rq@mailcatch.com,0,23,9,1,0,0,0,1.0,0.778,0.222,mailcatch.com,0,1
goliveira.jr@gmail.com,1,22,12,0,1,0,0,0.833,0.917,0.0,gmail.com,1,0
thiago.dias@outlok.com,1,22,11,0,1,0,0,0.818,0.909,0.0,outlok.com,0,1
rafael_pereira@gmaill.com,1,25,14,0,0,1,0,0.571,0.929,0.0,gmaill.com,0,1
carlos703@aol.com,1,17,9,1,0,0,0,1.0,0.667,0.333,aol.com,1,0
joao_barros@hotmail.com,1,23,11,0,0,1,0,0.636,0.909,0.0,hotmail.com,1,0
felipe_alves@gmx.com,1,20,12,0,0,1,0,0.75,0.917,0.0,gmx.com,0,1
help1089@randommail.xyz,0,23,8,1,0,0,0,1.0,0.5,0.5,randommail.xyz,0,1
13688691@spammail.net,0,21,8,1,0,0,0,0.625,0.0,1.0,spammail.net,0,1
felipe.antunes@icloud.com,1,25,14,0,1,0,0,0.786,0.929,0.0,icloud.com,1,0
4967141357@mailcatch.com,0,24,10,1,0,0,0,0.7,0.0,1.0,mailcatch.com,0,1
thiago_rocha@live.com,1,21,12,0,0,1,0,0.75,0.917,0.0,live.com,1,0
nicolas36@spammail.net,1,22,9,1,0,0,0,1.0,0.778,0.222,spammail.net,0,1
sfreitas@yahoo.com,1,18,8,0,0,0,0,0.875,1.0,0.0,yahoo.com,1,0
rodrigo.freitas@gmx.com,1,23,15,0,1,0,0,0.733,0.933,0.0,gmx.com,0,1
8143961@10minutemail.com,0,24,7,1,0,0,0,0.857,0.0,1.0,10minutemail.com,0,1
rafael475@live.com,1,18,9,1,0,0,0,0.889,0.667,0.333,live.com,1,0
ricardo@hotmial.com,1,19,7,0,0,0,0,0.857,1.0,0.0,hotmial.com,0,1
fernando.vieira@yaho.com,0,24,15,0,1,0,0,0.667,0.933,0.0,yaho.com,0,1
37572611981@yopmail.com,0,23,11,1,0,0,0,0.727,0.0,1.0,yopmail.com,0,1
u0332w04nxv50o@mailtemp.org,0,27,14,1,0,0,0,0.786,0.429,0.571,mailtemp.org,0,1
eduardo@gmail.co,1,16,7,0,0,0,0,0.857,1.0,0.0,gmail.co,0,1
rafael_rocha@gmail.com,1,22,12,0,0,1,0,0.75,0.917,0.0,gmail.com,1,0
46184855455@mailtemp.org,0,24,11,1,0,0,0,0.455,0.0,1.0,mailtemp.org,0,1
mateus@outlook.co,1,17,6,0,0,0,0,1.0,1.0,0.0,outlook.co,0,1
beatriz@icloud.com,1,18,7,0,0,0,0,1.0,1.0,0.0,icloud.com,1,0
5520523073@tempmail.com,0,23,10,1,0,0,0,0.5,0.0,1.0,tempmail.com,0,1
28101@mailinator.com,0,20,5,1,0,0,0,0.8,0.0,1.0,mailinator.com,0,1
vleite@outlok.com,1,17,6,0,0,0,0,0.833,1.0,0.0,outlok.com,0,1
thiago-costa@yaho.com,1,21,12,0,0,0,1,0.75,0.917,0.0,yaho.com,0,1
camila58@mailnow.org,1,20,8,1,0,0,0,0.875,0.75,0.25,mailnow.org,0,1
5_zoq2cw9@10minutemail.com,0,26,9,1,0,1,0,1.0,0.556,0.333,10minutemail.com,0,1
6051192438@spammail.net,0,23,10,1,0,0,0,0.9,0.0,1.0,spammail.net,0,1
abc741@spammail.net,0,19,6,1,0,0,0,1.0,0.5,0.5,spammail.net,0,1
704008@mailnow.org,0,18,6,1,0,0,0,0.667,0.0,1.0,mailnow.org,0,1
felipe.martins@live.com,1,23,14,0,1,0,0,0.857,0.929,0.0,live.com,1,0
rafael442@tempmail.co,0,21,9,1,0,0,0,0.778,0.667,0.333,tempmail.co,0,1
175484@trashmail.com,0,20,6,1,0,0,0,0.833,0.0,1.0,trashmail.com,0,1
lucas.dias@gmail.com,1,20,10,0,1,0,0,0.8,0.9,0.0,gmail.com,1,0
8574278416@mailcatch.com,0,24,10,1,0,0,0,0.7,0.0,1.0,mailcatch.com,0,1
mateus-alves@yaho.com,1,21,12,0,0,0,1,0.75,0.917,0.0,yaho.com,0,1
712726@mailcatch.com,0,20,6,1,0,0,0,0.667,0.0,1.0,mailcatch.com,0,1
gabriel93@protonmail.com,1,24,9,1,0,0,0,1.0,0.778,0.222,protonmail.com,1,0
mcunha@outlook.com,1,18,6,0,0,0,0,1.0,1.0,0.0,outlook.com,1,0
luana.leite@gmail.co,0,20,11,0,1,0,0,0.727,0.909,0.0,gmail.co,0,1
yhfe5wmd@yopmail.com,0,20,8,1,0,0,0,1.0,0.875,0.125,yopmail.com,0,1
ricardo_assis@gmx.com,1,21,13,0,0,1,0,0.615,0.923,0.0,gmx.com,0,1
marcos685@10minutemail.com,0,26,9,1,0,0,0,1.0,0.667,0.333,10minutemail.com,0,1
gcarvalho@gmaill.com,1,20,9,0,0,0,0,0.889,1.0,0.0,gmaill.com,0,1
isantos@hotmial.com,1,19,7,0,0,0,0,0.857,1.0,0.0,hotmial.com,0,1
dferreira@bol.com.br,1,20,9,0,0,0,0,0.667,1.0,0.0,bol.com.br,1,0
aline47@spammail.net,0,20,7,1,0,0,0,1.0,0.714,0.286,spammail.net,0,1
roberto.jr@aol.com,1,18,10,0,1,0,0,0.7,0.9,0.0,aol.com,1,0
debora-moreira@mailcatch.com,0,28,14,0,0,0,1,0.643,0.929,0.0,mailcatch.com,0,1
trodrigues@hotmail.com,1,22,10,0,0,0,0,0.9,1.0,0.0,hotmail.com,1,0
556517024@guerrillamail.com,0,27,9,1,0,0,0,0.778,0.0,1.0,guerrillamail.com,0,1
82cudld5cxbb@tempmail.co,0,24,12,1,0,0,0,0.75,0.75,0.25,tempmail.co,0,1
rodrigo.souza@guerrillamail.com,1,31,13,0,1,0,0,0.769,0.923,0.0,guerrillamail.com,0,1
rgomes@outlok.com,0,17,6,0,0,0,0,1.0,1.0,0.0,outlok.com,0,1
eduardo_ribeiro@gmail.co,1,24,15,0,0,1,0,0.6,0.933,0.0,gmail.co,0,1
rafael@randommail.xyz,0,21,6,0,0,0,0,0.833,1.0,0.0,randommail.xyz,0,1
54098639671@yopmail.com,0,23,11,1,0,0,0,0.818,0.0,1.0,yopmail.com,0,1
4148772@trashmail.com,0,21,7,1,0,0,0,0.714,0.0,1.0,trashmail.com,0,1
33vp2bphcc3w-8@randommail.xyz,0,29,14,1,0,0,1,0.714,0.571,0.357,randommail.xyz,0,1
service5376@guerrillamail.com,0,29,11,1,0,0,0,0.909,0.636,0.364,guerrillamail.com,0,1
clara409@mailme.one,0,19,8,1,0,0,0,0.875,0.625,0.375,mailme.one,0,1
85606936966@tempmail.co,0,23,11,1,0,0,0,0.545,0.0,1.0,tempmail.co,0,1
22581@disposablemail.com,0,24,5,1,0,0,0,0.8,0.0,1.0,disposablemail.com,0,1
csouza@icloud.com,1,17,6,0,0,0,0,1.0,1.0,0.0,icloud.com,1,0
giorgia_santos@gmaill.com,1,25,14,0,0,1,0,0.643,0.929,0.0,gmaill.com,0,1
h57ddm6j9l@fake-mail.net,0,24,10,1,0,0,0,0.9,0.6,0.4,fake-mail.net,0,1
5585630105@mailme.one,0,21,10,1,0,0,0,0.6,0.0,1.0,mailme.one,0,1
rafael.oliveira@outlook.com,1,27,15,0,1,0,0,0.6,0.933,0.0,outlook.com,1,0
henrique125@terra.com.br,1,24,11,1,0,0,0,0.909,0.727,0.273,terra.com.br,1,0
aline.leite@hotmail.com,1,23,11,0,1,0,0,0.636,0.909,0.0,hotmail.com,1,0
carlos_costa@outlook.co,0,23,12,0,0,1,0,0.667,0.917,0.0,outlook.co,0,1
4ehthu@tempmail.com,0,19,6,1,0,0,0,0.833,0.833,0.167,tempmail.com,0,1
901582@10minutemail.com,0,23,6,1,0,0,0,1.0,0.0,1.0,10minutemail.com,0,1
rafael_silva@yahoo.com,1,22,12,0,0,1,0,0.75,0.917,0.0,yahoo.com,1,0
marcos717@spammail.net,0,22,9,1,0,0,0,0.889,0.667,0.333,spammail.net,0,1
paula33@aol.com,1,15,7,1,0,0,0,0.714,0.714,0.286,aol.com,1,0
mariana.ferreira@hotmial.com,0,28,16,0,1,0,0,0.5,0.938,0.0,hotmial.com,0,1
i7k8ev@mailtemp.org,0,19,6,1,0,0,0,1.0,0.667,0.333,mailtemp.org,0,1
11204430161@mailinator.com,0,26,11,1,0,0,0,0.545,0.0,1.0,mailinator.com,0,1
lucas901@uol.com.br,1,19,8,1,0,0,0,1.0,0.625,0.375,uol.com.br,1,0
isabela-dias@hotmial.com,1,24,12,0,0,0,1,0.667,0.917,0.0,hotmial.com,0,1
paulao581@disposablemail.com,1,28,9,1,0,0,0,0.889,0.667,0.333,disposablemail.com,0,1
184869195190@disposablemail.com,0,31,12,1,0,0,0,0.583,0.0,1.0,disposablemail.com,0,1
imendes@disposablemail.com,0,26,7,0,0,0,0,0.857,1.0,0.0,disposablemail.com,0,1
lucas-moura@gmail.co,1,20,11,0,0,0,1,0.818,0.909,0.0,gmail.co,0,1
bruno13@outlook.com,1,19,7,1,0,0,0,1.0,0.714,0.286,outlook.com,1,0
thiago-oliveira@hotmail.com,1,27,15,0,0,0,1,0.733,0.933,0.0,hotmail.com,1,0
mateus37@uol.com.br,1,19,8,1,0,0,0,1.0,0.75,0.25,uol.com.br,1,0
sofia@tempmail.co,0,17,5,0,0,0,0,1.0,1.0,0.0,tempmail.co,0,1
antonio@disposablemail.com,0,26,7,0,0,0,0,0.714,1.0,0.0,disposablemail.com,0,1
rafael@protonmail.com,1,21,6,0,0,0,0,0.833,1.0,0.0,protonmail.com,1,0
antonio650@outlook.co,0,21,10,1,0,0,0,0.8,0.7,0.3,outlook.co,0,1
user869@yopmail.com,0,19,7,1,0,0,0,1.0,0.571,0.429,yopmail.com,0,1
bruno_freitas@hotmail.com,1,25,13,0,0,1,0,0.923,0.923,0.0,hotmail.com,1,0
dalves@mailnow.org,0,18,6,0,0,0,0,1.0,1.0,0.0,mailnow.org,0,1
pedro643@aol.com,1,16,8,1,0,0,0,1.0,0.625,0.375,aol.com,1,0
aline_assis@gmail.co,0,20,11,0,0,1,0,0.636,0.909,0.0,gmail.co,0,1
61560346@tempmail.co,0,20,8,1,0,0,0,0.75,0.0,1.0,tempmail.co,0,1
henrique.pires@bol.com.br,1,25,14,0,1,0,0,0.714,0.929,0.0,bol.com.br,1,0
test948@fake-mail.net,0,21,7,1,0,0,0,0.857,0.571,0.429,fake-mail.net,0,1
591519292410@mailinator.com,0,27,12,1,0,0,0,0.5,0.0,1.0,mailinator.com,0,1
andre_rodrigues@outlok.com,1,26,15,0,0,1,0,0.733,0.933,0.0,outlok.com,0,1
aline83.x@aol.com,1,17,9,1,1,0,0,1.0,0.667,0.222,aol.com,1,0
ccunha@mailtemp.org,0,19,6,0,0,0,0,0.833,1.0,0.0,mailtemp.org,0,1
385468340670@tempmail.co,0,24,12,1,0,0,0,0.583,0.0,1.0,tempmail.co,0,1
luana-cunha@icloud.com,1,22,11,0,0,0,1,0.636,0.909,0.0,icloud.com,1,0
carlos639@tempmail.co,0,21,9,1,0,0,0,1.0,0.667,0.333,tempmail.co,0,1
esantos@icloud.com,1,18,7,0,0,0,0,0.857,1.0,0.0,icloud.com,1,0
sandra-souza@gmail.co,0,21,12,0,0,0,1,0.75,0.917,0.0,gmail.co,0,1
8fmw4vch@mailnow.org,0,20,8,1,0,0,0,1.0,0.75,0.25,mailnow.org,0,1
-wijbyjvvbzuu2@mailinator.com,0,29,14,1,0,0,1,0.714,0.857,0.071,mailinator.com,0,1
rcosta@uol.com.br,1,17,6,0,0,0,0,1.0,1.0,0.0,uol.com.br,1,0
6859830635@disposablemail.com,0,29,10,1,0,0,0,0.6,0.0,1.0,disposablemail.com,0,1
cribeiro@icloud.com,1,19,8,0,0,0,0,0.75,1.0,0.0,icloud.com,1,0
aline-vieira.jr@aol.com,1,23,15,0,1,0,1,0.667,0.867,0.0,aol.com,1,0
ricardo.rocha@trashmail.com,1,27,13,0,1,0,0,0.615,0.923,0.0,trashmail.com,0,1
w.f39z47aj_teg@mailtemp.org,0,27,14,1,1,1,0,1.0,0.571,0.286,mailtemp.org,0,1
sofia_assis@gmail.co,1,20,11,0,0,1,0,0.545,0.909,0.0,gmail.co,0,1
17181666737@mailme.one,0,22,11,1,0,0,0,0.455,0.0,1.0,mailme.one,0,1
debora_mendes@gmaill.com,1,24,13,0,0,1,0,0.769,0.923,0.0,gmaill.com,0,1
test744@mailcatch.com,0,21,7,1,0,0,0,0.714,0.571,0.429,mailcatch.com,0,1
beatriz-rocha@yahoo.com,1,23,13,0,0,0,1,0.846,0.923,0.0,yahoo.com,1,0
673442@mailinator.com,0,21,6,1,0,0,0,0.833,0.0,1.0,mailinator.com,0,1
gfreitas@uol.com.br,1,19,8,0,0,0,0,1.0,1.0,0.0,uol.com.br,1,0
gustavo-freitas@bol.com.br,1,26,15,0,0,0,1,0.8,0.933,0.0,bol.com.br,1,0
mateus3@10minutemail.com,0,24,7,1,0,0,0,1.0,0.857,0.143,10minutemail.com,0,1
ux63rr@tempmail.com,0,19,6,1,0,0,0,0.833,0.667,0.333,tempmail.com,0,1
example251@guerrillamail.com,0,28,10,1,0,0,0,0.9,0.7,0.3,guerrillamail.com,0,1
097903461636@fake-mail.net,0,26,12,1,0,0,0,0.583,0.0,1.0,fake-mail.net,0,1
admin2438@tempmail.com,0,22,9,1,0,0,0,1.0,0.556,0.444,tempmail.com,0,1
lucas@gmail.com,1,15,5,0,0,0,0,1.0,1.0,0.0,gmail.com,1,0
aq4xrn0t1kk@spammail.net,0,24,11,1,0,0,0,0.909,0.727,0.273,spammail.net,0,1
contact1898@mailinator.com,0,26,11,1,0,0,0,0.727,0.636,0.364,mailinator.com,0,1
debora-ferreira@hotmail.com,1,27,15,0,0,0,1,0.6,0.933,0.0,hotmail.com,1,0
d7up5o56@mailcatch.com,0,22,8,1,0,0,0,0.875,0.5,0.5,mailcatch.com,0,1
7tpwa05b6@mailnow.org,0,21,9,1,0,0,0,1.0,0.556,0.444,mailnow.org,0,1
gsantos@gmaill.com,1,18,7,0,0,0,0,0.857,1.0,0.0,gmaill.com,0,1
d285q8cvrsv@fake-mail.net,0,25,11,1,0,0,0,0.818,0.636,0.364,fake-mail.net,0,1
010910@randommail.xyz,0,21,6,1,0,0,0,0.5,0.0,1.0,randommail.xyz,0,1
fernando.souza@hotmail.com,1,26,14,0,1,0,0,0.786,0.929,0.0,hotmail.com,1,0
giorgia67@outlook.com,1,21,9,1,0,0,0,0.778,0.778,0.222,outlook.com,1,0
csantos@tempmail.co,0,19,7,0,0,0,0,0.857,1.0,0.0,tempmail.co,0,1
example737@tempmail.co,0,22,10,1,0,0,0,0.8,0.7,0.3,tempmail.co,0,1
contact3738@disposablemail.com,0,30,11,1,0,0,0,0.727,0.636,0.364,disposablemail.com,0,1
isabela@icloud.com,1,18,7,0,0,0,0,0.857,1.0,0.0,icloud.com,1,0
andre-assis@outlok.com,1,22,11,0,0,0,1,0.727,0.909,0.0,outlok.com,0,1
camila.rodrigues.x@gmail.com,1,28,18,0,2,0,0,0.778,0.889,0.0,gmail.com,1,0
aline@outlok.com,1,16,5,0,0,0,0,1.0,1.0,0.0,outlok.com,0,1
rafael-barros@mailtemp.org,0,26,13,0,0,0,1,0.692,0.923,0.0,mailtemp.org,0,1
heskjwbu@mailme.one,0,19,8,0,0,0,0,1.0,1.0,0.0,mailme.one,0,1
roliveira@aol.com,1,17,9,0,0,0,0,0.778,1.0,0.0,aol.com,1,0
pedro_araujo@icloud.com,1,23,12,0,0,1,0,0.75,0.917,0.0,icloud.com,1,0
d9zmq77hns5@tempmail.com,0,24,11,1,0,0,0,0.909,0.636,0.364,tempmail.com,0,1
marcos_moreira@outlook.com,1,26,14,0,0,1,0,0.643,0.929,0.0,outlook.com,1,0
15338142662@tempmail.com,0,24,11,1,0,0,0,0.636,0.0,1.0,tempmail.com,0,1
andre@terra.com.br,1,18,5,0,0,0,0,1.0,1.0,0.0,terra.com.br,1,0
021829126@disposablemail.com,0,28,9,1,0,0,0,0.667,0.0,1.0,disposablemail.com,0,1
fernando142.x@outlook.co,1,24,13,1,1,0,0,0.923,0.692,0.231,outlook.co,0,1
sandra_oliveira@trashmail.com,0,29,15,0,0,1,0,0.733,0.933,0.0,trashmail.com,0,1
rafael-silva@outlook.com,1,24,12,0,0,0,1,0.75,0.917,0.0,outlook.com,1,0
1925543580@yopmail.com,0,22,10,1,0,0,0,0.8,0.0,1.0,yopmail.com,0,1
ana_martins.x@mailtemp.org,1,26,13,0,1,1,0,0.769,0.846,0.0,mailtemp.org,0,1
34220780@yopmail.com,0,20,8,1,0,0,0,0.75,0.0,1.0,yopmail.com,0,1
04173201968@randommail.xyz,0,26,11,1,0,0,0,0.818,0.0,1.0,randommail.xyz,0,1
calves@mailme.one,0,17,6,0,0,0,0,1.0,1.0,0.0,mailme.one,0,1
help6253@tempmail.com,0,21,8,1,0,0,0,1.0,0.5,0.5,tempmail.com,0,1
lrocha@outlook.com,1,18,6,0,0,0,0,1.0,1.0,0.0,outlook.com,1,0
joao.moura@gmaill.com,0,21,10,0,1,0,0,0.7,0.9,0.0,gmaill.com,0,1
oi-6gj7pkajrze@disposablemail.com,0,33,14,1,0,0,1,0.929,0.786,0.143,disposablemail.com,0,1
isabela-moreira@mailcatch.com,1,29,15,0,0,0,1,0.667,0.933,0.0,mailcatch.com,0,1
sandra@aol.com,1,14,6,0,0,0,0,0.833,1.0,0.0,aol.com,1,0
3j17kri88ku@mailcatch.com,0,25,11,1,0,0,0,0.818,0.545,0.455,mailcatch.com,0,1
maria@gmail.co,1,14,5,0,0,0,0,0.8,1.0,0.0,gmail.co,0,1
example75@mailcatch.com,0,23,9,1,0,0,0,0.889,0.778,0.222,mailcatch.com,0,1
mbarros@gmail.co,1,16,7,0,0,0,0,0.857,1.0,0.0,gmail.co,0,1
camila.araujo@live.com,1,22,13,0,1,0,0,0.769,0.923,0.0,live.com,1,0
7959488055@mailtemp.org,0,23,10,1,0,0,0,0.6,0.0,1.0,mailtemp.org,0,1
imnschlsxj@10minutemail.com,0,27,10,0,0,0,0,0.9,1.0,0.0,10minutemail.com,0,1
gustavo.nascimento@hotmial.com,1,30,18,0,1,0,0,0.722,0.944,0.0,hotmial.com,0,1
mgomes@protonmail.com,1,21,6,0,0,0,0,0.833,1.0,0.0,protonmail.com,1,0
eduardo-moura@live.com,1,22,13,0,0,0,1,0.615,0.923,0.0,live.com,1,0
vitoria@yaho.com,1,16,7,0,0,0,0,0.857,1.0,0.0,yaho.com,0,1
lribeiro@yaho.com,1,17,8,0,0,0,0,0.75,1.0,0.0,yaho.com,0,1
vqguwd@mailme.one,0,17,6,0,0,0,0,1.0,1.0,0.0,mailme.one,0,1
gustavo87@bol.com.br,1,20,9,1,0,0,0,1.0,0.778,0.222,bol.com.br,1,0
crodrigues@live.com,1,19,10,0,0,0,0,0.9,1.0,0.0,live.com,1,0
roberto516@live.com,1,19,10,1,0,0,0,0.8,0.7,0.3,live.com,1,0
404893637319@mailinator.com,0,27,12,1,0,0,0,0.667,0.0,1.0,mailinator.com,0,1
laura98@yaho.com,1,16,7,1,0,0,0,0.857,0.714,0.286,yaho.com,0,1
laura-moreira@yopmail.com,0,25,13,0,0,0,1,0.692,0.923,0.0,yopmail.com,0,1
sofia549@gmaill.com,1,19,8,1,0,0,0,1.0,0.625,0.375,gmaill.com,0,1
47548142@guerrillamail.com,0,26,8,1,0,0,0,0.75,0.0,1.0,guerrillamail.com,0,1
joao-borges@spammail.net,0,24,11,0,0,0,1,0.818,0.909,0.0,spammail.net,0,1
089rb6lb@mailtemp.org,0,21,8,1,0,0,0,0.875,0.5,0.5,mailtemp.org,0,1
fernando_freitas@outlok.com,1,27,16,0,0,1,0,0.688,0.938,0.0,outlok.com,0,1
paulao.carvalho.jr@live.com,1,27,18,0,2,0,0,0.611,0.889,0.0,live.com,1,0
sdias@spammail.net,0,18,5,0,0,0,0,0.8,1.0,0.0,spammail.net,0,1
henrique418@protonmail.com,1,26,11,1,0,0,0,0.909,0.727,0.273,protonmail.com,1,0
mariana41@aol.com,1,17,9,1,0,0,0,0.778,0.778,0.222,aol.com,1,0
w683o3fo22z@mailinator.com,0,26,11,1,0,0,0,0.727,0.455,0.545,mailinator.com,0,1
485943179974@randommail.xyz,0,27,12,1,0,0,0,0.583,0.0,1.0,randommail.xyz,0,1
aribeiro@outlook.com,1,20,8,0,0,0,0,0.75,1.0,0.0,outlook.com,1,0
test942@randommail.xyz,0,22,7,1,0,0,0,0.857,0.571,0.429,randommail.xyz,0,1
antonio@outlok.com,1,18,7,0,0,0,0,0.714,1.0,0.0,outlok.com,0,1
thiago903@gmaill.com,0,20,9,1,0,0,0,1.0,0.667,0.333,gmaill.com,0,1
rodrigo-nascimento@hotmail.com,1,30,18,0,0,0,1,0.722,0.944,0.0,hotmail.com,1,0
massis@gmx.com,1,14,6,0,0,0,0,0.667,1.0,0.0,gmx.com,0,1
sofia20@gmail.co,1,16,7,1,0,0,0,1.0,0.714,0.286,gmail.co,0,1
asilva@yaho.com,1,15,6,0,0,0,0,0.833,1.0,0.0,yaho.com,0,1
laura_moreira@icloud.com,1,24,13,0,0,1,0,0.692,0.923,0.0,icloud.com,1,0
amendes@icloud.com,1,18,7,0,0,0,0,0.857,1.0,0.0,icloud.com,1,0
camila_borges@yahoo.com,1,23,13,0,0,1,0,0.923,0.923,0.0,yahoo.com,1,0
beatriz@outlook.co,1,18,7,0,0,0,0,1.0,1.0,0.0,outlook.co,0,1
5c21o6ww@10minutemail.com,0,25,8,1,0,0,0,0.875,0.5,0.5,10minutemail.com,0,1
4178458145@randommail.xyz,0,25,10,1,0,0,0,0.5,0.0,1.0,randommail.xyz,0,1
n0ep8rf4won6f@trashmail.com,0,27,13,1,0,0,0,0.846,0.692,0.308,trashmail.com,0,1
aline.rocha@live.com,1,20,11,0,1,0,0,0.909,0.909,0.0,live.com,1,0
maria.assis@uol.com.br,1,22,11,0,1,0,0,0.545,0.909,0.0,uol.com.br,1,0
rafael-rodrigues@gmail.co,1,25,16,0,0,0,1,0.75,0.938,0.0,gmail.co,0,1
4588080@mailtemp.org,0,20,7,1,0,0,0,0.571,0.0,1.0,mailtemp.org,0,1
686294959@guerrillamail.com,0,27,9,1,0,0,0,0.667,0.0,1.0,guerrillamail.com,0,1
roberto.freitas@gmail.com,1,25,15,0,1,0,0,0.667,0.933,0.0,gmail.com,1,0
carlos-gomes@gmaill.com,0,23,12,0,0,0,1,0.833,0.917,0.0,gmaill.com,0,1
96604513639@yopmail.com,0,23,11,1,0,0,0,0.636,0.0,1.0,yopmail.com,0,1
8pvt64lsdgciaq_@mailinator.com,0,30,15,1,0,1,0,1.0,0.733,0.2,mailinator.com,0,1
pnascimento@outlok.com,1,22,11,0,0,0,0,0.909,1.0,0.0,outlok.com,0,1
clara-lima@gmaill.com,1,21,10,0,0,0,1,0.7,0.9,0.0,gmaill.com,0,1
support711@10minutemail.com,0,27,10,1,0,0,0,0.8,0.7,0.3,10minutemail.com,0,1
aline501@outlok.com,1,19,8,1,0,0,0,1.0,0.625,0.375,outlok.com,0,1
mateus.rocha@mailinator.com,1,27,12,0,1,0,0,0.917,0.917,0.0,mailinator.com,0,1
rafael.leite@yahoo.com,1,22,12,0,1,0,0,0.667,0.917,0.0,yahoo.com,1,0
260473875806@10minutemail.com,0,29,12,1,0,0,0,0.667,0.0,1.0,10minutemail.com,0,1
user62@mailnow.org,0,18,6,1,0,0,0,1.0,0.667,0.333,mailnow.org,0,1
ni747x202@fake-mail.net,0,23,9,1,0,0,0,0.778,0.333,0.667,fake-mail.net,0,1
mateus_rodrigues.jr@fake-mail.net,0,33,19,0,1,1,0,0.737,0.895,0.0,fake-mail.net,0,1
1lrxgke@trashmail.com,0,21,7,1,0,0,0,1.0,0.857,0.143,trashmail.com,0,1
garaujo@protonmail.com,1,22,7,0,0,0,0,0.857,1.0,0.0,protonmail.com,1,0
26404308378@mailinator.com,0,26,11,1,0,0,0,0.636,0.0,1.0,mailinator.com,0,1
fernando_cunha@icloud.com,1,25,14,0,0,1,0,0.786,0.929,0.0,icloud.com,1,0
luana@uol.com.br,1,16,5,0,0,0,0,0.8,1.0,0.0,uol.com.br,1,0
ldias@aol.com,1,13,5,0,0,0,0,1.0,1.0,0.0,aol.com,1,0
paulao-souza@bol.com.br,1,23,12,0,0,0,1,0.667,0.917,0.0,bol.com.br,1,0
rodrigo.lima@tempmail.com,0,25,12,0,1,0,0,0.75,0.917,0.0,tempmail.com,0,1
mariana16@outlok.com,1,20,9,1,0,0,0,0.778,0.778,0.222,outlok.com,0,1
laura_araujo@gmail.co,1,21,12,0,0,1,0,0.583,0.917,0.0,gmail.co,0,1
carlos.gomes.x@hotmial.com,1,26,14,0,2,0,0,0.786,0.857,0.0,hotmial.com,0,1
abc309@disposablemail.com,0,25,6,1,0,0,0,1.0,0.5,0.5,disposablemail.com,0,1
rafael_vieira@icloud.com,1,24,13,0,0,1,0,0.615,0.923,0.0,icloud.com,1,0
test803@tempmail.co,0,19,7,1,0,0,0,0.857,0.571,0.429,tempmail.co,0,1
isabela_cunha@gmail.co,1,22,13,0,0,1,0,0.846,0.923,0.0,gmail.co,0,1
debora.antunes@mailme.one,0,25,14,0,1,0,0,0.786,0.929,0.0,mailme.one,0,1
mailuser339@guerrillamail.com,0,29,11,1,0,0,0,0.909,0.727,0.273,guerrillamail.com,0,1
gustavo_mendes@live.com,1,23,14,0,0,1,0,0.857,0.929,0.0,live.com,1,0
maria-mendes@bol.com.br,1,23,12,0,0,0,1,0.75,0.917,0.0,bol.com.br,1,0
felipe_lima@outlook.co,1,22,11,0,0,1,0,0.727,0.909,0.0,outlook.co,0,1
96512614981@mailinator.com,0,26,11,1,0,0,0,0.636,0.0,1.0,mailinator.com,0,1
example230@yopmail.com,0,22,10,1,0,0,0,0.9,0.7,0.3,yopmail.com,0,1
rodrigo.freitas@terra.com.br,1,28,15,0,1,0,0,0.733,0.933,0.0,terra.com.br,1,0
user456@guerrillamail.com,0,25,7,1,0,0,0,1.0,0.571,0.429,guerrillamail.com,0,1
fernando41@hotmial.com,1,22,10,1,0,0,0,0.9,0.8,0.2,hotmial.com,0,1
sandra-gomes@gmaill.com,1,23,12,0,0,0,1,0.833,0.917,0.0,gmaill.com,0,1
pdias@outlok.com,1,16,5,0,0,0,0,1.0,1.0,0.0,outlok.com,0,1
lmoura@guerrillamail.com,0,24,6,0,0,0,0,1.0,1.0,0.0,guerrillamail.com,0,1
rafael_antunes@gmail.com,1,24,14,0,0,1,0,0.714,0.929,0.0,gmail.com,1,0
roberto34@disposablemail.com,0,28,9,1,0,0,0,0.778,0.778,0.222,disposablemail.com,0,1
carlos99@gmail.co,1,17,8,1,0,0,0,0.875,0.75,0.25,gmail.co,0,1
carlos.moreira@guerrillamail.com,0,32,14,0,1,0,0,0.714,0.929,0.0,guerrillamail.com,0,1
debora.carvalho@mailinator.com,1,30,15,0,1,0,0,0.733,0.933,0.0,mailinator.com,0,1
thiago-costa@gmaill.com,1,23,12,0,0,0,1,0.75,0.917,0.0,gmaill.com,0,1
ccosta@mailtemp.org,0,19,6,0,0,0,0,0.833,1.0,0.0,mailtemp.org,0,1
joao_araujo@outlook.co,0,22,11,0,0,1,0,0.545,0.909,0.0,outlook.co,0,1
gustavo827@yaho.com,1,19,10,1,0,0,0,1.0,0.7,0.3,yaho.com,0,1
vitoria@terra.com.br,1,20,7,0,0,0,0,0.857,1.0,0.0,terra.com.br,1,0
marcos-alves@gmx.com,1,20,12,0,0,0,1,0.833,0.917,0.0,gmx.com,0,1
334316@mailinator.com,0,21,6,1,0,0,0,0.667,0.0,1.0,mailinator.com,0,1
70885450111@mailme.one,0,22,11,1,0,0,0,0.545,0.0,1.0,mailme.one,0,1
609092898@mailnow.org,0,21,9,1,0,0,0,0.556,0.0,1.0,mailnow.org,0,1
user331@10minutemail.com,0,24,7,1,0,0,0,0.857,0.571,0.429,10minutemail.com,0,1
58260863462@tempmail.com,0,24,11,1,0,0,0,0.636,0.0,1.0,tempmail.com,0,1
marcos_oliveira@mailme.one,0,26,15,0,0,1,0,0.733,0.933,0.0,mailme.one,0,1
juliana-rocha@uol.com.br,1,24,13,0,0,0,1,0.846,0.923,0.0,uol.com.br,1,0
antonio@outlook.com,1,19,7,0,0,0,0,0.714,1.0,0.0,outlook.com,1,0
amendes@live.com,1,16,7,0,0,0,0,0.857,1.0,0.0,live.com,1,0
044716613355@mailnow.org,0,24,12,1,0,0,0,0.583,0.0,1.0,mailnow.org,0,1
ana.ribeiro.jr@bol.com.br,1,25,14,0,2,0,0,0.643,0.857,0.0,bol.com.br,1,0
rodrigo.oliveira@uol.com.br,1,27,16,0,1,0,0,0.625,0.938,0.0,uol.com.br,1,0
55361030014@disposablemail.com,0,30,11,1,0,0,0,0.545,0.0,1.0,disposablemail.com,0,1
camila-dias@mailnow.org,0,23,11,0,0,0,1,0.727,0.909,0.0,mailnow.org,0,1
rafael@gmail.com,1,16,6,0,0,0,0,0.833,1.0,0.0,gmail.com,1,0
grodrigues@uol.com.br,1,21,10,0,0,0,0,0.8,1.0,0.0,uol.com.br,1,0
gustavo_ferreira@outlook.com,1,28,16,0,0,1,0,0.75,0.938,0.0,outlook.com,1,0
cborges@yahoo.com,1,17,7,0,0,0,0,1.0,1.0,0.0,yahoo.com,1,0
henrique@outlok.com,1,19,8,0,0,0,0,0.875,1.0,0.0,outlok.com,0,1
-alw5wemysfmxtlv@mailme.one,0,27,16,1,0,0,1,0.812,0.875,0.062,mailme.one,0,1
476208@randommail.xyz,0,21,6,1,0,0,0,1.0,0.0,1.0,randommail.xyz,0,1
gpires@uol.com.br,1,17,6,0,0,0,0,1.0,1.0,0.0,uol.com.br,1,0
beatriz87@gmail.com,1,19,9,1,0,0,0,1.0,0.778,0.222,gmail.com,1,0
mariana_oliveira.x@outlook.com,1,30,18,0,1,1,0,0.667,0.889,0.0,outlook.com,1,0
mailuser705@10minutemail.com,0,28,11,1,0,0,0,1.0,0.727,0.273,10minutemail.com,0,1
3940007673@mailinator.com,0,25,10,1,0,0,0,0.6,0.0,1.0,mailinator.com,0,1
aline-antunes@gmaill.com,0,24,13,0,0,0,1,0.692,0.923,0.0,gmaill.com,0,1
7475021445@mailtemp.org,0,23,10,1,0,0,0,0.6,0.0,1.0,mailtemp.org,0,1
nicolas34@hotmial.com,1,21,9,1,0,0,0,1.0,0.778,0.222,hotmial.com,0,1
lucas_martins@mailnow.org,1,25,13,0,0,1,0,0.846,0.923,0.0,mailnow.org,0,1
joao.martins@uol.com.br,1,23,12,0,1,0,0,0.833,0.917,0.0,uol.com.br,1,0
juliana30@gmail.co,1,18,9,1,0,0,0,0.889,0.778,0.222,gmail.co,0,1
rodrigo89@mailcatch.com,0,23,9,1,0,0,0,0.778,0.778,0.222,mailcatch.com,0,1
672939@yopmail.com,0,18,6,1,0,0,0,0.833,0.0,1.0,yopmail.com,0,1
62979872@mailtemp.org,0,21,8,1,0,0,0,0.625,0.0,1.0,mailtemp.org,0,1
46808988@mailinator.com,0,23,8,1,0,0,0,0.625,0.0,1.0,mailinator.com,0,1
example462@mailme.one,0,21,10,1,0,0,0,0.9,0.7,0.3,mailme.one,0,1
bw8p3ifzxsbc@tempmail.com,0,25,12,1,0,0,0,0.917,0.833,0.167,tempmail.com,0,1
user945@mailcatch.com,0,21,7,1,0,0,0,1.0,0.571,0.429,mailcatch.com,0,1
j0ek3ln@mailinator.com,0,22,7,1,0,0,0,1.0,0.714,0.286,mailinator.com,0,1
503755589901@mailcatch.com,0,26,12,1,0,0,0,0.583,0.0,1.0,mailcatch.com,0,1
laura39@gmx.com,1,15,7,1,0,0,0,0.857,0.714,0.286,gmx.com,0,1
4172467@yopmail.com,0,19,7,1,0,0,0,0.714,0.0,1.0,yopmail.com,0,1
023116608@mailinator.com,0,24,9,1,0,0,0,0.667,0.0,1.0,mailinator.com,0,1
abc792@yopmail.com,0,18,6,1,0,0,0,1.0,0.5,0.5,yopmail.com,0,1
giorgia_freitas@icloud.com,1,26,15,0,0,1,0,0.667,0.933,0.0,icloud.com,1,0
pedro@aol.com,1,13,5,0,0,0,0,1.0,1.0,0.0,aol.com,1,0
683994502949@mailinator.com,0,27,12,1,0,0,0,0.667,0.0,1.0,mailinator.com,0,1
juliana_souza@bol.com.br,1,24,13,0,0,1,0,0.769,0.923,0.0,bol.com.br,1,0
marcos_nascimento@live.com,1,26,17,0,0,1,0,0.647,0.941,0.0,live.com,1,0
moliveira@bol.com.br,1,20,9,0,0,0,0,0.889,1.0,0.0,bol.com.br,1,0
help9402@mailcatch.com,0,22,8,1,0,0,0,1.0,0.5,0.5,mailcatch.com,0,1
vitoria74@gmail.co,0,18,9,1,0,0,0,0.889,0.778,0.222,gmail.co,0,1
giorgia.martins@aol.com,1,23,15,0,1,0,0,0.667,0.933,0.0,aol.com,1,0
felipe@mailme.one,0,17,6,0,0,0,0,0.833,1.0,0.0,mailme.one,0,1
ku4nc0@trashmail.com,0,20,6,1,0,0,0,1.0,0.667,0.333,trashmail.com,0,1
nleite@bol.com.br,1,17,6,0,0,0,0,0.833,1.0,0.0,bol.com.br,1,0
q26te0p5rukc@trashmail.com,0,26,12,1,0,0,0,1.0,0.667,0.333,trashmail.com,0,1
mailuser587@mailtemp.org,0,24,11,1,0,0,0,1.0,0.727,0.273,mailtemp.org,0,1
caraujo@outlook.co,1,18,7,0,0,0,0,0.857,1.0,0.0,outlook.co,0,1
843491238@disposablemail.com,0,28,9,1,0,0,0,0.667,0.0,1.0,disposablemail.com,0,1
0869092579@guerrillamail.com,0,28,10,1,0,0,0,0.7,0.0,1.0,guerrillamail.com,0,1
test978@spammail.net,0,20,7,1,0,0,0,0.857,0.571,0.429,spammail.net,0,1
user498@mailinator.com,0,22,7,1,0,0,0,1.0,0.571,0.429,mailinator.com,0,1
fernando-barros@gmail.co,1,24,15,0,0,0,1,0.667,0.933,0.0,gmail.co,0,1
andre-carvalho@yahoo.com,1,24,14,0,0,0,1,0.786,0.929,0.0,yahoo.com,1,0
maria85@guerrillamail.com,0,25,7,1,0,0,0,0.857,0.714,0.286,guerrillamail.com,0,1
carlos_cunha@10minutemail.com,0,29,12,0,0,1,0,0.833,0.917,0.0,10minutemail.com,0,1
jborges@spammail.net,1,20,7,0,0,0,0,1.0,1.0,0.0,spammail.net,0,1
rafael.santos@protonmail.com,1,28,13,0,1,0,0,0.769,0.923,0.0,protonmail.com,1,0
mateus.borges@hotmail.com,1,25,13,0,1,0,0,0.846,0.923,0.0,hotmail.com,1,0
06207882@mailnow.org,0,20,8,1,0,0,0,0.625,0.0,1.0,mailnow.org,0,1
luana_martins@yahoo.com,1,23,13,0,0,1,0,0.769,0.923,0.0,yahoo.com,1,0
mariana-pires@gmail.co,1,22,13,0,0,0,1,0.692,0.923,0.0,gmail.co,0,1
714806922@disposablemail.com,0,28,9,1,0,0,0,0.889,0.0,1.0,disposablemail.com,0,1
aline@live.com,1,14,5,0,0,0,0,1.0,1.0,0.0,live.com,1,0
debora.dias@live.com,1,20,11,0,1,0,0,0.818,0.909,0.0,live.com,1,0
giorgia_mendes@mailme.one,0,25,14,0,0,1,0,0.786,0.929,0.0,mailme.one,0,1
salves@outlok.com,1,17,6,0,0,0,0,0.833,1.0,0.0,outlok.com,0,1
aline@uol.com.br,1,16,5,0,0,0,0,1.0,1.0,0.0,uol.com.br,1,0
851425@yopmail.com,0,18,6,1,0,0,0,0.833,0.0,1.0,yopmail.com,0,1
juliana.nascimento@yahoo.com,1,28,18,0,1,0,0,0.722,0.944,0.0,yahoo.com,1,0
laura-vieira@outlook.com,1,24,12,0,0,0,1,0.667,0.917,0.0,outlook.com,1,0
admin9989@spammail.net,0,22,9,1,0,0,0,0.778,0.556,0.444,spammail.net,0,1
debora-pereira@mailtemp.org,0,27,14,0,0,0,1,0.643,0.929,0.0,mailtemp.org,0,1
clara@gmail.com,1,15,5,0,0,0,0,0.8,1.0,0.0,gmail.com,1,0
user369@mailinator.com,0,22,7,1,0,0,0,1.0,0.571,0.429,mailinator.com,0,1
roberto59@gmx.com,1,17,9,1,0,0,0,0.778,0.778,0.222,gmx.com,0,1
acarvalho@live.com,1,18,9,0,0,0,0,0.778,1.0,0.0,live.com,1,0
help9140@10minutemail.com,0,25,8,1,0,0,0,1.0,0.5,0.5,10minutemail.com,0,1
aline67@randommail.xyz,0,22,7,1,0,0,0,1.0,0.714,0.286,randommail.xyz,0,1
carlos288@tempmail.co,0,21,9,1,0,0,0,0.889,0.667,0.333,tempmail.co,0,1
laura.mendes@tempmail.co,0,24,12,0,1,0,0,0.833,0.917,0.0,tempmail.co,0,1
6d2kg1t@10minutemail.com,0,24,7,1,0,0,0,1.0,0.571,0.429,10minutemail.com,0,1
srocha@live.com,1,15,6,0,0,0,0,1.0,1.0,0.0,live.com,1,0
felipe32@protonmail.com,1,23,8,1,0,0,0,0.875,0.75,0.25,protonmail.com,1,0
fernando152@protonmail.com,1,26,11,1,0,0,0,0.909,0.727,0.273,protonmail.com,1,0
eduardo.dias.jr@mailcatch.com,0,29,15,0,2,0,0,0.667,0.867,0.0,mailcatch.com,0,1
carlos563@yaho.com,1,18,9,1,0,0,0,1.0,0.667,0.333,yaho.com,0,1
ana-borges@guerrillamail.com,1,28,10,0,0,0,1,0.9,0.9,0.0,guerrillamail.com,0,1
antonio15@yaho.com,0,18,9,1,0,0,0,0.778,0.778,0.222,yaho.com,0,1
gustavo_araujo@disposablemail.com,0,33,14,0,0,1,0,0.714,0.929,0.0,disposablemail.com,0,1
beatriz15@trashmail.com,0,23,9,1,0,0,0,1.0,0.778,0.222,trashmail.com,0,1
3441956779@tempmail.co,0,22,10,1,0,0,0,0.7,0.0,1.0,tempmail.co,0,1
crocha@gmaill.com,0,17,6,0,0,0,0,0.833,1.0,0.0,gmaill.com,0,1
gabriel_cunha@outlook.com,1,25,13,0,0,1,0,0.923,0.923,0.0,outlook.com,1,0
paula.nascimento@live.com,1,25,16,0,1,0,0,0.812,0.938,0.0,live.com,1,0
marcos-dias@mailnow.org,0,23,11,0,0,0,1,0.818,0.909,0.0,mailnow.org,0,1
paulao63.jr@gmail.co,1,20,11,1,1,0,0,0.909,0.727,0.182,gmail.co,0,1
hmartins@outlook.co,1,19,8,0,0,0,0,1.0,1.0,0.0,outlook.co,0,1
andre-borges@trashmail.com,1,26,12,0,0,0,1,0.833,0.917,0.0,trashmail.com,0,1
nual3qjy3@trashmail.com,0,23,9,1,0,0,0,0.889,0.778,0.222,trashmail.com,0,1
clara_antunes@gmaill.com,1,24,13,0,0,1,0,0.769,0.923,0.0,gmaill.com,0,1
06364170661@randommail.xyz,0,26,11,1,0,0,0,0.545,0.0,1.0,randommail.xyz,0,1
eduardo.gomes@hotmial.com,0,25,13,0,1,0,0,0.769,0.923,0.0,hotmial.com,0,1
jwe46xaad0x@mailinator.com,0,26,11,1,0,0,0,0.818,0.727,0.273,mailinator.com,0,1
149044714985@fake-mail.net,0,26,12,1,0,0,0,0.583,0.0,1.0,fake-mail.net,0,1
aline_rodrigues@terra.com.br,1,28,15,0,0,1,0,0.8,0.933,0.0,terra.com.br,1,0
aborges@icloud.com,1,18,7,0,0,0,0,1.0,1.0,0.0,icloud.com,1,0
aantunes.jr@mailcatch.com,1,25,11,0,1,0,0,0.818,0.909,0.0,mailcatch.com,0,1
roberto.costa@gmx.com,1,21,13,0,1,0,0,0.692,0.923,0.0,gmx.com,0,1
marcos.pires@fake-mail.net,0,26,12,0,1,0,0,0.833,0.917,0.0,fake-mail.net,0,1
02200522@tempmail.co,0,20,8,1,0,0,0,0.375,0.0,1.0,tempmail.co,0,1
admin9928@fake-mail.net,0,23,9,1,0,0,0,0.889,0.556,0.444,fake-mail.net,0,1
251081116@spammail.net,0,22,9,1,0,0,0,0.667,0.0,1.0,spammail.net,0,1
8244632589@yopmail.com,0,22,10,1,0,0,0,0.7,0.0,1.0,yopmail.com,0,1
roberto.gomes@spammail.net,0,26,13,0,1,0,0,0.692,0.923,0.0,spammail.net,0,1
059641573734@10minutemail.com,0,29,12,1,0,0,0,0.667,0.0,1.0,10minutemail.com,0,1
eduardo@icloud.com,1,18,7,0,0,0,0,0.857,1.0,0.0,icloud.com,1,0
cmendes@yahoo.com,1,17,7,0,0,0,0,0.857,1.0,0.0,yahoo.com,1,0
lferreira@protonmail.com,1,24,9,0,0,0,0,0.667,1.0,0.0,protonmail.com,1,0
giorgia@gmaill.com,1,18,7,0,0,0,0,0.714,1.0,0.0,gmaill.com,0,1
gustavo.araujo@gmaill.com,0,25,14,0,1,0,0,0.714,0.929,0.0,gmaill.com,0,1
user698@10minutemail.com,0,24,7,1,0,0,0,1.0,0.571,0.429,10minutemail.com,0,1
rafael.rocha@yahoo.com,1,22,12,0,1,0,0,0.75,0.917,0.0,yahoo.com,1,0
lvieira@gmaill.com,1,18,7,0,0,0,0,0.857,1.0,0.0,gmaill.com,0,1
wxgp5lfkemr4@mailtemp.org,0,25,12,1,0,0,0,1.0,0.833,0.167,mailtemp.org,0,1
clara@outlook.co,1,16,5,0,0,0,0,0.8,1.0,0.0,outlook.co,0,1
fg8bucnj1o7i@disposablemail.com,0,31,12,1,0,0,0,1.0,0.75,0.25,disposablemail.com,0,1
pmoura@outlok.com,1,17,6,0,0,0,0,1.0,1.0,0.0,outlok.com,0,1
joao40@guerrillamail.com,0,24,6,1,0,0,0,0.833,0.667,0.333,guerrillamail.com,0,1
eth28imdgajbq@spammail.net,0,26,13,1,0,0,0,1.0,0.846,0.154,spammail.net,0,1
laura_dias.jr@icloud.com,1,24,13,0,1,1,0,0.769,0.846,0.0,icloud.com,1,0
lucas96@gmx.com,1,15,7,1,0,0,0,1.0,0.714,0.286,gmx.com,0,1
psouza@gmaill.com,1,17,6,0,0,0,0,1.0,1.0,0.0,gmaill.com,0,1
isabela17@terra.com.br,1,22,9,1,0,0,0,0.889,0.778,0.222,terra.com.br,1,0
rafael_moura@mailme.one,0,23,12,0,0,1,0,0.75,0.917,0.0,mailme.one,0,1
felipe-borges@hotmail.com,1,25,13,0,0,0,1,0.846,0.923,0.0,hotmail.com,1,0
clara.araujo@hotmial.com,0,24,12,0,1,0,0,0.667,0.917,0.0,hotmial.com,0,1
eduardo.costa@hotmail.com,1,25,13,0,1,0,0,0.769,0.923,0.0,hotmail.com,1,0
130240528424@fake-mail.net,0,26,12,1,0,0,0,0.583,0.0,1.0,fake-mail.net,0,1
lucas81@uol.com.br,1,18,7,1,0,0,0,1.0,0.714,0.286,uol.com.br,1,0
paula_lima@mailinator.com,0,25,10,0,0,1,0,0.7,0.9,0.0,mailinator.com,0,1
lucas@hotmial.com,1,17,5,0,0,0,0,1.0,1.0,0.0,hotmial.com,0,1
07kioaypyemnn@fake-mail.net,0,27,13,1,0,0,0,0.846,0.846,0.154,fake-mail.net,0,1
745272@guerrillamail.com,0,24,6,1,0,0,0,0.667,0.0,1.0,guerrillamail.com,0,1
laura@trashmail.com,1,19,5,0,0,0,0,0.8,1.0,0.0,trashmail.com,0,1
debora25@mailme.one,0,19,8,1,0,0,0,1.0,0.75,0.25,mailme.one,0,1
mmendes@uol.com.br,1,18,7,0,0,0,0,0.714,1.0,0.0,uol.com.br,1,0
beatriz-rodrigues@mailcatch.com,0,31,17,0,0,0,1,0.765,0.941,0.0,mailcatch.com,0,1
gsilva@gmx.com,0,14,6,0,0,0,0,1.0,1.0,0.0,gmx.com,0,1
mateus-carvalho@outlook.com,1,27,15,0,0,0,1,0.867,0.933,0.0,outlook.com,1,0
158212681@10minutemail.com,0,26,9,1,0,0,0,0.556,0.0,1.0,10minutemail.com,0,1
maria-araujo@protonmail.com,1,27,12,0,0,0,1,0.667,0.917,0.0,protonmail.com,1,0
0sejokilp4v@tempmail.co,0,23,11,1,0,0,0,1.0,0.818,0.182,tempmail.co,0,1
user576@mailnow.org,0,19,7,1,0,0,0,1.0,0.571,0.429,mailnow.org,0,1
8007373755@guerrillamail.com,0,28,10,1,0,0,0,0.5,0.0,1.0,guerrillamail.com,0,1
9996196952@yopmail.com,0,22,10,1,0,0,0,0.5,0.0,1.0,yopmail.com,0,1
gustavo_costa@tempmail.com,1,26,13,0,0,1,0,0.692,0.923,0.0,tempmail.com,0,1
carlos414@gmx.com,1,17,9,1,0,0,0,0.889,0.667,0.333,gmx.com,0,1
bleite@uol.com.br,1,17,6,0,0,0,0,0.833,1.0,0.0,uol.com.br,1,0
7475186195@tempmail.com,0,23,10,1,0,0,0,0.7,0.0,1.0,tempmail.com,0,1
contact7869@randommail.xyz,0,26,11,1,0,0,0,0.818,0.636,0.364,randommail.xyz,0,1
clara@mailme.one,0,16,5,0,0,0,0,0.8,1.0,0.0,mailme.one,0,1
sofia79@protonmail.com,1,22,7,1,0,0,0,1.0,0.714,0.286,protonmail.com,1,0
apires@hotmial.com,0,18,6,0,0,0,0,1.0,1.0,0.0,hotmial.com,0,1
help7848@guerrillamail.com,0,26,8,1,0,0,0,0.875,0.5,0.5,guerrillamail.com,0,1
06938943171@disposablemail.com,0,30,11,1,0,0,0,0.727,0.0,1.0,disposablemail.com,0,1
laura22@hotmail.com,1,19,7,1,0,0,0,0.714,0.714,0.286,hotmail.com,1,0
camila170@guerrillamail.com,0,27,9,1,0,0,0,0.889,0.667,0.333,guerrillamail.com,0,1
bruno.jr@gmaill.com,1,19,8,0,1,0,0,0.875,0.875,0.0,gmaill.com,0,1
fsilva@icloud.com,1,17,6,0,0,0,0,1.0,1.0,0.0,icloud.com,1,0
help5516@tempmail.co,0,20,8,1,0,0,0,0.875,0.5,0.5,tempmail.co,0,1
0424530543@mailtemp.org,0,23,10,1,0,0,0,0.5,0.0,1.0,mailtemp.org,0,1
support2688@fake-mail.net,0,25,11,1,0,0,0,0.818,0.636,0.364,fake-mail.net,0,1
felipe_cunha@gmail.co,1,21,12,0,0,1,0,0.917,0.917,0.0,gmail.co,0,1
mateus.leite.x@terra.com.br,1,27,14,0,2,0,0,0.714,0.857,0.0,terra.com.br,1,0
laura.borges@hotmial.com,1,24,12,0,1,0,0,0.833,0.917,0.0,hotmial.com,0,1
clara-antunes@hotmail.com,1,25,13,0,0,0,1,0.769,0.923,0.0,hotmail.com,1,0
felipe274@spammail.net,0,22,9,1,0,0,0,0.889,0.667,0.333,spammail.net,0,1
rodrigo.silva@10minutemail.com,0,30,13,0,1,0,0,0.769,0.923,0.0,10minutemail.com,0,1
246175@mailnow.org,0,18,6,1,0,0,0,1.0,0.0,1.0,mailnow.org,0,1
1228486041@yopmail.com,0,22,10,1,0,0,0,0.6,0.0,1.0,yopmail.com,0,1
vitoria_pires@uol.com.br,1,24,13,0,0,1,0,0.769,0.923,0.0,uol.com.br,1,0
lucas541@disposablemail.com,0,27,8,1,0,0,0,1.0,0.625,0.375,disposablemail.com,0,1
ealves@icloud.com,1,17,6,0,0,0,0,0.833,1.0,0.0,icloud.com,1,0
69196231@yopmail.com,0,20,8,1,0,0,0,0.625,0.0,1.0,yopmail.com,0,1
lborges@gmaill.com,1,18,7,0,0,0,0,1.0,1.0,0.0,gmaill.com,0,1
bruno-souza@gmx.com,1,19,11,0,0,0,1,0.818,0.909,0.0,gmx.com,0,1
ana.moura@outlook.com,1,21,9,0,1,0,0,0.778,0.889,0.0,outlook.com,1,0
737fentd7kfn8@randommail.xyz,0,28,13,1,0,0,0,0.692,0.615,0.385,randommail.xyz,0,1
antonio.costa@yahoo.com,1,23,13,0,1,0,0,0.615,0.923,0.0,yahoo.com,1,0
isabela_souza@bol.com.br,1,24,13,0,0,1,0,0.769,0.923,0.0,bol.com.br,1,0
3458890@guerrillamail.com,0,25,7,1,0,0,0,0.857,0.0,1.0,guerrillamail.com,0,1
mariana.silva@bol.com.br,1,24,13,0,1,0,0,0.692,0.923,0.0,bol.com.br,1,0
andre.antunes@uol.com.br,1,24,13,0,1,0,0,0.692,0.923,0.0,uol.com.br,1,0
carlos_antunes.jr@outlook.co,0,28,17,0,1,1,0,0.765,0.882,0.0,outlook.co,0,1
ncldy2eqe1oy@mailcatch.com,0,26,12,1,0,0,0,0.833,0.833,0.167,mailcatch.com,0,1
joao@terra.com.br,1,17,4,0,0,0,0,0.75,1.0,0.0,terra.com.br,1,0
mariana_moreira@gmail.com,1,25,15,0,0,1,0,0.533,0.933,0.0,gmail.com,1,0
help4908@disposablemail.com,0,27,8,1,0,0,0,1.0,0.5,0.5,disposablemail.com,0,1
paulao_souza@yaho.com,1,21,12,0,0,1,0,0.667,0.917,0.0,yaho.com,0,1
help9386@fake-mail.net,0,22,8,1,0,0,0,1.0,0.5,0.5,fake-mail.net,0,1
aline_lima@outlook.co,1,21,10,0,0,1,0,0.7,0.9,0.0,outlook.co,0,1
mateus490@gmx.com,1,17,9,1,0,0,0,1.0,0.667,0.333,gmx.com,0,1
02569896224@tempmail.com,0,24,11,1,0,0,0,0.636,0.0,1.0,tempmail.com,0,1
joao@10minutemail.com,0,21,4,0,0,0,0,0.75,1.0,0.0,10minutemail.com,0,1
8-picw2e2t5jt@trashmail.com,0,27,13,1,0,0,1,0.846,0.615,0.308,trashmail.com,0,1
aline35@gmaill.com,0,18,7,1,0,0,0,1.0,0.714,0.286,gmaill.com,0,1
8366750@mailnow.org,0,19,7,1,0,0,0,0.857,0.0,1.0,mailnow.org,0,1
gabriel-vieira@live.com,1,23,14,0,0,0,1,0.643,0.929,0.0,live.com,1,0
marcos_assis@protonmail.com,1,27,12,0,0,1,0,0.667,0.917,0.0,protonmail.com,1,0
carlos@outlook.co,1,17,6,0,0,0,0,1.0,1.0,0.0,outlook.co,0,1
d5bal_5j@guerrillamail.com,0,26,8,1,0,1,0,0.875,0.625,0.25,guerrillamail.com,0,1
help1635@mailinator.com,0,23,8,1,0,0,0,1.0,0.5,0.5,mailinator.com,0,1
camila_freitas@gmail.com,1,24,14,0,0,1,0,0.786,0.929,0.0,gmail.com,1,0
example807@trashmail.com,0,24,10,1,0,0,0,0.9,0.7,0.3,trashmail.com,0,1
gustavo321@fake-mail.net,0,24,10,1,0,0,0,1.0,0.7,0.3,fake-mail.net,0,1
89617301893@10minutemail.com,0,28,11,1,0,0,0,0.636,0.0,1.0,10minutemail.com,0,1
procha@fake-mail.net,0,20,6,0,0,0,0,1.0,1.0,0.0,fake-mail.net,0,1
fernando.moura@mailnow.org,0,26,14,0,1,0,0,0.714,0.929,0.0,mailnow.org,0,1
laura.freitas@outlook.co,1,24,13,0,1,0,0,0.769,0.923,0.0,outlook.co,0,1
clara-costa@hotmail.com,1,23,11,0,0,0,1,0.727,0.909,0.0,hotmail.com,1,0
bruno84@mailme.one,0,18,7,1,0,0,0,1.0,0.714,0.286,mailme.one,0,1
tyyxz90vq@mailnow.org,0,21,9,1,0,0,0,0.889,0.778,0.222,mailnow.org,0,1
camila35.x@outlook.com,1,22,10,1,1,0,0,0.9,0.7,0.2,outlook.com,1,0
abc928@disposablemail.com,0,25,6,1,0,0,0,1.0,0.5,0.5,disposablemail.com,0,1
isabela3@gmx.com,0,16,8,1,0,0,0,0.875,0.875,0.125,gmx.com,0,1
vitoria.alves@mailtemp.org,0,26,13,0,1,0,0,0.769,0.923,0.0,mailtemp.org,0,1
ricardo98.x@outlook.com,1,23,11,1,1,0,0,0.909,0.727,0.182,outlook.com,1,0
juliana@yaho.com,1,16,7,0,0,0,0,0.857,1.0,0.0,yaho.com,0,1
pedro9@live.com,1,15,6,1,0,0,0,1.0,0.833,0.167,live.com,1,0
test287@10minutemail.com,0,24,7,1,0,0,0,0.857,0.571,0.429,10minutemail.com,0,1
bruno_assis@hotmial.com,1,23,11,0,0,1,0,0.818,0.909,0.0,hotmial.com,0,1
abc127@spammail.net,0,19,6,1,0,0,0,1.0,0.5,0.5,spammail.net,0,1
pedro.gomes.jr@randommail.xyz,0,29,14,0,2,0,0,0.714,0.857,0.0,randommail.xyz,0,1
camila85@hotmail.com,1,20,8,1,0,0,0,0.875,0.75,0.25,hotmail.com,1,0
qqavaqdmfz@disposablemail.com,0,29,10,0,0,0,0,0.7,1.0,0.0,disposablemail.com,0,1
856425@trashmail.com,0,20,6,1,0,0,0,0.833,0.0,1.0,trashmail.com,0,1
clara-gomes@gmail.com,1,21,11,0,0,0,1,0.909,0.909,0.0,gmail.com,1,0
beatriz@gmaill.com,1,18,7,0,0,0,0,1.0,1.0,0.0,gmaill.com,0,1
rbarros@mailme.one,0,18,7,0,0,0,0,0.714,1.0,0.0,mailme.one,0,1
service1056@mailcatch.com,0,25,11,1,0,0,0,0.909,0.636,0.364,mailcatch.com,0,1
support6024@tempmail.co,0,23,11,1,0,0,0,0.909,0.636,0.364,tempmail.co,0,1
vitoria.mendes@tempmail.co,0,26,14,0,1,0,0,0.857,0.929,0.0,tempmail.co,0,1
henrique-moreira@gmx.com,1,24,16,0,0,0,1,0.688,0.938,0.0,gmx.com,0,1
eduardo380@hotmail.com,1,22,10,1,0,0,0,0.9,0.7,0.3,hotmail.com,1,0
tborges@yopmail.com,0,19,7,0,0,0,0,1.0,1.0,0.0,yopmail.com,0,1
eduardo_nascimento@outlook.com,1,30,18,0,0,1,0,0.722,0.944,0.0,outlook.com,1,0
test442@mailnow.org,0,19,7,1,0,0,0,0.714,0.571,0.429,mailnow.org,0,1
admin5817@10minutemail.com,0,26,9,1,0,0,0,1.0,0.556,0.444,10minutemail.com,0,1
ricardo18@terra.com.br,1,22,9,1,0,0,0,0.889,0.778,0.222,terra.com.br,1,0
bruno602@protonmail.com,1,23,8,1,0,0,0,1.0,0.625,0.375,protonmail.com,1,0
ana-cunha.x@tempmail.co,1,23,11,0,1,0,1,0.727,0.818,0.0,tempmail.co,0,1
camila340@gmx.com,1,17,9,1,0,0,0,0.889,0.667,0.333,gmx.com,0,1
ricardo698@outlok.com,1,21,10,1,0,0,0,0.9,0.7,0.3,outlok.com,0,1
admin3807@mailme.one,0,20,9,1,0,0,0,1.0,0.556,0.444,mailme.one,0,1
mailuser453@yopmail.com,0,23,11,1,0,0,0,1.0,0.727,0.273,yopmail.com,0,1
lucas_rodrigues@live.com,1,24,15,0,0,1,0,0.8,0.933,0.0,live.com,1,0
juliana.vieira@icloud.com,1,25,14,0,1,0,0,0.714,0.929,0.0,icloud.com,1,0
bruno@gmx.com,0,13,5,0,0,0,0,1.0,1.0,0.0,gmx.com,0,1
support409@disposablemail.com,0,29,10,1,0,0,0,0.9,0.7,0.3,disposablemail.com,0,1
gustavo543@mailinator.com,0,25,10,1,0,0,0,1.0,0.7,0.3,mailinator.com,0,1
isabela_nascimento@yahoo.com,1,28,18,0,0,1,0,0.667,0.944,0.0,yahoo.com,1,0
antonio.souza@yopmail.com,1,25,13,0,1,0,0,0.692,0.923,0.0,yopmail.com,0,1
maria179@outlok.com,1,19,8,1,0,0,0,0.875,0.625,0.375,outlok.com,0,1
mateus@live.com,1,15,6,0,0,0,0,1.0,1.0,0.0,live.com,1,0
fantunes@yahoo.com,1,18,8,0,0,0,0,0.875,1.0,0.0,yahoo.com,1,0
335489@tempmail.com,0,19,6,1,0,0,0,0.833,0.0,1.0,tempmail.com,0,1
luana@live.com,1,14,5,0,0,0,0,0.8,1.0,0.0,live.com,1,0
aline@gmaill.com,1,16,5,0,0,0,0,1.0,1.0,0.0,gmaill.com,0,1
service3513@tempmail.co,0,23,11,1,0,0,0,0.818,0.636,0.364,tempmail.co,0,1
sofia_leite@disposablemail.com,0,30,11,0,0,1,0,0.818,0.909,0.0,disposablemail.com,0,1
65d2h5lo@tempmail.com,0,21,8,1,0,0,0,0.875,0.5,0.5,tempmail.com,0,1
rodrigo36@trashmail.com,0,23,9,1,0,0,0,0.778,0.778,0.222,trashmail.com,0,1
apires@aol.com,1,14,6,0,0,0,0,1.0,1.0,0.0,aol.com,1,0
felipe23@aol.com,1,16,8,1,0,0,0,0.875,0.75,0.25,aol.com,1,0
ricardo_oliveira.x@yahoo.com,1,28,18,0,1,1,0,0.667,0.889,0.0,yahoo.com,1,0
beatriz48@randommail.xyz,0,24,9,1,0,0,0,1.0,0.778,0.222,randommail.xyz,0,1
nb6g3qyxpybnrk@mailnow.org,0,26,14,1,0,0,0,0.786,0.857,0.143,mailnow.org,0,1
43039841177@mailinator.com,0,26,11,1,0,0,0,0.636,0.0,1.0,mailinator.com,0,1
debora_vieira@mailme.one,0,24,13,0,0,1,0,0.692,0.923,0.0,mailme.one,0,1
lbarros@outlook.com,1,19,7,0,0,0,0,0.857,1.0,0.0,outlook.com,1,0
bruno_ribeiro.jr@outlok.com,1,27,16,0,1,1,0,0.625,0.875,0.0,outlok.com,0,1
273297261657@disposablemail.com,0,31,12,1,0,0,0,0.583,0.0,1.0,disposablemail.com,0,1
mariana-carvalho@gmail.com,1,26,16,0,0,0,1,0.688,0.938,0.0,gmail.com,1,0
bruno_nascimento@mailnow.org,0,28,16,0,0,1,0,0.812,0.938,0.0,mailnow.org,0,1
beatriz_vieira.x@protonmail.com,1,31,16,0,1,1,0,0.688,0.875,0.0,protonmail.com,1,0
66114351713@trashmail.com,0,25,11,1,0,0,0,0.545,0.0,1.0,trashmail.com,0,1
266946267@trashmail.com,0,23,9,1,0,0,0,0.556,0.0,1.0,trashmail.com,0,1
aline-pires@yaho.com,1,20,11,0,0,0,1,0.818,0.909,0.0,yaho.com,0,1
lucas@uol.com.br,1,16,5,0,0,0,0,1.0,1.0,0.0,uol.com.br,1,0
zdf2ougv9mlylp@yopmail.com,0,26,14,1,0,0,0,0.929,0.857,0.143,yopmail.com,0,1
maria-ferreira.x@hotmial.com,0,28,16,0,1,0,1,0.562,0.875,0.0,hotmial.com,0,1
flgnftc46eljc@fake-mail.net,0,27,13,1,0,0,0,0.769,0.846,0.154,fake-mail.net,0,1
andre@aol.com,1,13,5,0,0,0,0,1.0,1.0,0.0,aol.com,1,0
andre.rocha.jr@outlook.co,1,25,14,0,2,0,0,0.714,0.857,0.0,outlook.co,0,1
debora-assis@spammail.net,1,25,12,0,0,0,1,0.75,0.917,0.0,spammail.net,0,1
rodrigo.antunes@outlook.co,0,26,15,0,1,0,0,0.8,0.933,0.0,outlook.co,0,1
marcos-pires@gmaill.com,0,23,12,0,0,0,1,0.833,0.917,0.0,gmaill.com,0,1
hwy6-vq59x_kol@tempmail.co,0,26,14,1,0,1,1,1.0,0.643,0.214,tempmail.co,0,1
pedro.moreira@live.com,1,22,13,0,1,0,0,0.692,0.923,0.0,live.com,1,0
aline.moura@uol.com.br,1,22,11,0,1,0,0,0.909,0.909,0.0,uol.com.br,1,0
33308007456@mailinator.com,0,26,11,1,0,0,0,0.636,0.0,1.0,mailinator.com,0,1
felipe-moreira@mailnow.org,0,26,14,0,0,0,1,0.714,0.929,0.0,mailnow.org,0,1
6pu.gzcq_pa497@mailcatch.com,0,28,14,1,1,1,0,0.929,0.571,0.286,mailcatch.com,0,1
marcos_pereira@mailtemp.org,1,27,14,0,0,1,0,0.714,0.929,0.0,mailtemp.org,0,1
4xvjzti8l@guerrillamail.com,0,27,9,1,0,0,0,1.0,0.778,0.222,guerrillamail.com,0,1
vitoria96@outlook.co,1,20,9,1,0,0,0,0.889,0.778,0.222,outlook.co,0,1
gleite@bol.com.br,1,17,6,0,0,0,0,0.833,1.0,0.0,bol.com.br,1,0
aoliveira@yaho.com,1,18,9,0,0,0,0,0.778,1.0,0.0,yaho.com,0,1
luana.antunes@gmail.com,1,23,13,0,1,0,0,0.615,0.923,0.0,gmail.com,1,0
arodrigues@hotmial.com,1,22,10,0,0,0,0,0.9,1.0,0.0,hotmial.com,0,1
admin6518@mailcatch.com,0,23,9,1,0,0,0,1.0,0.556,0.444,mailcatch.com,0,1
aline.araujo@terra.com.br,1,25,12,0,1,0,0,0.833,0.917,0.0,terra.com.br,1,0
fbarros@guerrillamail.com,0,25,7,0,0,0,0,0.857,1.0,0.0,guerrillamail.com,0,1
contact3608@yopmail.com,0,23,11,1,0,0,0,0.818,0.636,0.364,yopmail.com,0,1
camila@disposablemail.com,0,25,6,0,0,0,0,0.833,1.0,0.0,disposablemail.com,0,1
henrique@spammail.net,0,21,8,0,0,0,0,0.875,1.0,0.0,spammail.net,0,1
user250@10minutemail.com,0,24,7,1,0,0,0,1.0,0.571,0.429,10minutemail.com,0,1
sofia.gomes@outlok.com,1,22,11,0,1,0,0,0.818,0.909,0.0,outlok.com,0,1
rafael_cunha@outlook.com,1,24,12,0,0,1,0,0.833,0.917,0.0,outlook.com,1,0
jassis.jr@hotmial.com,1,21,9,0,1,0,0,0.667,0.889,0.0,hotmial.com,0,1
6384577@mailinator.com,0,22,7,1,0,0,0,0.857,0.0,1.0,mailinator.com,0,1
sandra-pires@outlok.com,1,23,12,0,0,0,1,0.75,0.917,0.0,outlok.com,0,1
joao58@uol.com.br,1,17,6,1,0,0,0,0.833,0.667,0.333,uol.com.br,1,0
gustavo_carvalho@guerrillamail.com,0,34,16,0,0,1,0,0.75,0.938,0.0,guerrillamail.com,0,1
andre@tempmail.com,0,18,5,0,0,0,0,1.0,1.0,0.0,tempmail.com,0,1
91012@fake-mail.net,0,19,5,1,0,0,0,0.8,0.0,1.0,fake-mail.net,0,1
lucas_cunha@tempmail.co,0,23,11,0,0,1,0,0.727,0.909,0.0,tempmail.co,0,1
bruno.vieira@outlook.co,1,23,12,0,1,0,0,0.833,0.917,0.0,outlook.co,0,1
gabriel674@hotmail.com,1,22,10,1,0,0,0,1.0,0.7,0.3,hotmail.com,1,0
8549323791@mailinator.com,0,25,10,1,0,0,0,0.8,0.0,1.0,mailinator.com,0,1
15073047842@mailinator.com,0,26,11,1,0,0,0,0.727,0.0,1.0,mailinator.com,0,1
marcos9@bol.com.br,1,18,7,1,0,0,0,1.0,0.857,0.143,bol.com.br,1,0
contact7646@mailme.one,0,22,11,1,0,0,0,0.727,0.636,0.364,mailme.one,0,1
fmendes@icloud.com,1,18,7,0,0,0,0,0.857,1.0,0.0,icloud.com,1,0
rmoreira@uol.com.br,1,19,8,0,0,0,0,0.75,1.0,0.0,uol.com.br,1,0
contact551@randommail.xyz,0,25,10,1,0,0,0,0.7,0.7,0.3,randommail.xyz,0,1
andre@hotmial.com,1,17,5,0,0,0,0,1.0,1.0,0.0,hotmial.com,0,1
admin8993@tempmail.com,0,22,9,1,0,0,0,0.889,0.556,0.444,tempmail.com,0,1
felipe-pereira@bol.com.br,1,25,14,0,0,0,1,0.571,0.929,0.0,bol.com.br,1,0
beatriz.freitas@yahoo.com,1,25,15,0,1,0,0,0.667,0.933,0.0,yahoo.com,1,0
pedro-rodrigues@yahoo.com,1,25,15,0,0,0,1,0.667,0.933,0.0,yahoo.com,1,0
roberto36@bol.com.br,1,20,9,1,0,0,0,0.778,0.778,0.222,bol.com.br,1,0
user604@tempmail.com,0,20,7,1,0,0,0,1.0,0.571,0.429,tempmail.com,0,1
527577732@mailinator.com,0,24,9,1,0,0,0,0.444,0.0,1.0,mailinator.com,0,1
lpo6gf9xxwnk@randommail.xyz,0,27,12,1,0,0,0,0.917,0.833,0.167,randommail.xyz,0,1
beatriz.moreira@outlook.com,1,27,15,0,1,0,0,0.667,0.933,0.0,outlook.com,1,0
sandra-rocha@yahoo.com,1,22,12,0,0,0,1,0.75,0.917,0.0,yahoo.com,1,0
fernando53@icloud.com,1,21,10,1,0,0,0,0.9,0.8,0.2,icloud.com,1,0
debora.x@uol.com.br,1,19,8,0,1,0,0,1.0,0.875,0.0,uol.com.br,1,0
henrique_freitas@yaho.com,0,25,16,0,0,1,0,0.75,0.938,0.0,yaho.com,0,1
example100@mailtemp.org,0,23,10,1,0,0,0,0.8,0.7,0.3,mailtemp.org,0,1
aline353@outlook.com,1,20,8,1,0,0,0,0.875,0.625,0.375,outlook.com,1,0
abarros@guerrillamail.com,0,25,7,0,0,0,0,0.714,1.0,0.0,guerrillamail.com,0,1
mcosta@outlok.com,0,17,6,0,0,0,0,1.0,1.0,0.0,outlok.com,0,1
luana520@hotmail.com,1,20,8,1,0,0,0,0.875,0.625,0.375,hotmail.com,1,0
ztblbhk10io@yopmail.com,0,23,11,1,0,0,0,0.909,0.818,0.182,yopmail.com,0,1
